-- MariaDB dump 10.19  Distrib 10.11.4-MariaDB, for Linux (x86_64)
--
-- Host: localhost    Database: web_2022
-- ------------------------------------------------------
-- Server version	10.11.4-MariaDB

/*!40101 SET @OLD_CHARACTER_SET_CLIENT=@@CHARACTER_SET_CLIENT */;
/*!40101 SET @OLD_CHARACTER_SET_RESULTS=@@CHARACTER_SET_RESULTS */;
/*!40101 SET @OLD_COLLATION_CONNECTION=@@COLLATION_CONNECTION */;
/*!40101 SET NAMES utf8mb4 */;
/*!40103 SET @OLD_TIME_ZONE=@@TIME_ZONE */;
/*!40103 SET TIME_ZONE='+00:00' */;
/*!40014 SET @OLD_UNIQUE_CHECKS=@@UNIQUE_CHECKS, UNIQUE_CHECKS=0 */;
/*!40014 SET @OLD_FOREIGN_KEY_CHECKS=@@FOREIGN_KEY_CHECKS, FOREIGN_KEY_CHECKS=0 */;
/*!40101 SET @OLD_SQL_MODE=@@SQL_MODE, SQL_MODE='NO_AUTO_VALUE_ON_ZERO' */;
/*!40111 SET @OLD_SQL_NOTES=@@SQL_NOTES, SQL_NOTES=0 */;

--
-- Table structure for table `admins`
--

DROP TABLE IF EXISTS `admins`;
/*!40101 SET @saved_cs_client     = @@character_set_client */;
/*!40101 SET character_set_client = utf8 */;
CREATE TABLE `admins` (
  `id` tinyint(3) unsigned NOT NULL AUTO_INCREMENT,
  `username` varchar(25) NOT NULL,
  `passwd` varchar(25) NOT NULL,
  `email` varchar(40) NOT NULL,
  `users_id` int(10) unsigned NOT NULL,
  PRIMARY KEY (`id`),
  UNIQUE KEY `email` (`email`),
  KEY `user_for_admin` (`users_id`),
  CONSTRAINT `user_for_admin` FOREIGN KEY (`users_id`) REFERENCES `users` (`id`) ON UPDATE CASCADE
) ENGINE=InnoDB DEFAULT CHARSET=utf8mb4 COLLATE=utf8mb4_general_ci;
/*!40101 SET character_set_client = @saved_cs_client */;

--
-- Dumping data for table `admins`
--

LOCK TABLES `admins` WRITE;
/*!40000 ALTER TABLE `admins` DISABLE KEYS */;
/*!40000 ALTER TABLE `admins` ENABLE KEYS */;
UNLOCK TABLES;

--
-- Table structure for table `categories`
--

DROP TABLE IF EXISTS `categories`;
/*!40101 SET @saved_cs_client     = @@character_set_client */;
/*!40101 SET character_set_client = utf8 */;
CREATE TABLE `categories` (
  `id` tinyint(3) unsigned NOT NULL AUTO_INCREMENT,
  `name` varchar(80) DEFAULT NULL,
  PRIMARY KEY (`id`)
) ENGINE=InnoDB AUTO_INCREMENT=9 DEFAULT CHARSET=utf8mb4 COLLATE=utf8mb4_general_ci;
/*!40101 SET character_set_client = @saved_cs_client */;

--
-- Dumping data for table `categories`
--

LOCK TABLES `categories` WRITE;
/*!40000 ALTER TABLE `categories` DISABLE KEYS */;
INSERT INTO `categories` VALUES
(1,'Βρεφικά Είδη'),
(2,'Καθαριότητα'),
(3,'Ποτά - Αναψυκτικά'),
(4,'Προσωπική φροντίδα'),
(5,'Τρόφιμα'),
(6,'Αντισηπτικά'),
(7,'Προστασία Υγείας'),
(8,'Για κατοικίδια');
/*!40000 ALTER TABLE `categories` ENABLE KEYS */;
UNLOCK TABLES;

--
-- Table structure for table `dislikes`
--

DROP TABLE IF EXISTS `dislikes`;
/*!40101 SET @saved_cs_client     = @@character_set_client */;
/*!40101 SET character_set_client = utf8 */;
CREATE TABLE `dislikes` (
  `id` int(10) unsigned NOT NULL AUTO_INCREMENT,
  `sales_id` int(10) unsigned NOT NULL,
  `user_disliked` int(10) unsigned DEFAULT NULL,
  PRIMARY KEY (`id`),
  KEY `sales_id_for_dislike` (`sales_id`),
  KEY `dislike_by` (`user_disliked`),
  CONSTRAINT `dislike_by` FOREIGN KEY (`user_disliked`) REFERENCES `users` (`id`) ON DELETE SET NULL ON UPDATE CASCADE,
  CONSTRAINT `sales_id_for_dislike` FOREIGN KEY (`sales_id`) REFERENCES `sales` (`id`) ON DELETE CASCADE ON UPDATE CASCADE
) ENGINE=InnoDB AUTO_INCREMENT=3061 DEFAULT CHARSET=utf8mb4 COLLATE=utf8mb4_general_ci;
/*!40101 SET character_set_client = @saved_cs_client */;

--
-- Dumping data for table `dislikes`
--

LOCK TABLES `dislikes` WRITE;
/*!40000 ALTER TABLE `dislikes` DISABLE KEYS */;
INSERT INTO `dislikes` VALUES
(1,1,3),
(2,1,43),
(3,1,15),
(4,2,37),
(5,2,27),
(6,3,37),
(7,3,43),
(8,3,3),
(9,4,38),
(10,5,47),
(11,5,12),
(12,5,24),
(13,5,15),
(14,5,4),
(15,5,12),
(16,5,4),
(17,5,18),
(18,5,36),
(19,6,46),
(20,6,31),
(21,6,33),
(22,6,47),
(23,7,21),
(24,7,26),
(25,7,36),
(26,7,37),
(27,7,47),
(28,7,5),
(29,8,49),
(30,10,13),
(31,10,7),
(32,10,11),
(33,10,30),
(34,10,24),
(35,10,18),
(36,10,41),
(37,10,5),
(38,11,18),
(39,11,13),
(40,11,11),
(41,11,43),
(42,12,8),
(43,12,26),
(44,13,15),
(45,13,11),
(46,13,8),
(47,13,35),
(48,13,25),
(49,13,9),
(50,14,14),
(51,15,38),
(52,15,28),
(53,15,34),
(54,15,28),
(55,15,24),
(56,15,21),
(57,15,49),
(58,15,18),
(59,16,34),
(60,16,22),
(61,16,34),
(62,17,32),
(63,17,43),
(64,17,22),
(65,18,19),
(66,18,17),
(67,19,7),
(68,19,15),
(69,19,14),
(70,19,45),
(71,20,1),
(72,20,1),
(73,20,16),
(74,20,45),
(75,21,10),
(76,21,21),
(77,21,16),
(78,22,43),
(79,23,14),
(80,23,20),
(81,23,11),
(82,23,22),
(83,23,22),
(84,23,33),
(85,23,14),
(86,23,41),
(87,24,16),
(88,24,48),
(89,24,6),
(90,24,41),
(91,24,38),
(92,24,39),
(93,25,44),
(94,25,16),
(95,25,17),
(96,25,16),
(97,25,38),
(98,25,29),
(99,25,20),
(100,25,46),
(101,26,32),
(102,26,22),
(103,27,19),
(104,28,12),
(105,28,6),
(106,28,10),
(107,28,28),
(108,28,45),
(109,28,29),
(110,28,14),
(111,28,28),
(112,28,43),
(113,29,11),
(114,29,12),
(115,29,2),
(116,29,10),
(117,29,24),
(118,29,3),
(119,29,8),
(120,29,13),
(121,29,5),
(122,29,22),
(123,30,15),
(124,30,23),
(125,30,8),
(126,30,46),
(127,31,22),
(128,31,31),
(129,31,49),
(130,31,43),
(131,31,20),
(132,32,38),
(133,32,4),
(134,32,44),
(135,32,31),
(136,33,6),
(137,33,5),
(138,33,18),
(139,33,8),
(140,33,35),
(141,34,18),
(142,34,20),
(143,34,46),
(144,34,13),
(145,34,34),
(146,34,41),
(147,34,49),
(148,34,27),
(149,35,10),
(150,35,5),
(151,35,3),
(152,35,16),
(153,35,22),
(154,35,43),
(155,35,14),
(156,35,15),
(157,36,28),
(158,36,48),
(159,36,14),
(160,36,17),
(161,36,38),
(162,36,47),
(163,38,27),
(164,38,41),
(165,38,28),
(166,39,41),
(167,39,31),
(168,39,10),
(169,39,18),
(170,40,36),
(171,40,6),
(172,40,23),
(173,40,28),
(174,41,33),
(175,41,16),
(176,41,18),
(177,41,27),
(178,41,36),
(179,41,1),
(180,41,32),
(181,41,18),
(182,42,27),
(183,42,24),
(184,42,43),
(185,42,4),
(186,42,38),
(187,42,6),
(188,42,30),
(189,42,25),
(190,43,22),
(191,43,34),
(192,43,34),
(193,43,16),
(194,43,40),
(195,43,37),
(196,44,16),
(197,44,40),
(198,44,42),
(199,44,5),
(200,44,47),
(201,44,14),
(202,44,35),
(203,44,41),
(204,45,34),
(205,45,27),
(206,45,5),
(207,45,39),
(208,45,20),
(209,45,49),
(210,46,20),
(211,46,29),
(212,46,17),
(213,46,27),
(214,46,45),
(215,46,29),
(216,46,10),
(217,46,42),
(218,47,4),
(219,47,7),
(220,47,28),
(221,47,45),
(222,47,42),
(223,48,39),
(224,48,18),
(225,48,10),
(226,49,7),
(227,49,37),
(228,49,1),
(229,49,11),
(230,49,30),
(231,49,42),
(232,49,39),
(233,50,39),
(234,50,29),
(235,50,11),
(236,50,5),
(237,50,26),
(238,51,25),
(239,51,8),
(240,51,36),
(241,51,31),
(242,51,42),
(243,51,27),
(244,51,36),
(245,52,19),
(246,52,4),
(247,52,8),
(248,52,46),
(249,52,2),
(250,52,32),
(251,54,34),
(252,54,10),
(253,54,20),
(254,55,25),
(255,55,46),
(256,55,48),
(257,55,36),
(258,55,44),
(259,56,12),
(260,56,18),
(261,56,41),
(262,58,22),
(263,58,12),
(264,58,18),
(265,58,20),
(266,58,46),
(267,58,10),
(268,59,27),
(269,59,20),
(270,60,41),
(271,60,49),
(272,60,31),
(273,60,34),
(274,60,32),
(275,60,29),
(276,60,6),
(277,60,4),
(278,60,33),
(279,61,1),
(280,61,23),
(281,61,48),
(282,61,39),
(283,61,36),
(284,61,49),
(285,61,32),
(286,61,43),
(287,61,23),
(288,62,26),
(289,62,38),
(290,62,28),
(291,62,35),
(292,62,33),
(293,62,1),
(294,63,10),
(295,63,35),
(296,63,29),
(297,63,32),
(298,63,44),
(299,63,15),
(300,63,15),
(301,63,35),
(302,64,42),
(303,64,10),
(304,64,1),
(305,64,36),
(306,65,41),
(307,65,22),
(308,65,47),
(309,66,49),
(310,66,7),
(311,66,29),
(312,66,43),
(313,66,30),
(314,66,6),
(315,66,20),
(316,66,35),
(317,67,18),
(318,67,1),
(319,67,45),
(320,67,25),
(321,67,7),
(322,67,44),
(323,68,16),
(324,68,17),
(325,68,49),
(326,68,20),
(327,68,9),
(328,68,19),
(329,69,19),
(330,69,4),
(331,69,26),
(332,69,18),
(333,69,19),
(334,69,11),
(335,69,24),
(336,69,40),
(337,69,39),
(338,70,36),
(339,70,37),
(340,71,3),
(341,71,14),
(342,71,38),
(343,71,29),
(344,71,29),
(345,72,6),
(346,72,2),
(347,73,30),
(348,73,12),
(349,74,18),
(350,74,2),
(351,74,15),
(352,74,3),
(353,74,3),
(354,74,12),
(355,75,39),
(356,75,41),
(357,75,7),
(358,75,41),
(359,75,7),
(360,75,19),
(361,75,34),
(362,75,42),
(363,75,23),
(364,76,6),
(365,76,42),
(366,76,36),
(367,76,27),
(368,76,38),
(369,76,21),
(370,76,19),
(371,77,13),
(372,77,28),
(373,77,23),
(374,77,11),
(375,77,49),
(376,77,43),
(377,78,34),
(378,78,12),
(379,79,3),
(380,79,29),
(381,79,14),
(382,79,33),
(383,79,26),
(384,80,23),
(385,80,28),
(386,80,17),
(387,80,39),
(388,80,46),
(389,80,6),
(390,81,17),
(391,81,35),
(392,81,4),
(393,81,11),
(394,82,10),
(395,82,2),
(396,82,33),
(397,82,13),
(398,82,43),
(399,83,43),
(400,83,7),
(401,83,48),
(402,83,32),
(403,83,38),
(404,83,7),
(405,83,3),
(406,83,13),
(407,84,46),
(408,84,12),
(409,84,40),
(410,84,7),
(411,84,1),
(412,84,21),
(413,84,43),
(414,85,44),
(415,85,6),
(416,85,7),
(417,85,28),
(418,85,9),
(419,86,4),
(420,86,46),
(421,86,24),
(422,86,22),
(423,87,46),
(424,87,1),
(425,88,29),
(426,88,29),
(427,88,44),
(428,88,37),
(429,89,38),
(430,89,43),
(431,89,42),
(432,89,24),
(433,89,35),
(434,90,9),
(435,90,10),
(436,90,40),
(437,90,36),
(438,90,19),
(439,90,43),
(440,90,44),
(441,90,35),
(442,90,3),
(443,91,4),
(444,91,49),
(445,91,35),
(446,91,31),
(447,91,26),
(448,91,14),
(449,91,10),
(450,92,31),
(451,92,21),
(452,92,6),
(453,92,35),
(454,92,41),
(455,93,4),
(456,93,2),
(457,94,10),
(458,94,31),
(459,94,12),
(460,94,13),
(461,94,23),
(462,95,26),
(463,95,47),
(464,95,12),
(465,95,38),
(466,95,34),
(467,95,45),
(468,95,42),
(469,96,40),
(470,97,29),
(471,97,18),
(472,98,14),
(473,98,40),
(474,98,47),
(475,98,25),
(476,98,2),
(477,98,26),
(478,98,8),
(479,98,6),
(480,98,36),
(481,98,12),
(482,99,26),
(483,99,34),
(484,99,28),
(485,99,38),
(486,99,18),
(487,100,45),
(488,100,28),
(489,100,36),
(490,100,15),
(491,100,7),
(492,100,32),
(493,100,32),
(494,100,39),
(495,101,42),
(496,102,37),
(497,102,8),
(498,102,48),
(499,103,9),
(500,103,6),
(501,103,23),
(502,103,37),
(503,103,31),
(504,103,5),
(505,103,4),
(506,103,26),
(507,103,13),
(508,104,7),
(509,105,9),
(510,105,15),
(511,105,38),
(512,105,10),
(513,105,33),
(514,105,6),
(515,105,19),
(516,106,15),
(517,106,19),
(518,106,47),
(519,106,28),
(520,106,40),
(521,106,28),
(522,106,22),
(523,106,46),
(524,107,3),
(525,107,48),
(526,107,34),
(527,108,20),
(528,108,16),
(529,108,6),
(530,108,29),
(531,109,1),
(532,110,10),
(533,110,38),
(534,110,39),
(535,111,6),
(536,112,34),
(537,112,31),
(538,112,34),
(539,112,45),
(540,112,46),
(541,112,22),
(542,112,39),
(543,112,4),
(544,112,3),
(545,112,4),
(546,113,16),
(547,113,29),
(548,113,36),
(549,113,19),
(550,113,25),
(551,114,40),
(552,115,30),
(553,116,17),
(554,116,9),
(555,116,16),
(556,116,13),
(557,116,15),
(558,116,17),
(559,116,41),
(560,116,38),
(561,116,13),
(562,117,8),
(563,117,23),
(564,117,41),
(565,117,9),
(566,117,5),
(567,117,39),
(568,117,17),
(569,117,49),
(570,117,5),
(571,118,28),
(572,118,22),
(573,118,40),
(574,118,3),
(575,118,16),
(576,118,15),
(577,118,40),
(578,118,34),
(579,119,42),
(580,119,39),
(581,119,4),
(582,119,35),
(583,119,41),
(584,119,12),
(585,119,6),
(586,119,41),
(587,120,25),
(588,120,21),
(589,120,41),
(590,120,16),
(591,120,14),
(592,120,30),
(593,120,8),
(594,120,10),
(595,121,30),
(596,121,18),
(597,121,10),
(598,121,40),
(599,122,6),
(600,122,16),
(601,122,8),
(602,122,8),
(603,122,44),
(604,123,37),
(605,123,44),
(606,123,33),
(607,123,47),
(608,123,44),
(609,123,46),
(610,123,23),
(611,123,37),
(612,124,39),
(613,124,18),
(614,124,47),
(615,124,42),
(616,124,38),
(617,124,31),
(618,125,46),
(619,125,16),
(620,125,11),
(621,125,43),
(622,125,38),
(623,125,45),
(624,125,40),
(625,126,11),
(626,126,12),
(627,126,18),
(628,127,40),
(629,127,42),
(630,127,36),
(631,127,41),
(632,127,48),
(633,128,45),
(634,128,32),
(635,128,9),
(636,128,44),
(637,128,39),
(638,128,6),
(639,128,28),
(640,128,44),
(641,129,47),
(642,130,35),
(643,130,20),
(644,130,38),
(645,130,16),
(646,132,16),
(647,132,41),
(648,132,16),
(649,132,3),
(650,132,16),
(651,132,10),
(652,132,48),
(653,132,34),
(654,132,9),
(655,132,38),
(656,133,25),
(657,133,11),
(658,133,25),
(659,134,18),
(660,134,6),
(661,135,30),
(662,135,8),
(663,135,14),
(664,136,19),
(665,136,10),
(666,136,34),
(667,136,16),
(668,136,35),
(669,137,33),
(670,137,12),
(671,137,29),
(672,137,29),
(673,137,37),
(674,137,42),
(675,139,6),
(676,139,38),
(677,139,33),
(678,139,11),
(679,139,26),
(680,139,28),
(681,139,13),
(682,139,16),
(683,139,11),
(684,140,32),
(685,141,24),
(686,141,13),
(687,141,21),
(688,141,22),
(689,141,23),
(690,141,13),
(691,142,25),
(692,143,5),
(693,143,47),
(694,143,7),
(695,143,26),
(696,143,7),
(697,143,44),
(698,144,8),
(699,144,46),
(700,144,6),
(701,144,22),
(702,144,19),
(703,145,3),
(704,145,35),
(705,145,42),
(706,145,39),
(707,145,12),
(708,145,48),
(709,145,17),
(710,146,42),
(711,146,13),
(712,146,43),
(713,146,33),
(714,146,28),
(715,146,24),
(716,146,16),
(717,146,33),
(718,146,33),
(719,147,3),
(720,147,8),
(721,148,42),
(722,148,7),
(723,148,33),
(724,148,8),
(725,149,37),
(726,149,17),
(727,149,43),
(728,149,18),
(729,149,27),
(730,149,10),
(731,149,18),
(732,149,33),
(733,150,33),
(734,150,17),
(735,150,5),
(736,150,41),
(737,150,4),
(738,150,12),
(739,150,19),
(740,150,35),
(741,150,17),
(742,151,23),
(743,151,44),
(744,151,47),
(745,151,17),
(746,151,27),
(747,151,2),
(748,151,9),
(749,151,21),
(750,151,9),
(751,151,6),
(752,152,17),
(753,152,9),
(754,152,11),
(755,153,24),
(756,154,33),
(757,154,3),
(758,154,47),
(759,154,13),
(760,154,26),
(761,155,38),
(762,155,13),
(763,155,22),
(764,155,16),
(765,155,4),
(766,155,30),
(767,156,24),
(768,156,24),
(769,156,31),
(770,156,15),
(771,156,33),
(772,156,27),
(773,158,7),
(774,158,14),
(775,158,33),
(776,158,9),
(777,158,32),
(778,159,38),
(779,159,23),
(780,159,12),
(781,159,25),
(782,161,25),
(783,161,44),
(784,161,1),
(785,161,30),
(786,161,15),
(787,161,13),
(788,161,24),
(789,161,43),
(790,162,49),
(791,163,18),
(792,163,33),
(793,163,15),
(794,163,18),
(795,163,28),
(796,163,16),
(797,163,24),
(798,163,2),
(799,163,46),
(800,165,25),
(801,165,31),
(802,165,18),
(803,166,13),
(804,166,16),
(805,166,32),
(806,166,31),
(807,167,28),
(808,167,31),
(809,167,22),
(810,167,5),
(811,167,39),
(812,168,47),
(813,168,14),
(814,168,6),
(815,168,40),
(816,168,1),
(817,168,38),
(818,168,1),
(819,169,8),
(820,169,43),
(821,169,33),
(822,169,3),
(823,169,6),
(824,169,10),
(825,169,42),
(826,169,27),
(827,169,35),
(828,169,2),
(829,170,19),
(830,170,46),
(831,170,45),
(832,170,16),
(833,170,35),
(834,170,8),
(835,170,3),
(836,171,8),
(837,171,23),
(838,172,48),
(839,172,28),
(840,172,32),
(841,173,18),
(842,173,25),
(843,173,45),
(844,173,44),
(845,173,46),
(846,173,28),
(847,173,33),
(848,173,3),
(849,173,7),
(850,175,44),
(851,175,28),
(852,175,20),
(853,175,18),
(854,175,1),
(855,175,31),
(856,175,44),
(857,176,13),
(858,176,22),
(859,176,22),
(860,176,49),
(861,177,31),
(862,177,47),
(863,177,29),
(864,177,35),
(865,177,23),
(866,177,12),
(867,177,10),
(868,177,28),
(869,178,38),
(870,178,11),
(871,179,20),
(872,179,12),
(873,179,11),
(874,179,9),
(875,179,33),
(876,179,49),
(877,180,13),
(878,180,15),
(879,180,27),
(880,180,3),
(881,180,11),
(882,180,41),
(883,180,4),
(884,180,8),
(885,180,14),
(886,181,34),
(887,181,44),
(888,181,20),
(889,181,12),
(890,181,29),
(891,181,40),
(892,181,15),
(893,181,1),
(894,181,1),
(895,182,2),
(896,182,25),
(897,182,30),
(898,183,7),
(899,183,24),
(900,183,20),
(901,184,15),
(902,184,20),
(903,184,27),
(904,185,7),
(905,185,39),
(906,185,8),
(907,185,43),
(908,185,15),
(909,185,21),
(910,186,44),
(911,186,48),
(912,186,5),
(913,186,31),
(914,186,21),
(915,186,33),
(916,186,27),
(917,186,35),
(918,186,23),
(919,187,20),
(920,187,25),
(921,187,21),
(922,187,34),
(923,187,27),
(924,187,10),
(925,188,11),
(926,188,15),
(927,188,6),
(928,188,7),
(929,188,40),
(930,188,11),
(931,188,12),
(932,188,15),
(933,188,9),
(934,189,3),
(935,189,20),
(936,189,11),
(937,189,27),
(938,189,3),
(939,189,2),
(940,190,29),
(941,190,7),
(942,191,41),
(943,191,36),
(944,191,23),
(945,191,37),
(946,191,40),
(947,191,38),
(948,192,37),
(949,192,32),
(950,192,6),
(951,192,12),
(952,192,46),
(953,192,10),
(954,192,1),
(955,192,44),
(956,192,33),
(957,192,11),
(958,193,27),
(959,193,17),
(960,193,20),
(961,193,39),
(962,193,35),
(963,193,40),
(964,193,11),
(965,193,37),
(966,193,47),
(967,194,36),
(968,194,6),
(969,194,2),
(970,194,25),
(971,195,49),
(972,196,5),
(973,196,44),
(974,196,32),
(975,196,22),
(976,196,45),
(977,196,12),
(978,196,29),
(979,196,17),
(980,198,18),
(981,198,49),
(982,199,14),
(983,199,46),
(984,200,27),
(985,200,7),
(986,200,13),
(987,200,18),
(988,200,43),
(989,200,2),
(990,200,37),
(991,201,33),
(992,201,9),
(993,201,44),
(994,201,45),
(995,201,18),
(996,201,2),
(997,202,19),
(998,202,31),
(999,202,33),
(1000,202,3),
(1001,202,43),
(1002,202,23),
(1003,202,5),
(1004,202,32),
(1005,202,10),
(1006,203,45),
(1007,203,25),
(1008,203,10),
(1009,203,22),
(1010,203,37),
(1011,205,4),
(1012,205,17),
(1013,205,14),
(1014,205,4),
(1015,206,47),
(1016,206,12),
(1017,206,46),
(1018,206,35),
(1019,207,34),
(1020,207,5),
(1021,207,17),
(1022,207,43),
(1023,207,46),
(1024,208,12),
(1025,208,12),
(1026,208,33),
(1027,209,25),
(1028,209,31),
(1029,209,26),
(1030,209,5),
(1031,209,43),
(1032,210,46),
(1033,211,16),
(1034,211,26),
(1035,211,31),
(1036,211,27),
(1037,211,1),
(1038,213,38),
(1039,213,17),
(1040,213,45),
(1041,213,41),
(1042,213,44),
(1043,213,7),
(1044,214,22),
(1045,214,1),
(1046,214,28),
(1047,214,4),
(1048,214,12),
(1049,215,16),
(1050,215,28),
(1051,215,4),
(1052,215,10),
(1053,215,13),
(1054,215,6),
(1055,216,39),
(1056,216,15),
(1057,217,11),
(1058,217,15),
(1059,217,15),
(1060,217,31),
(1061,217,24),
(1062,217,10),
(1063,217,13),
(1064,217,25),
(1065,217,45),
(1066,217,8),
(1067,218,47),
(1068,218,43),
(1069,218,31),
(1070,218,33),
(1071,219,13),
(1072,219,10),
(1073,219,11),
(1074,220,37),
(1075,220,44),
(1076,220,1),
(1077,220,8),
(1078,220,26),
(1079,222,3),
(1080,222,19),
(1081,222,45),
(1082,222,8),
(1083,222,23),
(1084,222,16),
(1085,222,7),
(1086,222,14),
(1087,222,22),
(1088,223,8),
(1089,223,36),
(1090,223,7),
(1091,223,40),
(1092,223,19),
(1093,223,28),
(1094,224,26),
(1095,224,44),
(1096,224,14),
(1097,224,26),
(1098,224,8),
(1099,224,10),
(1100,225,47),
(1101,225,16),
(1102,225,30),
(1103,225,16),
(1104,225,11),
(1105,225,49),
(1106,225,25),
(1107,225,33),
(1108,227,24),
(1109,227,5),
(1110,227,37),
(1111,227,27),
(1112,227,3),
(1113,227,46),
(1114,228,37),
(1115,229,32),
(1116,229,33),
(1117,229,21),
(1118,229,31),
(1119,229,35),
(1120,229,5),
(1121,229,6),
(1122,230,9),
(1123,230,15),
(1124,230,34),
(1125,230,2),
(1126,230,12),
(1127,230,38),
(1128,230,22),
(1129,230,1),
(1130,230,36),
(1131,230,22),
(1132,231,45),
(1133,231,42),
(1134,231,1),
(1135,231,32),
(1136,231,40),
(1137,231,2),
(1138,231,49),
(1139,231,42),
(1140,231,36),
(1141,231,10),
(1142,232,13),
(1143,232,20),
(1144,232,15),
(1145,232,29),
(1146,232,16),
(1147,232,9),
(1148,233,39),
(1149,233,25),
(1150,233,19),
(1151,233,2),
(1152,233,7),
(1153,233,9),
(1154,233,31),
(1155,233,27),
(1156,233,21),
(1157,233,31),
(1158,234,39),
(1159,234,6),
(1160,234,21),
(1161,234,29),
(1162,234,20),
(1163,234,43),
(1164,235,13),
(1165,235,33),
(1166,235,30),
(1167,235,23),
(1168,236,32),
(1169,236,14),
(1170,236,20),
(1171,236,35),
(1172,236,5),
(1173,236,22),
(1174,236,15),
(1175,237,42),
(1176,237,20),
(1177,237,40),
(1178,237,25),
(1179,237,40),
(1180,237,5),
(1181,237,15),
(1182,237,42),
(1183,238,37),
(1184,238,48),
(1185,238,31),
(1186,238,19),
(1187,238,26),
(1188,238,39),
(1189,238,9),
(1190,239,6),
(1191,239,12),
(1192,239,36),
(1193,239,41),
(1194,240,24),
(1195,240,29),
(1196,240,26),
(1197,240,23),
(1198,240,25),
(1199,240,20),
(1200,240,6),
(1201,241,1),
(1202,241,18),
(1203,241,3),
(1204,241,2),
(1205,241,13),
(1206,241,34),
(1207,241,27),
(1208,241,25),
(1209,242,13),
(1210,242,38),
(1211,242,46),
(1212,242,5),
(1213,243,19),
(1214,243,26),
(1215,243,46),
(1216,243,32),
(1217,243,37),
(1218,243,34),
(1219,243,16),
(1220,244,22),
(1221,244,48),
(1222,244,3),
(1223,245,45),
(1224,245,1),
(1225,245,8),
(1226,245,17),
(1227,246,10),
(1228,246,14),
(1229,246,2),
(1230,246,17),
(1231,246,48),
(1232,246,16),
(1233,246,11),
(1234,246,9),
(1235,246,44),
(1236,247,7),
(1237,247,11),
(1238,247,18),
(1239,247,35),
(1240,247,43),
(1241,248,14),
(1242,250,17),
(1243,251,32),
(1244,251,10),
(1245,251,7),
(1246,252,16),
(1247,252,25),
(1248,253,48),
(1249,253,7),
(1250,253,39),
(1251,253,18),
(1252,254,42),
(1253,254,29),
(1254,254,1),
(1255,254,13),
(1256,254,38),
(1257,254,30),
(1258,254,7),
(1259,254,40),
(1260,254,21),
(1261,255,48),
(1262,255,36),
(1263,255,10),
(1264,255,32),
(1265,255,39),
(1266,255,4),
(1267,256,10),
(1268,256,3),
(1269,256,42),
(1270,256,28),
(1271,256,49),
(1272,256,33),
(1273,256,6),
(1274,256,9),
(1275,256,26),
(1276,257,34),
(1277,257,47),
(1278,257,23),
(1279,257,46),
(1280,257,12),
(1281,258,43),
(1282,258,38),
(1283,258,15),
(1284,258,22),
(1285,258,32),
(1286,258,20),
(1287,258,7),
(1288,259,35),
(1289,259,7),
(1290,259,47),
(1291,259,17),
(1292,259,8),
(1293,259,24),
(1294,259,13),
(1295,260,16),
(1296,260,37),
(1297,260,12),
(1298,261,7),
(1299,261,14),
(1300,261,42),
(1301,261,26),
(1302,261,46),
(1303,261,38),
(1304,261,12),
(1305,261,14),
(1306,262,20),
(1307,262,7),
(1308,262,27),
(1309,262,18),
(1310,262,32),
(1311,262,42),
(1312,263,32),
(1313,263,48),
(1314,263,1),
(1315,263,38),
(1316,263,7),
(1317,263,42),
(1318,264,40),
(1319,264,23),
(1320,264,10),
(1321,265,48),
(1322,265,10),
(1323,265,18),
(1324,265,15),
(1325,265,22),
(1326,265,1),
(1327,265,15),
(1328,266,30),
(1329,266,42),
(1330,266,44),
(1331,266,30),
(1332,266,48),
(1333,266,37),
(1334,266,32),
(1335,266,1),
(1336,266,32),
(1337,267,23),
(1338,268,30),
(1339,268,23),
(1340,268,30),
(1341,269,20),
(1342,270,49),
(1343,270,23),
(1344,270,33),
(1345,270,49),
(1346,271,15),
(1347,271,20),
(1348,271,4),
(1349,271,2),
(1350,271,18),
(1351,271,6),
(1352,271,39),
(1353,272,28),
(1354,272,34),
(1355,272,44),
(1356,272,21),
(1357,272,48),
(1358,272,49),
(1359,273,14),
(1360,274,42),
(1361,274,27),
(1362,274,2),
(1363,274,49),
(1364,274,12),
(1365,274,1),
(1366,274,30),
(1367,274,15),
(1368,274,22),
(1369,275,12),
(1370,275,20),
(1371,275,22),
(1372,275,3),
(1373,275,15),
(1374,275,25),
(1375,276,24),
(1376,276,44),
(1377,277,9),
(1378,277,38),
(1379,277,49),
(1380,277,43),
(1381,277,34),
(1382,277,16),
(1383,277,20),
(1384,277,30),
(1385,277,20),
(1386,277,41),
(1387,278,17),
(1388,278,21),
(1389,278,2),
(1390,278,24),
(1391,278,8),
(1392,278,10),
(1393,278,22),
(1394,278,22),
(1395,278,20),
(1396,278,5),
(1397,279,22),
(1398,279,25),
(1399,279,21),
(1400,279,6),
(1401,280,35),
(1402,281,12),
(1403,281,17),
(1404,282,8),
(1405,282,9),
(1406,282,19),
(1407,282,49),
(1408,282,30),
(1409,282,39),
(1410,282,2),
(1411,282,43),
(1412,283,28),
(1413,283,41),
(1414,283,40),
(1415,284,3),
(1416,284,37),
(1417,284,7),
(1418,284,44),
(1419,284,38),
(1420,284,32),
(1421,285,15),
(1422,285,6),
(1423,285,38),
(1424,285,15),
(1425,285,46),
(1426,285,9),
(1427,285,24),
(1428,285,41),
(1429,285,34),
(1430,286,42),
(1431,286,20),
(1432,286,17),
(1433,286,32),
(1434,286,11),
(1435,287,24),
(1436,287,47),
(1437,287,46),
(1438,287,7),
(1439,287,7),
(1440,287,27),
(1441,287,5),
(1442,287,21),
(1443,287,41),
(1444,288,31),
(1445,288,27),
(1446,288,16),
(1447,288,3),
(1448,288,19),
(1449,288,7),
(1450,288,27),
(1451,288,9),
(1452,289,38),
(1453,289,14),
(1454,290,32),
(1455,290,40),
(1456,290,39),
(1457,290,28),
(1458,290,22),
(1459,290,42),
(1460,290,1),
(1461,291,8),
(1462,291,15),
(1463,292,22),
(1464,292,22),
(1465,292,49),
(1466,292,46),
(1467,292,25),
(1468,292,22),
(1469,292,32),
(1470,292,13),
(1471,293,7),
(1472,293,16),
(1473,293,30),
(1474,293,7),
(1475,293,31),
(1476,293,23),
(1477,293,49),
(1478,293,23),
(1479,294,44),
(1480,294,34),
(1481,294,1),
(1482,294,34),
(1483,294,8),
(1484,294,27),
(1485,294,10),
(1486,294,31),
(1487,294,10),
(1488,295,32),
(1489,295,36),
(1490,295,32),
(1491,295,17),
(1492,295,5),
(1493,295,47),
(1494,295,28),
(1495,295,7),
(1496,295,28),
(1497,295,3),
(1498,296,18),
(1499,296,28),
(1500,296,38),
(1501,296,19),
(1502,296,48),
(1503,296,49),
(1504,296,27),
(1505,297,27),
(1506,298,15),
(1507,299,24),
(1508,299,47),
(1509,299,34),
(1510,299,4),
(1511,299,19),
(1512,300,30),
(1513,300,11),
(1514,300,29),
(1515,300,38),
(1516,300,27),
(1517,300,23),
(1518,301,38),
(1519,301,18),
(1520,301,49),
(1521,301,46),
(1522,301,22),
(1523,301,44),
(1524,302,23),
(1525,302,25),
(1526,302,29),
(1527,302,36),
(1528,302,25),
(1529,302,40),
(1530,302,18),
(1531,302,17),
(1532,302,1),
(1533,303,40),
(1534,303,16),
(1535,303,38),
(1536,303,34),
(1537,303,1),
(1538,304,26),
(1539,304,19),
(1540,304,37),
(1541,304,22),
(1542,304,37),
(1543,304,23),
(1544,304,21),
(1545,304,3),
(1546,304,8),
(1547,305,31),
(1548,305,11),
(1549,305,47),
(1550,305,41),
(1551,305,43),
(1552,305,39),
(1553,305,42),
(1554,305,46),
(1555,305,6),
(1556,306,45),
(1557,306,21),
(1558,306,10),
(1559,306,29),
(1560,306,20),
(1561,307,45),
(1562,307,9),
(1563,307,1),
(1564,307,44),
(1565,307,25),
(1566,307,41),
(1567,307,36),
(1568,307,37),
(1569,308,14),
(1570,308,22),
(1571,308,37),
(1572,308,35),
(1573,308,8),
(1574,308,12),
(1575,308,29),
(1576,309,15),
(1577,309,19),
(1578,309,46),
(1579,309,17),
(1580,309,2),
(1581,309,18),
(1582,309,27),
(1583,309,20),
(1584,309,14),
(1585,310,26),
(1586,310,47),
(1587,310,1),
(1588,310,30),
(1589,310,22),
(1590,310,34),
(1591,311,39),
(1592,311,4),
(1593,311,44),
(1594,311,45),
(1595,311,5),
(1596,311,13),
(1597,311,23),
(1598,311,5),
(1599,311,16),
(1600,312,37),
(1601,313,38),
(1602,313,29),
(1603,313,47),
(1604,313,42),
(1605,313,27),
(1606,313,24),
(1607,314,45),
(1608,314,48),
(1609,314,44),
(1610,314,5),
(1611,315,16),
(1612,315,22),
(1613,316,25),
(1614,316,5),
(1615,316,43),
(1616,317,17),
(1617,317,36),
(1618,317,31),
(1619,317,15),
(1620,318,33),
(1621,318,23),
(1622,319,45),
(1623,320,17),
(1624,320,40),
(1625,320,39),
(1626,320,48),
(1627,320,22),
(1628,321,17),
(1629,322,21),
(1630,322,43),
(1631,322,26),
(1632,322,34),
(1633,323,33),
(1634,323,32),
(1635,323,1),
(1636,323,43),
(1637,323,8),
(1638,323,15),
(1639,323,9),
(1640,323,39),
(1641,323,10),
(1642,324,9),
(1643,325,2),
(1644,325,38),
(1645,325,33),
(1646,325,41),
(1647,325,21),
(1648,326,29),
(1649,326,10),
(1650,326,48),
(1651,326,49),
(1652,327,39),
(1653,327,16),
(1654,327,30),
(1655,327,7),
(1656,327,33),
(1657,327,36),
(1658,327,6),
(1659,327,30),
(1660,327,13),
(1661,327,10),
(1662,328,26),
(1663,328,42),
(1664,328,9),
(1665,328,34),
(1666,328,4),
(1667,328,25),
(1668,328,13),
(1669,329,38),
(1670,329,45),
(1671,329,39),
(1672,329,48),
(1673,329,49),
(1674,330,23),
(1675,330,11),
(1676,330,7),
(1677,330,32),
(1678,330,9),
(1679,330,43),
(1680,330,3),
(1681,331,34),
(1682,332,27),
(1683,332,29),
(1684,333,41),
(1685,333,32),
(1686,333,9),
(1687,333,28),
(1688,333,10),
(1689,333,23),
(1690,333,45),
(1691,333,30),
(1692,333,47),
(1693,334,3),
(1694,334,41),
(1695,334,24),
(1696,335,15),
(1697,335,6),
(1698,335,20),
(1699,335,14),
(1700,335,45),
(1701,335,24),
(1702,335,49),
(1703,335,43),
(1704,335,18),
(1705,335,38),
(1706,336,32),
(1707,336,34),
(1708,336,8),
(1709,336,10),
(1710,336,28),
(1711,336,41),
(1712,336,10),
(1713,336,49),
(1714,337,2),
(1715,337,35),
(1716,337,27),
(1717,337,29),
(1718,337,43),
(1719,337,39),
(1720,337,34),
(1721,337,8),
(1722,337,18),
(1723,337,40),
(1724,338,14),
(1725,339,27),
(1726,339,40),
(1727,339,3),
(1728,339,9),
(1729,339,42),
(1730,339,38),
(1731,339,29),
(1732,340,5),
(1733,340,33),
(1734,340,15),
(1735,340,38),
(1736,340,12),
(1737,340,4),
(1738,340,16),
(1739,340,3),
(1740,341,16),
(1741,341,27),
(1742,341,5),
(1743,342,34),
(1744,342,30),
(1745,342,12),
(1746,342,41),
(1747,342,29),
(1748,342,27),
(1749,342,40),
(1750,342,43),
(1751,342,31),
(1752,343,29),
(1753,343,43),
(1754,343,49),
(1755,343,10),
(1756,343,40),
(1757,343,7),
(1758,343,14),
(1759,343,26),
(1760,343,4),
(1761,344,5),
(1762,345,49),
(1763,346,2),
(1764,346,29),
(1765,347,18),
(1766,347,9),
(1767,347,33),
(1768,347,10),
(1769,347,7),
(1770,348,4),
(1771,348,47),
(1772,348,17),
(1773,348,26),
(1774,348,2),
(1775,348,35),
(1776,349,11),
(1777,349,38),
(1778,349,39),
(1779,349,42),
(1780,350,45),
(1781,350,22),
(1782,350,10),
(1783,351,32),
(1784,351,13),
(1785,351,13),
(1786,351,29),
(1787,351,18),
(1788,352,6),
(1789,352,21),
(1790,352,4),
(1791,354,14),
(1792,354,39),
(1793,354,15),
(1794,354,31),
(1795,354,45),
(1796,354,13),
(1797,354,40),
(1798,354,1),
(1799,355,19),
(1800,355,30),
(1801,355,34),
(1802,355,28),
(1803,356,42),
(1804,356,42),
(1805,356,46),
(1806,356,1),
(1807,356,16),
(1808,356,34),
(1809,356,44),
(1810,356,34),
(1811,356,10),
(1812,356,4),
(1813,357,30),
(1814,357,17),
(1815,357,2),
(1816,357,19),
(1817,357,31),
(1818,357,18),
(1819,357,24),
(1820,357,31),
(1821,358,5),
(1822,358,14),
(1823,358,40),
(1824,358,42),
(1825,358,38),
(1826,359,5),
(1827,359,41),
(1828,359,35),
(1829,359,12),
(1830,359,46),
(1831,359,15),
(1832,359,20),
(1833,359,22),
(1834,360,2),
(1835,360,18),
(1836,360,13),
(1837,360,18),
(1838,360,19),
(1839,360,12),
(1840,360,13),
(1841,360,31),
(1842,360,22),
(1843,361,25),
(1844,361,37),
(1845,362,2),
(1846,362,45),
(1847,362,6),
(1848,362,26),
(1849,362,39),
(1850,362,2),
(1851,362,16),
(1852,362,37),
(1853,362,3),
(1854,363,7),
(1855,363,2),
(1856,363,7),
(1857,363,6),
(1858,363,27),
(1859,363,30),
(1860,365,21),
(1861,365,17),
(1862,365,10),
(1863,365,5),
(1864,365,43),
(1865,365,9),
(1866,365,27),
(1867,366,24),
(1868,366,25),
(1869,366,34),
(1870,366,31),
(1871,366,5),
(1872,366,4),
(1873,367,6),
(1874,367,16),
(1875,367,1),
(1876,368,30),
(1877,368,12),
(1878,368,25),
(1879,368,21),
(1880,368,16),
(1881,368,23),
(1882,368,6),
(1883,368,13),
(1884,368,1),
(1885,369,14),
(1886,369,38),
(1887,369,31),
(1888,369,32),
(1889,369,43),
(1890,369,41),
(1891,369,35),
(1892,370,17),
(1893,370,22),
(1894,370,4),
(1895,370,7),
(1896,371,43),
(1897,371,16),
(1898,371,5),
(1899,371,32),
(1900,371,29),
(1901,371,21),
(1902,371,17),
(1903,372,5),
(1904,372,48),
(1905,372,27),
(1906,372,35),
(1907,372,1),
(1908,372,15),
(1909,373,28),
(1910,374,38),
(1911,374,21),
(1912,374,5),
(1913,374,10),
(1914,375,31),
(1915,375,15),
(1916,376,19),
(1917,376,31),
(1918,376,17),
(1919,376,18),
(1920,376,16),
(1921,377,28),
(1922,377,47),
(1923,377,27),
(1924,377,25),
(1925,377,30),
(1926,377,37),
(1927,377,24),
(1928,377,29),
(1929,377,5),
(1930,377,30),
(1931,378,37),
(1932,378,30),
(1933,378,35),
(1934,378,23),
(1935,378,5),
(1936,378,37),
(1937,379,17),
(1938,379,7),
(1939,379,11),
(1940,379,45),
(1941,379,34),
(1942,379,35),
(1943,380,9),
(1944,380,7),
(1945,380,24),
(1946,380,30),
(1947,380,33),
(1948,380,23),
(1949,380,43),
(1950,380,40),
(1951,381,2),
(1952,381,49),
(1953,382,18),
(1954,382,1),
(1955,382,40),
(1956,382,41),
(1957,383,5),
(1958,383,23),
(1959,383,22),
(1960,383,9),
(1961,383,11),
(1962,383,4),
(1963,383,49),
(1964,383,39),
(1965,384,18),
(1966,384,40),
(1967,384,45),
(1968,384,24),
(1969,385,49),
(1970,385,43),
(1971,385,31),
(1972,385,48),
(1973,385,24),
(1974,386,26),
(1975,386,28),
(1976,386,28),
(1977,386,34),
(1978,386,31),
(1979,386,32),
(1980,387,32),
(1981,387,21),
(1982,387,41),
(1983,387,24),
(1984,387,19),
(1985,387,49),
(1986,387,1),
(1987,388,42),
(1988,388,19),
(1989,388,28),
(1990,389,31),
(1991,390,39),
(1992,390,42),
(1993,390,2),
(1994,390,23),
(1995,390,35),
(1996,392,28),
(1997,392,24),
(1998,392,36),
(1999,392,9),
(2000,392,45),
(2001,393,42),
(2002,393,29),
(2003,393,4),
(2004,394,36),
(2005,394,17),
(2006,395,29),
(2007,395,10),
(2008,395,41),
(2009,395,49),
(2010,395,1),
(2011,396,33),
(2012,396,47),
(2013,396,18),
(2014,396,43),
(2015,396,24),
(2016,396,19),
(2017,396,10),
(2018,397,33),
(2019,397,25),
(2020,398,4),
(2021,398,14),
(2022,398,37),
(2023,398,35),
(2024,398,11),
(2025,398,13),
(2026,399,25),
(2027,399,41),
(2028,400,21),
(2029,400,40),
(2030,400,44),
(2031,400,23),
(2032,400,8),
(2033,400,48),
(2048,401,36),
(2049,403,24),
(2050,404,13),
(2051,408,16),
(2052,410,9),
(2053,412,6),
(2054,415,2),
(2055,417,21),
(2056,422,4),
(2057,423,13),
(2058,426,2),
(2059,428,19),
(2060,430,33),
(2061,431,5),
(2062,433,3),
(2063,436,16),
(2064,443,6),
(2065,444,23),
(2066,448,26),
(2067,449,34),
(2068,451,14),
(2069,455,2),
(2070,456,30),
(2071,458,29),
(2072,459,3),
(2073,460,17),
(2074,463,32),
(2075,468,41),
(2076,470,48),
(2077,471,32),
(2078,473,10),
(2079,475,1),
(2080,477,28),
(2081,479,31),
(2082,480,39),
(2083,481,2),
(2084,482,16),
(2085,483,17),
(2086,486,15),
(2087,489,4),
(2088,490,40),
(2089,493,14),
(2090,495,34),
(2091,498,22),
(2092,502,43),
(2093,503,32),
(2094,506,7),
(2095,507,17),
(2096,508,36),
(2097,510,15),
(2098,511,7),
(2099,512,21),
(2100,513,16),
(2101,514,36),
(2102,515,23),
(2103,516,42),
(2104,517,8),
(2105,518,22),
(2106,519,5),
(2107,520,40),
(2108,522,17),
(2109,526,36),
(2110,528,36),
(2111,531,13),
(2112,532,18),
(2113,536,13),
(2114,537,38),
(2115,538,31),
(2116,544,22),
(2117,548,41),
(2118,549,6),
(2119,551,41),
(2120,560,1),
(2121,565,38),
(2122,566,43),
(2123,567,3),
(2124,569,20),
(2125,570,44),
(2126,571,11),
(2127,573,28),
(2128,577,7),
(2129,581,37),
(2130,582,17),
(2131,584,47),
(2132,587,30),
(2133,594,43),
(2134,596,34),
(2135,597,14),
(2136,599,25),
(2137,600,25),
(2138,604,34),
(2139,605,43),
(2140,607,10),
(2141,608,2),
(2142,614,46),
(2143,616,42),
(2144,618,30),
(2145,620,25),
(2146,622,42),
(2147,624,26),
(2148,628,41),
(2149,630,35),
(2150,631,18),
(2151,632,36),
(2152,633,30),
(2153,635,1),
(2154,636,27),
(2155,637,7),
(2156,638,2),
(2157,640,27),
(2158,642,3),
(2159,643,13),
(2160,645,30),
(2161,646,46),
(2162,648,41),
(2163,650,2),
(2164,652,13),
(2165,653,40),
(2166,655,12),
(2167,657,6),
(2168,658,4),
(2169,659,43),
(2170,661,4),
(2171,664,5),
(2172,665,29),
(2173,668,29),
(2174,671,21),
(2175,673,3),
(2176,674,16),
(2177,675,10),
(2178,676,37),
(2179,678,21),
(2180,679,30),
(2181,682,37),
(2182,684,23),
(2183,688,34),
(2184,690,12),
(2185,692,27),
(2186,693,39),
(2187,697,18),
(2188,698,18),
(2189,700,1),
(2190,701,26),
(2191,702,38),
(2192,705,34),
(2193,706,10),
(2194,707,40),
(2195,708,22),
(2196,709,7),
(2197,711,2),
(2198,713,11),
(2199,715,22),
(2200,721,18),
(2201,722,12),
(2202,724,22),
(2203,727,24),
(2204,728,32),
(2205,729,30),
(2206,730,32),
(2207,733,43),
(2208,737,41),
(2209,739,35),
(2210,740,10),
(2211,742,48),
(2212,743,7),
(2213,747,11),
(2214,748,1),
(2215,755,44),
(2216,756,42),
(2217,757,19),
(2218,758,26),
(2219,759,9),
(2220,760,17),
(2221,762,38),
(2222,764,39),
(2223,765,7),
(2224,767,30),
(2225,770,4),
(2226,771,15),
(2227,772,46),
(2228,773,21),
(2229,775,2),
(2230,778,33),
(2231,779,43),
(2232,780,48),
(2233,781,36),
(2234,782,28),
(2235,783,15),
(2236,785,18),
(2237,786,25),
(2238,788,44),
(2239,790,37),
(2240,794,21),
(2241,795,22),
(2242,796,16),
(2243,797,23),
(2244,799,36),
(2245,801,20),
(2246,804,1),
(2247,805,33),
(2248,806,48),
(2249,807,37),
(2250,809,14),
(2251,811,27),
(2252,813,5),
(2253,815,4),
(2254,817,32),
(2255,822,46),
(2256,823,35),
(2257,825,22),
(2258,828,36),
(2259,829,2),
(2260,830,4),
(2261,831,19),
(2262,834,8),
(2263,836,42),
(2264,841,24),
(2265,842,25),
(2266,843,34),
(2267,844,6),
(2268,849,36),
(2269,853,21),
(2270,854,18),
(2271,855,43),
(2272,858,28),
(2273,860,44),
(2274,863,21),
(2275,867,10),
(2276,868,47),
(2277,872,7),
(2278,873,16),
(2279,875,44),
(2280,876,29),
(2281,877,29),
(2282,878,2),
(2283,880,28),
(2284,881,47),
(2285,883,13),
(2286,884,8),
(2287,885,40),
(2288,890,26),
(2289,891,8),
(2290,892,3),
(2291,893,47),
(2292,894,47),
(2293,895,39),
(2294,901,29),
(2295,902,31),
(2296,908,43),
(2297,913,18),
(2298,914,6),
(2299,916,20),
(2300,919,17),
(2301,921,8),
(2302,922,39),
(2303,923,39),
(2304,924,34),
(2305,926,13),
(2306,930,28),
(2307,931,20),
(2308,933,12),
(2309,935,45),
(2310,937,31),
(2311,939,46),
(2312,940,22),
(2313,943,3),
(2314,944,19),
(2315,945,20),
(2316,948,33),
(2317,949,44),
(2318,950,20),
(2319,955,21),
(2320,956,32),
(2321,959,14),
(2322,960,47),
(2323,962,24),
(2324,963,3),
(2325,964,12),
(2326,967,34),
(2327,970,47),
(2328,973,30),
(2329,975,27),
(2330,976,20),
(2331,978,39),
(2332,979,26),
(2333,980,47),
(2334,985,9),
(2335,989,28),
(2336,993,49),
(2337,997,32),
(2338,999,46),
(2339,1000,28),
(2340,1002,23),
(2341,1003,30),
(2342,1007,14),
(2343,1009,24),
(2344,1014,22),
(2345,1015,24),
(2346,1016,22),
(2347,1017,34),
(2348,1018,28),
(2349,1019,23),
(2350,1020,1),
(2351,1024,9),
(2352,1027,33),
(2353,1028,33),
(2354,1029,35),
(2355,1030,16),
(2356,1031,11),
(2357,1033,28),
(2358,1035,23),
(2359,1036,6),
(2360,1041,16),
(2361,1043,17),
(2362,1048,38),
(2363,1051,41),
(2364,1052,13),
(2365,1055,23),
(2366,1057,38),
(2367,1058,11),
(2368,1059,44),
(2369,1060,14),
(2370,1063,45),
(2371,1065,45),
(2372,1071,12),
(2373,1072,16),
(2374,1074,21),
(2375,1075,25),
(2376,1077,29),
(2377,1078,3),
(2378,1081,15),
(2379,1082,36),
(2380,1083,30),
(2381,1087,41),
(2382,1088,14),
(2383,1091,10),
(2384,1092,19),
(2385,1094,36),
(2386,1095,39),
(2387,1096,24),
(2388,1097,31),
(2389,1104,33),
(2390,1106,20),
(2391,1107,6),
(2392,1108,40),
(2393,1110,9),
(2394,1113,29),
(2395,1114,19),
(2396,1116,18),
(2397,1117,2),
(2398,1118,30),
(2399,1121,38),
(2400,1122,32),
(2401,1123,29),
(2402,1125,12),
(2403,1126,39),
(2404,1127,46),
(2405,1131,13),
(2406,1133,33),
(2407,1135,25),
(2408,1142,32),
(2409,1143,45),
(2410,1144,4),
(2411,1145,3),
(2412,1146,22),
(2413,1147,8),
(2414,1149,28),
(2415,1150,26),
(2416,1155,15),
(2417,1157,45),
(2418,1158,7),
(2419,1162,43),
(2420,1165,40),
(2421,1166,21),
(2422,1167,28),
(2423,1168,32),
(2424,1169,27),
(2425,1171,15),
(2426,1172,47),
(2427,1173,42),
(2428,1174,26),
(2429,1175,38),
(2430,1178,41),
(2431,1179,12),
(2432,1180,29),
(2433,1181,39),
(2434,1182,33),
(2435,1184,21),
(2436,1187,43),
(2437,1189,21),
(2438,1193,6),
(2439,1194,22),
(2440,1197,29),
(2441,1198,39),
(2442,1200,44),
(2443,1201,31),
(2444,1202,12),
(2445,1203,6),
(2446,1206,36),
(2447,1207,41),
(2448,1208,37),
(2449,1210,31),
(2450,1212,39),
(2451,1213,46),
(2452,1216,12),
(2453,1217,21),
(2454,1219,9),
(2455,1220,13),
(2456,1224,25),
(2457,1225,11),
(2458,1226,26),
(2459,1227,5),
(2460,1228,48),
(2461,1229,7),
(2462,1230,25),
(2463,1231,3),
(2464,1232,42),
(2465,1233,13),
(2466,1238,20),
(2467,1239,23),
(2468,1241,3),
(2469,1242,16),
(2470,1245,38),
(2471,1246,34),
(2472,1247,39),
(2473,1248,20),
(2474,1249,25),
(2475,1250,34),
(2476,1252,21),
(2477,1255,6),
(2478,1257,32),
(2479,1258,44),
(2480,1259,19),
(2481,1260,32),
(2482,1261,14),
(2483,1262,28),
(2484,1266,34),
(2485,1267,32),
(2486,1268,6),
(2487,1269,22),
(2488,1272,12),
(2489,1273,20),
(2490,1276,37),
(2491,1279,31),
(2492,1283,47),
(2493,1285,27),
(2494,1286,45),
(2495,1290,19),
(2496,1291,2),
(2497,1292,1),
(2498,1296,45),
(2499,1297,33),
(2500,1300,36),
(2501,1301,10),
(2502,1302,46),
(2503,1304,21),
(2504,1305,25),
(2505,1311,29),
(2506,1314,46),
(2507,1315,4),
(2508,1316,25),
(2509,1318,3),
(2510,1319,27),
(2511,1320,37),
(2512,1323,14),
(2513,1324,41),
(2514,1325,35),
(2515,1327,42),
(2516,1328,44),
(2517,1333,11),
(2518,1334,25),
(2519,1337,4),
(2520,1339,17),
(2521,1340,34),
(2522,1341,37),
(2523,1342,12),
(2524,1343,45),
(2525,1344,47),
(2526,1346,8),
(2527,1347,37),
(2528,1350,47),
(2529,1352,19),
(2530,1353,18),
(2531,1354,34),
(2532,1355,7),
(2533,1356,34),
(2534,1358,41),
(2535,1359,9),
(2536,1360,48),
(2537,1361,2),
(2538,1364,31),
(2539,1365,29),
(2540,1366,27),
(2541,1367,40),
(2542,1373,47),
(2543,1374,38),
(2544,1377,16),
(2545,1378,29),
(2546,1379,39),
(2547,1380,19),
(2548,1381,41),
(2549,1382,47),
(2550,1383,28),
(2551,1384,25),
(2552,1385,45),
(2553,1388,16),
(2554,1389,37),
(2555,1390,22),
(2556,1391,10),
(2557,1397,44),
(2558,1398,40),
(2559,1400,5),
(2560,1401,40),
(2561,1402,20),
(2562,1404,45),
(2563,1405,24),
(2564,1408,10),
(2565,1410,7),
(2566,1411,42),
(2567,1413,22),
(2568,1416,32),
(2569,1420,7),
(2570,1421,38),
(2571,1422,22),
(2572,1423,28),
(2573,1424,7),
(2574,1425,19),
(2575,1426,31),
(2576,1427,36),
(2577,1428,16),
(2578,1430,25),
(2579,1435,38),
(2580,1437,23),
(2581,1439,33),
(2582,1441,22),
(2583,1442,34),
(2584,1445,4),
(2585,1446,13),
(2586,1448,48),
(2587,1455,15),
(2588,1456,32),
(2589,1461,40),
(2590,1462,6),
(2591,1463,24),
(2592,1465,40),
(2593,1467,17),
(2594,1472,25),
(2595,1475,9),
(2596,1485,8),
(2597,1490,23),
(2598,1491,11),
(2599,1493,36),
(2600,1496,25),
(2601,1497,12),
(2602,1498,23),
(2603,1499,49),
(2604,1500,18),
(2605,1501,20),
(2606,1502,42),
(2607,1504,17),
(2608,1505,7),
(2609,1507,36),
(2610,1509,2),
(2611,1510,45),
(2612,1513,16),
(2613,1514,42),
(2614,1516,21),
(2615,1519,38),
(2616,1520,4),
(2617,1521,49),
(2618,1522,34),
(2619,1523,49),
(2620,1527,29),
(2621,1529,30),
(2622,1531,10),
(2623,1532,9),
(2624,1533,9),
(2625,1537,49),
(2626,1538,16),
(2627,1539,14),
(2628,1541,2),
(2629,1542,32),
(2630,1543,7),
(2631,1545,49),
(2632,1547,25),
(2633,1548,30),
(2634,1549,48),
(2635,1550,8),
(2636,1552,31),
(2637,1556,19),
(2638,1559,15),
(2639,1560,5),
(2640,1561,21),
(2641,1567,6),
(2642,1568,26),
(2643,1569,5),
(2644,1571,28),
(2645,1573,45),
(2646,1574,44),
(2647,1576,17),
(2648,1577,11),
(2649,1579,39),
(2650,1580,33),
(2651,1584,33),
(2652,1586,23),
(2653,1589,18),
(2654,1590,26),
(2655,1591,49),
(2656,1593,6),
(2657,1595,24),
(2658,1596,38),
(2659,1598,25),
(2660,1599,33),
(2661,1603,7),
(2662,1604,23),
(2663,1605,32),
(2664,1606,5),
(2665,1609,43),
(2666,1610,15),
(2667,1611,33),
(2668,1613,15),
(2669,1614,45),
(2670,1615,47),
(2671,1618,27),
(2672,1620,12),
(2673,1621,6),
(2674,1622,12),
(2675,1624,13),
(2676,1625,5),
(2677,1630,29),
(2678,1632,7),
(2679,1633,12),
(2680,1636,41),
(2681,1639,48),
(2682,1640,10),
(2683,1641,24),
(2684,1642,31),
(2685,1643,30),
(2686,1646,21),
(2687,1647,11),
(2688,1650,18),
(2689,1652,12),
(2690,1654,48),
(2691,1656,23),
(2692,1657,13),
(2693,1659,25),
(2694,1660,7),
(2695,1662,48),
(2696,1663,6),
(2697,1665,17),
(2698,1667,2),
(2699,1668,22),
(2700,1670,46),
(2701,1673,5),
(2702,1674,11),
(2703,1676,5),
(2704,1677,4),
(2705,1681,31),
(2706,1682,43),
(2707,1685,13),
(2708,1688,3),
(2709,1690,46),
(2710,1694,6),
(2711,1700,22),
(2712,1703,4),
(2713,1705,28),
(2714,1708,38),
(2715,1710,29),
(2716,1715,8),
(2717,1716,33),
(2718,1718,25),
(2719,1720,49),
(2720,1721,42),
(2721,1728,11),
(2722,1729,4),
(2723,1731,27),
(2724,1732,15),
(2725,1733,2),
(2726,1735,42),
(2727,1736,22),
(2728,1737,26),
(2729,1738,18),
(2730,1740,3),
(2731,1742,25),
(2732,1743,29),
(2733,1744,6),
(2734,1745,43),
(2735,1746,30),
(2736,1750,1),
(2737,1751,34),
(2738,1752,6),
(2739,1753,21),
(2740,1754,34),
(2741,1755,22),
(2742,1757,4),
(2743,1760,1),
(2744,1762,13),
(2745,1764,10),
(2746,1765,21),
(2747,1767,31),
(2748,1769,47),
(2749,1770,7),
(2750,1773,11),
(2751,1777,4),
(2752,1779,16),
(2753,1781,11),
(2754,1782,16),
(2755,1785,37),
(2756,1788,32),
(2757,1789,5),
(2758,1790,18),
(2759,1791,36),
(2760,1792,27),
(2761,1793,43),
(2762,1795,10),
(2763,1796,2),
(2764,1797,15),
(2765,1798,10),
(2766,1800,35),
(2767,1801,13),
(2768,1802,2),
(2769,1806,47),
(2770,1808,26),
(2771,1809,9),
(2772,1811,26),
(2773,1812,27),
(2774,1813,5),
(2775,1817,23),
(2776,1820,1),
(2777,1822,32),
(2778,1827,46),
(2779,1829,10),
(2780,1830,1),
(2781,1831,43),
(2782,1832,34),
(2783,1833,29),
(2784,1835,29),
(2785,1836,10),
(2786,1840,33),
(2787,1842,23),
(2788,1843,5),
(2789,1844,32),
(2790,1845,45),
(2791,1847,39),
(2792,1848,22),
(2793,1851,31),
(2794,1855,38),
(2795,1856,47),
(2796,1857,35),
(2797,1859,25),
(2798,1860,41),
(2799,1861,42),
(2800,1862,28),
(2801,1863,37),
(2802,1864,3),
(2803,1866,35),
(2804,1867,21),
(2805,1868,7),
(2806,1869,42),
(2807,1870,14),
(2808,1873,35),
(2809,1875,21),
(2810,1876,9),
(2811,1877,14),
(2812,1878,18),
(2813,1880,9),
(2814,1881,40),
(2815,1882,47),
(2816,1883,1),
(2817,1884,7),
(2818,1886,15),
(2819,1890,34),
(2820,1895,3),
(2821,1898,33),
(2822,1902,28),
(2823,1903,25),
(2824,1904,36),
(2825,1905,13),
(2826,1906,8),
(2827,1907,35),
(2828,1910,10),
(2829,1911,13),
(2830,1912,44),
(2831,1913,7),
(2832,1914,8),
(2833,1916,6),
(2834,1918,38),
(2835,1919,45),
(2836,1920,14),
(2837,1921,49),
(2838,1924,24),
(2839,1926,43),
(2840,1929,17),
(2841,1931,41),
(2842,1932,13),
(2843,1933,11),
(2844,1935,48),
(2845,1937,46),
(2846,1940,21),
(2847,1942,39),
(2848,1943,43),
(2849,1945,8),
(2850,1946,28),
(2851,1954,33),
(2852,1955,10),
(2853,1957,45),
(2854,1959,26),
(2855,1960,31),
(2856,1961,18),
(2857,1962,4),
(2858,1964,33),
(2859,1967,32),
(2860,1968,40),
(2861,1971,46),
(2862,1975,29),
(2863,1977,21),
(2864,1979,47),
(2865,1980,13),
(2866,1983,11),
(2867,1984,24),
(2868,1985,15),
(2869,1986,45),
(2870,1988,7),
(2871,1990,5),
(2872,1991,23),
(2873,1994,7),
(2874,1995,16),
(2875,1996,11),
(2876,1997,11),
(2877,1999,16),
(2878,2001,47),
(2879,2002,15),
(2880,2004,12),
(2881,2005,9),
(2882,2016,34),
(2883,2017,43),
(2884,2023,32),
(2885,2026,30),
(2886,2028,37),
(2887,2032,48),
(2888,2034,6),
(2889,2035,34),
(2890,2036,39),
(2891,2037,10),
(2892,2038,21),
(2893,2039,13),
(2894,2050,19),
(2895,2051,35),
(2896,2052,47),
(2897,2053,49),
(2898,2054,11),
(2899,2055,1),
(2900,2058,41),
(2901,2060,7),
(2902,2061,21),
(2903,2066,48),
(2904,2067,34),
(2905,2070,9),
(2906,2072,42),
(2907,2076,43),
(2908,2079,20),
(2909,2084,23),
(2910,2085,18),
(2911,2086,26),
(2912,2089,36),
(2913,2090,3),
(2914,2092,8),
(2915,2095,1),
(2916,2097,35),
(2917,2098,1),
(2918,2100,16),
(2919,2101,42),
(2920,2102,47),
(2921,2105,2),
(2922,2107,8),
(2923,2111,11),
(2924,2113,12),
(2925,2114,29),
(2926,2116,36),
(2927,2117,38),
(2928,2120,15),
(2929,2122,22),
(2930,2123,32),
(2931,2124,17),
(2932,2125,48),
(2933,2126,13),
(2934,2130,46),
(2935,2133,24),
(2936,2134,21),
(2937,2136,27),
(2938,2138,42),
(2939,2141,19),
(2940,2144,11),
(2941,2145,7),
(2942,2146,5),
(2943,2148,39),
(2944,2150,42),
(2945,2152,39),
(2946,2153,24),
(2947,2154,20),
(2948,2155,18),
(2949,2156,30),
(2950,2158,19),
(2951,2164,26),
(2952,2165,20),
(2953,2168,27),
(2954,2169,8),
(2955,2170,43),
(2956,2171,42),
(2957,2172,42),
(2958,2174,29),
(2959,2175,7),
(2960,2177,32),
(2961,2178,9),
(2962,2180,32),
(2963,2182,4),
(2964,2183,43),
(2965,2184,4),
(2966,2186,3),
(2967,2194,9),
(2968,2196,49),
(2969,2199,19),
(2970,2200,27),
(2971,2201,2),
(2972,2207,33),
(2973,2209,7),
(2974,2214,15),
(2975,2215,32),
(2976,2216,49),
(2977,2217,36),
(2978,2220,24),
(2979,2223,36),
(2980,2224,36),
(2981,2225,40),
(2982,2229,39),
(2983,2231,31),
(2984,2233,30),
(2985,2236,26),
(2986,2239,48),
(2987,2242,43),
(2988,2246,2),
(2989,2250,47),
(2990,2251,25),
(2991,2252,31),
(2992,2254,4),
(2993,2255,6),
(2994,2256,24),
(2995,2257,47),
(2996,2260,46),
(2997,2262,10),
(2998,2263,42),
(2999,2264,30),
(3000,2265,13),
(3001,2267,36),
(3002,2268,43),
(3003,2271,20),
(3004,2274,17),
(3005,2275,33),
(3006,2276,23),
(3007,2278,4),
(3008,2281,46),
(3009,2286,40),
(3010,2288,41),
(3011,2289,40),
(3012,2290,20),
(3013,2291,16),
(3014,2293,4),
(3015,2295,34),
(3016,2296,2),
(3017,2298,15),
(3018,2304,44),
(3019,2306,49),
(3020,2308,13),
(3021,2310,12),
(3022,2311,10),
(3023,2313,44),
(3024,2317,3),
(3025,2325,21),
(3026,2328,17),
(3027,2330,41),
(3028,2333,23),
(3029,2334,37),
(3030,2335,5),
(3031,2338,42),
(3032,2343,45),
(3033,2345,11),
(3034,2347,2),
(3035,2349,6),
(3036,2350,47),
(3037,2353,26),
(3038,2355,32),
(3039,2359,45),
(3040,2360,44),
(3041,2361,33),
(3042,2362,41),
(3043,2363,39),
(3044,2364,12),
(3045,2366,48),
(3046,2370,13),
(3047,2371,14),
(3048,2372,23),
(3049,2376,17),
(3050,2377,10),
(3051,2381,33),
(3052,2384,17),
(3053,2385,14),
(3054,2388,46),
(3055,2391,2),
(3056,2392,29),
(3057,2393,34),
(3058,2394,45),
(3059,2396,40),
(3060,2400,38);
/*!40000 ALTER TABLE `dislikes` ENABLE KEYS */;
UNLOCK TABLES;
/*!50003 SET @saved_cs_client      = @@character_set_client */ ;
/*!50003 SET @saved_cs_results     = @@character_set_results */ ;
/*!50003 SET @saved_col_connection = @@collation_connection */ ;
/*!50003 SET character_set_client  = utf8mb3 */ ;
/*!50003 SET character_set_results = utf8mb3 */ ;
/*!50003 SET collation_connection  = utf8mb3_general_ci */ ;
/*!50003 SET @saved_sql_mode       = @@sql_mode */ ;
/*!50003 SET sql_mode              = 'IGNORE_SPACE,STRICT_TRANS_TABLES,ERROR_FOR_DIVISION_BY_ZERO,NO_AUTO_CREATE_USER,NO_ENGINE_SUBSTITUTION' */ ;
DELIMITER ;;
/*!50003 CREATE*/ /*!50017 DEFINER=`sfikas`@`localhost`*/ /*!50003 TRIGGER sale_dilikes_update AFTER INSERT ON dislikes
FOR EACH ROW
    BEGIN
        DECLARE user2update INT UNSIGNED;

        -- update dislikes number on the sale that was liked by a user
        UPDATE sales 
        SET dislikes_num = dislikes_num+1
        WHERE id = NEW.sales_id;
        
        -- update the score of the user who submitted the sale
        SELECT user_suggested
        INTO user2update 
        FROM sales
        WHERE id = NEW.sales_id;

        UPDATE users
        SET monthly_score = monthly_score-1,
            sum_score = sum_score-1
        WHERE id = user2update;

    END */;;
DELIMITER ;
/*!50003 SET sql_mode              = @saved_sql_mode */ ;
/*!50003 SET character_set_client  = @saved_cs_client */ ;
/*!50003 SET character_set_results = @saved_cs_results */ ;
/*!50003 SET collation_connection  = @saved_col_connection */ ;
/*!50003 SET @saved_cs_client      = @@character_set_client */ ;
/*!50003 SET @saved_cs_results     = @@character_set_results */ ;
/*!50003 SET @saved_col_connection = @@collation_connection */ ;
/*!50003 SET character_set_client  = utf8mb3 */ ;
/*!50003 SET character_set_results = utf8mb3 */ ;
/*!50003 SET collation_connection  = utf8mb3_general_ci */ ;
/*!50003 SET @saved_sql_mode       = @@sql_mode */ ;
/*!50003 SET sql_mode              = 'IGNORE_SPACE,STRICT_TRANS_TABLES,ERROR_FOR_DIVISION_BY_ZERO,NO_AUTO_CREATE_USER,NO_ENGINE_SUBSTITUTION' */ ;
DELIMITER ;;
/*!50003 CREATE*/ /*!50017 DEFINER=`sfikas`@`localhost`*/ /*!50003 TRIGGER sale_wdrawdislikes_update AFTER DELETE ON dislikes
FOR EACH ROW
    BEGIN
        DECLARE user2update INT UNSIGNED;

        -- update dislikes number on the sale that was liked by a user
        UPDATE sales 
        SET dislikes_num = dislikes_num+1
        WHERE id = OLD.sales_id;
        
        -- update the score of the user who submitted the sale
        SELECT user_suggested
        INTO user2update 
        FROM sales
        WHERE id = OLD.sales_id;

        UPDATE users
        SET monthly_score = monthly_score + 1,
            sum_score = sum_score + 1
        WHERE id = user2update;

    END */;;
DELIMITER ;
/*!50003 SET sql_mode              = @saved_sql_mode */ ;
/*!50003 SET character_set_client  = @saved_cs_client */ ;
/*!50003 SET character_set_results = @saved_cs_results */ ;
/*!50003 SET collation_connection  = @saved_col_connection */ ;

--
-- Table structure for table `likes`
--

DROP TABLE IF EXISTS `likes`;
/*!40101 SET @saved_cs_client     = @@character_set_client */;
/*!40101 SET character_set_client = utf8 */;
CREATE TABLE `likes` (
  `id` int(10) unsigned NOT NULL AUTO_INCREMENT,
  `sales_id` int(10) unsigned NOT NULL,
  `user_liked` int(10) unsigned DEFAULT NULL,
  PRIMARY KEY (`id`),
  KEY `sales_id_for_like` (`sales_id`),
  KEY `like_by` (`user_liked`),
  CONSTRAINT `like_by` FOREIGN KEY (`user_liked`) REFERENCES `users` (`id`) ON DELETE SET NULL ON UPDATE CASCADE,
  CONSTRAINT `sales_id_for_like` FOREIGN KEY (`sales_id`) REFERENCES `sales` (`id`) ON DELETE CASCADE ON UPDATE CASCADE
) ENGINE=InnoDB AUTO_INCREMENT=5119 DEFAULT CHARSET=utf8mb4 COLLATE=utf8mb4_general_ci;
/*!40101 SET character_set_client = @saved_cs_client */;

--
-- Dumping data for table `likes`
--

LOCK TABLES `likes` WRITE;
/*!40000 ALTER TABLE `likes` DISABLE KEYS */;
INSERT INTO `likes` VALUES
(1,1,35),
(2,1,2),
(3,1,19),
(4,1,24),
(5,1,37),
(6,1,34),
(7,1,23),
(8,1,26),
(9,1,26),
(10,1,24),
(11,1,31),
(12,1,5),
(13,1,46),
(14,1,36),
(15,2,7),
(16,2,24),
(17,2,21),
(18,2,16),
(19,2,23),
(20,2,30),
(21,2,15),
(22,2,18),
(23,2,22),
(24,2,24),
(25,2,16),
(26,2,38),
(27,2,21),
(28,2,8),
(29,3,48),
(30,3,40),
(31,3,38),
(32,3,34),
(33,3,11),
(34,3,7),
(35,3,44),
(36,3,23),
(37,3,8),
(38,3,41),
(39,3,7),
(40,3,9),
(41,4,1),
(42,4,18),
(43,4,47),
(44,4,26),
(45,4,3),
(46,4,9),
(47,5,31),
(48,5,28),
(49,5,25),
(50,6,21),
(51,6,26),
(52,6,1),
(53,6,27),
(54,6,38),
(55,6,47),
(56,6,26),
(57,6,39),
(58,6,4),
(59,6,24),
(60,6,7),
(61,6,25),
(62,6,24),
(63,7,13),
(64,7,5),
(65,7,10),
(66,7,38),
(67,7,7),
(68,7,26),
(69,7,30),
(70,7,5),
(71,7,46),
(72,7,2),
(73,7,14),
(74,7,26),
(75,7,42),
(76,8,45),
(77,8,17),
(78,8,17),
(79,9,46),
(80,9,35),
(81,9,22),
(82,9,25),
(83,9,8),
(84,9,3),
(85,9,4),
(86,9,32),
(87,9,47),
(88,9,33),
(89,9,2),
(90,9,2),
(91,9,6),
(92,10,22),
(93,10,48),
(94,10,24),
(95,10,19),
(96,11,34),
(97,11,45),
(98,11,12),
(99,11,45),
(100,11,5),
(101,11,14),
(102,11,18),
(103,11,33),
(104,12,6),
(105,13,39),
(106,13,10),
(107,13,2),
(108,13,30),
(109,13,9),
(110,13,44),
(111,13,43),
(112,13,22),
(113,13,43),
(114,13,34),
(115,13,6),
(116,13,46),
(117,13,29),
(118,13,1),
(119,13,34),
(120,14,3),
(121,14,45),
(122,15,32),
(123,15,12),
(124,15,6),
(125,15,42),
(126,15,26),
(127,15,49),
(128,15,46),
(129,15,30),
(130,15,20),
(131,15,49),
(132,16,19),
(133,16,3),
(134,16,14),
(135,16,43),
(136,16,17),
(137,16,7),
(138,16,24),
(139,16,28),
(140,16,40),
(141,16,14),
(142,16,37),
(143,16,12),
(144,17,14),
(145,17,24),
(146,17,23),
(147,17,47),
(148,17,46),
(149,17,25),
(150,18,44),
(151,18,9),
(152,18,36),
(153,18,16),
(154,18,34),
(155,18,43),
(156,18,23),
(157,18,16),
(158,18,27),
(159,18,41),
(160,18,7),
(161,18,15),
(162,18,1),
(163,18,22),
(164,18,32),
(165,19,44),
(166,19,40),
(167,20,27),
(168,20,12),
(169,20,22),
(170,20,5),
(171,20,8),
(172,21,23),
(173,21,30),
(174,21,7),
(175,21,29),
(176,21,36),
(177,21,25),
(178,21,29),
(179,21,7),
(180,21,11),
(181,22,30),
(182,22,28),
(183,22,6),
(184,22,33),
(185,23,30),
(186,23,47),
(187,23,40),
(188,23,33),
(189,23,21),
(190,23,44),
(191,23,15),
(192,23,6),
(193,23,11),
(194,23,5),
(195,23,13),
(196,23,18),
(197,24,14),
(198,24,34),
(199,24,41),
(200,24,31),
(201,24,42),
(202,24,48),
(203,25,1),
(204,25,26),
(205,25,3),
(206,25,10),
(207,25,7),
(208,26,45),
(209,26,6),
(210,26,33),
(211,27,6),
(212,27,13),
(213,27,2),
(214,27,15),
(215,27,14),
(216,27,20),
(217,27,47),
(218,27,2),
(219,27,43),
(220,27,39),
(221,27,14),
(222,28,23),
(223,28,8),
(224,28,17),
(225,28,42),
(226,28,22),
(227,28,15),
(228,28,29),
(229,28,22),
(230,28,2),
(231,28,13),
(232,28,9),
(233,29,35),
(234,29,24),
(235,29,41),
(236,29,10),
(237,29,14),
(238,30,46),
(239,30,3),
(240,30,3),
(241,30,10),
(242,30,2),
(243,30,9),
(244,30,43),
(245,30,15),
(246,30,13),
(247,30,15),
(248,31,26),
(249,31,48),
(250,31,38),
(251,31,47),
(252,31,17),
(253,31,6),
(254,31,17),
(255,31,43),
(256,31,16),
(257,31,7),
(258,31,5),
(259,31,47),
(260,31,10),
(261,32,47),
(262,32,24),
(263,32,2),
(264,33,2),
(265,33,40),
(266,33,27),
(267,33,3),
(268,33,41),
(269,33,3),
(270,33,42),
(271,33,25),
(272,33,9),
(273,33,36),
(274,33,13),
(275,34,25),
(276,34,22),
(277,34,11),
(278,35,23),
(279,35,10),
(280,35,32),
(281,35,20),
(282,35,27),
(283,35,29),
(284,35,36),
(285,35,1),
(286,35,8),
(287,35,27),
(288,35,11),
(289,36,38),
(290,36,27),
(291,36,24),
(292,36,9),
(293,36,8),
(294,36,11),
(295,36,4),
(296,36,3),
(297,36,9),
(298,36,36),
(299,36,16),
(300,37,2),
(301,37,28),
(302,37,46),
(303,37,22),
(304,37,28),
(305,37,27),
(306,37,18),
(307,37,37),
(308,38,41),
(309,38,38),
(310,38,4),
(311,38,27),
(312,38,21),
(313,38,37),
(314,38,6),
(315,38,25),
(316,38,40),
(317,38,16),
(318,38,34),
(319,38,16),
(320,39,20),
(321,39,14),
(322,39,46),
(323,39,17),
(324,39,46),
(325,39,2),
(326,39,14),
(327,39,11),
(328,39,41),
(329,39,3),
(330,40,39),
(331,40,32),
(332,40,5),
(333,40,12),
(334,40,17),
(335,40,39),
(336,40,46),
(337,40,22),
(338,40,19),
(339,40,8),
(340,40,4),
(341,40,1),
(342,40,10),
(343,40,33),
(344,41,19),
(345,41,44),
(346,42,25),
(347,42,20),
(348,42,35),
(349,42,5),
(350,42,43),
(351,43,40),
(352,43,12),
(353,43,47),
(354,43,28),
(355,43,23),
(356,43,49),
(357,43,31),
(358,43,21),
(359,43,26),
(360,43,15),
(361,43,40),
(362,44,26),
(363,44,15),
(364,44,38),
(365,44,9),
(366,44,33),
(367,44,7),
(368,44,24),
(369,44,15),
(370,44,14),
(371,45,17),
(372,45,29),
(373,45,40),
(374,46,20),
(375,46,2),
(376,46,15),
(377,46,13),
(378,46,28),
(379,46,4),
(380,46,25),
(381,46,36),
(382,46,15),
(383,48,12),
(384,48,46),
(385,48,39),
(386,49,39),
(387,49,25),
(388,49,27),
(389,49,13),
(390,49,26),
(391,49,4),
(392,49,23),
(393,49,46),
(394,49,11),
(395,49,9),
(396,50,5),
(397,50,11),
(398,50,16),
(399,50,9),
(400,50,43),
(401,50,2),
(402,50,40),
(403,50,35),
(404,50,33),
(405,50,13),
(406,50,32),
(407,51,11),
(408,51,31),
(409,51,49),
(410,52,22),
(411,52,1),
(412,52,5),
(413,52,14),
(414,52,4),
(415,52,30),
(416,52,16),
(417,52,39),
(418,52,22),
(419,52,42),
(420,52,12),
(421,52,6),
(422,53,44),
(423,53,34),
(424,53,41),
(425,53,39),
(426,53,49),
(427,53,38),
(428,54,18),
(429,54,41),
(430,54,21),
(431,54,39),
(432,54,47),
(433,54,33),
(434,54,32),
(435,55,27),
(436,55,29),
(437,55,43),
(438,55,19),
(439,55,28),
(440,55,10),
(441,55,30),
(442,55,1),
(443,55,17),
(444,55,5),
(445,55,10),
(446,56,42),
(447,56,28),
(448,56,6),
(449,56,27),
(450,56,46),
(451,56,35),
(452,56,36),
(453,56,42),
(454,56,47),
(455,56,1),
(456,56,26),
(457,57,39),
(458,57,11),
(459,57,49),
(460,57,27),
(461,57,43),
(462,57,41),
(463,57,18),
(464,57,45),
(465,57,31),
(466,58,16),
(467,58,24),
(468,58,36),
(469,59,4),
(470,59,9),
(471,59,12),
(472,59,45),
(473,59,29),
(474,59,26),
(475,59,38),
(476,59,37),
(477,59,42),
(478,60,39),
(479,60,34),
(480,60,24),
(481,60,34),
(482,60,41),
(483,60,15),
(484,60,20),
(485,60,35),
(486,60,34),
(487,60,33),
(488,62,44),
(489,62,31),
(490,62,20),
(491,62,15),
(492,62,25),
(493,62,4),
(494,62,21),
(495,63,19),
(496,63,35),
(497,63,24),
(498,63,36),
(499,63,28),
(500,63,6),
(501,63,10),
(502,63,7),
(503,63,5),
(504,63,44),
(505,63,5),
(506,63,17),
(507,63,6),
(508,64,17),
(509,64,41),
(510,64,47),
(511,64,40),
(512,64,32),
(513,64,40),
(514,64,22),
(515,65,10),
(516,65,25),
(517,65,23),
(518,65,8),
(519,65,19),
(520,65,6),
(521,65,12),
(522,65,41),
(523,65,7),
(524,66,49),
(525,66,33),
(526,66,11),
(527,66,49),
(528,67,5),
(529,68,20),
(530,68,9),
(531,68,12),
(532,68,24),
(533,68,46),
(534,68,13),
(535,68,44),
(536,68,46),
(537,68,19),
(538,68,38),
(539,69,14),
(540,69,23),
(541,69,35),
(542,69,13),
(543,69,40),
(544,69,46),
(545,69,29),
(546,69,23),
(547,69,13),
(548,69,40),
(549,70,44),
(550,72,39),
(551,72,15),
(552,72,43),
(553,72,23),
(554,72,16),
(555,72,31),
(556,72,12),
(557,72,46),
(558,72,7),
(559,72,13),
(560,72,27),
(561,72,49),
(562,72,48),
(563,72,17),
(564,73,42),
(565,73,9),
(566,73,5),
(567,73,49),
(568,73,11),
(569,73,9),
(570,73,7),
(571,73,31),
(572,73,33),
(573,73,7),
(574,75,29),
(575,75,15),
(576,75,3),
(577,75,18),
(578,75,9),
(579,76,37),
(580,76,26),
(581,76,18),
(582,76,41),
(583,76,34),
(584,76,14),
(585,76,48),
(586,76,9),
(587,76,4),
(588,76,46),
(589,77,5),
(590,77,20),
(591,77,8),
(592,77,48),
(593,78,45),
(594,78,32),
(595,78,20),
(596,78,15),
(597,78,37),
(598,78,6),
(599,78,12),
(600,78,11),
(601,78,4),
(602,78,43),
(603,79,11),
(604,79,25),
(605,79,11),
(606,79,2),
(607,80,37),
(608,80,26),
(609,80,36),
(610,80,26),
(611,80,44),
(612,80,14),
(613,81,48),
(614,81,6),
(615,81,2),
(616,81,39),
(617,81,4),
(618,81,37),
(619,81,46),
(620,81,48),
(621,81,34),
(622,81,42),
(623,81,45),
(624,81,4),
(625,81,39),
(626,82,4),
(627,82,9),
(628,82,7),
(629,82,26),
(630,82,32),
(631,82,35),
(632,82,27),
(633,82,13),
(634,82,8),
(635,82,40),
(636,82,12),
(637,82,4),
(638,83,17),
(639,83,42),
(640,83,36),
(641,83,44),
(642,83,12),
(643,83,3),
(644,84,33),
(645,84,23),
(646,84,30),
(647,84,43),
(648,84,27),
(649,84,15),
(650,84,45),
(651,84,38),
(652,84,25),
(653,85,8),
(654,85,1),
(655,85,26),
(656,85,40),
(657,85,28),
(658,85,31),
(659,86,41),
(660,86,42),
(661,86,21),
(662,86,23),
(663,86,19),
(664,86,35),
(665,86,18),
(666,86,28),
(667,86,5),
(668,87,23),
(669,87,22),
(670,87,1),
(671,87,19),
(672,87,7),
(673,87,7),
(674,87,8),
(675,87,10),
(676,87,33),
(677,87,12),
(678,87,14),
(679,87,9),
(680,88,7),
(681,88,49),
(682,88,20),
(683,88,5),
(684,88,19),
(685,88,28),
(686,89,23),
(687,90,39),
(688,90,36),
(689,90,19),
(690,90,49),
(691,90,47),
(692,90,46),
(693,90,43),
(694,90,43),
(695,90,34),
(696,90,16),
(697,90,8),
(698,90,48),
(699,90,22),
(700,91,3),
(701,91,11),
(702,91,11),
(703,92,2),
(704,93,43),
(705,93,46),
(706,93,18),
(707,93,40),
(708,93,34),
(709,93,13),
(710,93,4),
(711,93,32),
(712,94,30),
(713,94,47),
(714,94,39),
(715,94,49),
(716,94,16),
(717,94,21),
(718,94,11),
(719,94,8),
(720,94,6),
(721,94,28),
(722,94,41),
(723,94,5),
(724,94,28),
(725,94,46),
(726,95,32),
(727,95,26),
(728,95,13),
(729,95,15),
(730,95,48),
(731,95,35),
(732,96,15),
(733,96,12),
(734,96,19),
(735,96,20),
(736,96,40),
(737,96,5),
(738,97,26),
(739,97,16),
(740,97,14),
(741,97,11),
(742,97,12),
(743,99,28),
(744,99,49),
(745,99,28),
(746,99,14),
(747,99,33),
(748,99,29),
(749,99,8),
(750,99,48),
(751,100,45),
(752,100,44),
(753,100,37),
(754,100,16),
(755,100,37),
(756,100,14),
(757,100,14),
(758,100,5),
(759,100,30),
(760,100,29),
(761,100,8),
(762,100,8),
(763,101,42),
(764,101,46),
(765,101,46),
(766,101,31),
(767,101,24),
(768,101,16),
(769,101,47),
(770,101,24),
(771,101,3),
(772,101,46),
(773,101,7),
(774,101,43),
(775,101,2),
(776,101,42),
(777,101,5),
(778,102,4),
(779,102,46),
(780,102,2),
(781,102,26),
(782,102,45),
(783,102,28),
(784,102,43),
(785,102,20),
(786,103,41),
(787,103,39),
(788,103,30),
(789,103,35),
(790,103,42),
(791,103,36),
(792,103,45),
(793,103,38),
(794,103,17),
(795,103,35),
(796,103,4),
(797,103,4),
(798,103,10),
(799,103,48),
(800,103,18),
(801,104,21),
(802,104,30),
(803,104,25),
(804,104,5),
(805,104,5),
(806,104,32),
(807,104,1),
(808,104,27),
(809,104,16),
(810,104,26),
(811,104,23),
(812,104,25),
(813,104,6),
(814,105,14),
(815,105,38),
(816,105,6),
(817,105,31),
(818,105,37),
(819,105,48),
(820,105,47),
(821,105,43),
(822,105,28),
(823,105,28),
(824,106,38),
(825,106,41),
(826,106,16),
(827,106,34),
(828,106,40),
(829,106,28),
(830,106,12),
(831,107,23),
(832,107,23),
(833,107,45),
(834,107,26),
(835,107,24),
(836,107,27),
(837,107,16),
(838,107,45),
(839,107,11),
(840,109,32),
(841,109,30),
(842,109,21),
(843,109,19),
(844,109,37),
(845,109,31),
(846,109,9),
(847,109,36),
(848,109,32),
(849,110,9),
(850,110,10),
(851,110,41),
(852,110,36),
(853,110,28),
(854,110,36),
(855,110,28),
(856,110,13),
(857,110,21),
(858,111,29),
(859,111,45),
(860,111,23),
(861,111,28),
(862,111,30),
(863,111,42),
(864,111,48),
(865,111,39),
(866,111,30),
(867,111,27),
(868,111,47),
(869,111,48),
(870,112,6),
(871,112,42),
(872,112,12),
(873,112,44),
(874,112,39),
(875,112,13),
(876,112,44),
(877,113,35),
(878,113,32),
(879,113,36),
(880,113,12),
(881,113,29),
(882,113,1),
(883,113,10),
(884,113,7),
(885,113,4),
(886,114,11),
(887,114,34),
(888,114,26),
(889,114,46),
(890,114,37),
(891,114,19),
(892,114,18),
(893,114,24),
(894,114,39),
(895,114,25),
(896,115,7),
(897,115,15),
(898,115,44),
(899,115,27),
(900,115,44),
(901,115,1),
(902,115,46),
(903,115,48),
(904,115,22),
(905,115,36),
(906,116,48),
(907,116,16),
(908,116,33),
(909,116,16),
(910,116,17),
(911,116,26),
(912,116,20),
(913,116,1),
(914,116,4),
(915,116,10),
(916,117,10),
(917,117,29),
(918,117,32),
(919,117,34),
(920,117,32),
(921,117,21),
(922,117,43),
(923,118,45),
(924,118,39),
(925,118,35),
(926,118,43),
(927,118,3),
(928,118,30),
(929,118,27),
(930,118,29),
(931,118,16),
(932,118,41),
(933,118,40),
(934,118,42),
(935,119,26),
(936,119,3),
(937,119,17),
(938,119,37),
(939,119,31),
(940,119,14),
(941,119,45),
(942,119,32),
(943,119,8),
(944,120,16),
(945,120,37),
(946,120,49),
(947,120,30),
(948,120,29),
(949,120,23),
(950,120,46),
(951,120,8),
(952,121,43),
(953,121,34),
(954,121,45),
(955,121,31),
(956,121,41),
(957,121,28),
(958,121,31),
(959,122,1),
(960,122,14),
(961,122,36),
(962,122,21),
(963,122,16),
(964,122,26),
(965,122,8),
(966,122,10),
(967,122,41),
(968,122,42),
(969,122,14),
(970,122,39),
(971,122,19),
(972,122,30),
(973,123,47),
(974,123,14),
(975,123,22),
(976,123,21),
(977,123,14),
(978,123,38),
(979,123,42),
(980,124,7),
(981,124,27),
(982,124,48),
(983,124,4),
(984,124,27),
(985,124,41),
(986,125,41),
(987,125,40),
(988,125,20),
(989,125,18),
(990,125,36),
(991,125,8),
(992,125,23),
(993,126,40),
(994,127,17),
(995,127,28),
(996,127,40),
(997,127,19),
(998,127,31),
(999,127,26),
(1000,127,38),
(1001,127,40),
(1002,127,3),
(1003,127,9),
(1004,127,18),
(1005,128,4),
(1006,128,29),
(1007,129,40),
(1008,129,34),
(1009,129,43),
(1010,129,44),
(1011,129,29),
(1012,129,24),
(1013,129,28),
(1014,130,16),
(1015,130,38),
(1016,130,37),
(1017,130,11),
(1018,130,48),
(1019,130,8),
(1020,130,25),
(1021,130,46),
(1022,130,33),
(1023,130,10),
(1024,130,7),
(1025,130,38),
(1026,131,27),
(1027,131,2),
(1028,131,9),
(1029,131,39),
(1030,131,19),
(1031,131,5),
(1032,131,18),
(1033,131,13),
(1034,132,44),
(1035,133,7),
(1036,133,34),
(1037,133,14),
(1038,133,49),
(1039,133,44),
(1040,133,15),
(1041,133,16),
(1042,135,37),
(1043,135,38),
(1044,135,31),
(1045,135,26),
(1046,135,22),
(1047,135,39),
(1048,135,2),
(1049,135,29),
(1050,135,12),
(1051,135,41),
(1052,135,8),
(1053,135,13),
(1054,135,34),
(1055,135,42),
(1056,135,43),
(1057,136,18),
(1058,136,39),
(1059,136,8),
(1060,136,17),
(1061,136,12),
(1062,136,7),
(1063,136,7),
(1064,136,12),
(1065,136,41),
(1066,136,28),
(1067,136,14),
(1068,136,7),
(1069,136,39),
(1070,137,13),
(1071,137,24),
(1072,137,9),
(1073,137,4),
(1074,137,39),
(1075,137,41),
(1076,137,45),
(1077,138,12),
(1078,138,28),
(1079,138,42),
(1080,138,30),
(1081,138,13),
(1082,138,12),
(1083,138,5),
(1084,138,15),
(1085,138,48),
(1086,139,48),
(1087,139,21),
(1088,139,43),
(1089,139,19),
(1090,139,46),
(1091,139,5),
(1092,139,23),
(1093,139,47),
(1094,139,16),
(1095,139,2),
(1096,139,32),
(1097,139,25),
(1098,139,17),
(1099,139,27),
(1100,139,38),
(1101,140,20),
(1102,140,17),
(1103,140,7),
(1104,140,43),
(1105,140,32),
(1106,140,9),
(1107,140,25),
(1108,140,13),
(1109,140,14),
(1110,141,35),
(1111,141,24),
(1112,141,24),
(1113,141,30),
(1114,141,22),
(1115,141,40),
(1116,142,22),
(1117,142,48),
(1118,142,27),
(1119,142,16),
(1120,142,46),
(1121,143,34),
(1122,143,34),
(1123,143,12),
(1124,143,49),
(1125,143,16),
(1126,143,2),
(1127,144,41),
(1128,144,40),
(1129,144,47),
(1130,144,2),
(1131,144,40),
(1132,144,33),
(1133,144,30),
(1134,144,5),
(1135,144,35),
(1136,144,44),
(1137,144,45),
(1138,145,25),
(1139,145,42),
(1140,145,16),
(1141,145,1),
(1142,145,46),
(1143,145,35),
(1144,145,16),
(1145,145,21),
(1146,145,2),
(1147,145,2),
(1148,145,8),
(1149,145,32),
(1150,146,43),
(1151,146,30),
(1152,146,27),
(1153,146,7),
(1154,146,49),
(1155,146,43),
(1156,146,42),
(1157,146,4),
(1158,146,45),
(1159,146,38),
(1160,146,28),
(1161,146,38),
(1162,146,11),
(1163,147,12),
(1164,147,18),
(1165,147,33),
(1166,147,11),
(1167,147,27),
(1168,147,40),
(1169,147,40),
(1170,147,45),
(1171,147,23),
(1172,147,19),
(1173,147,34),
(1174,148,27),
(1175,148,2),
(1176,148,16),
(1177,148,42),
(1178,148,34),
(1179,148,39),
(1180,148,38),
(1181,148,23),
(1182,148,27),
(1183,149,18),
(1184,149,17),
(1185,149,16),
(1186,149,9),
(1187,149,28),
(1188,149,43),
(1189,149,45),
(1190,149,31),
(1191,149,39),
(1192,149,30),
(1193,149,16),
(1194,150,2),
(1195,150,35),
(1196,150,21),
(1197,150,3),
(1198,150,21),
(1199,150,44),
(1200,150,28),
(1201,150,33),
(1202,150,46),
(1203,150,15),
(1204,150,27),
(1205,150,8),
(1206,150,35),
(1207,150,3),
(1208,151,35),
(1209,151,5),
(1210,151,32),
(1211,151,5),
(1212,151,7),
(1213,151,30),
(1214,151,13),
(1215,151,43),
(1216,151,45),
(1217,151,3),
(1218,151,12),
(1219,152,25),
(1220,152,48),
(1221,152,6),
(1222,153,9),
(1223,153,23),
(1224,153,34),
(1225,153,35),
(1226,153,14),
(1227,153,30),
(1228,153,26),
(1229,154,44),
(1230,154,10),
(1231,154,30),
(1232,154,44),
(1233,154,8),
(1234,154,31),
(1235,155,27),
(1236,155,48),
(1237,155,8),
(1238,155,42),
(1239,156,22),
(1240,157,22),
(1241,157,7),
(1242,157,19),
(1243,157,26),
(1244,157,26),
(1245,157,37),
(1246,157,41),
(1247,157,7),
(1248,157,48),
(1249,157,21),
(1250,157,13),
(1251,158,42),
(1252,158,1),
(1253,158,28),
(1254,158,44),
(1255,158,45),
(1256,158,21),
(1257,158,17),
(1258,158,12),
(1259,158,27),
(1260,158,14),
(1261,159,41),
(1262,159,26),
(1263,159,13),
(1264,159,27),
(1265,159,23),
(1266,159,22),
(1267,159,35),
(1268,159,40),
(1269,159,4),
(1270,159,25),
(1271,159,26),
(1272,159,18),
(1273,159,2),
(1274,160,2),
(1275,160,25),
(1276,160,45),
(1277,160,4),
(1278,160,12),
(1279,161,19),
(1280,161,18),
(1281,161,45),
(1282,161,45),
(1283,163,16),
(1284,163,43),
(1285,163,2),
(1286,164,16),
(1287,164,25),
(1288,164,42),
(1289,164,20),
(1290,165,10),
(1291,165,12),
(1292,165,23),
(1293,165,30),
(1294,165,47),
(1295,165,11),
(1296,165,24),
(1297,165,36),
(1298,165,36),
(1299,165,28),
(1300,165,2),
(1301,165,18),
(1302,165,8),
(1303,166,48),
(1304,166,31),
(1305,167,44),
(1306,167,35),
(1307,167,23),
(1308,167,14),
(1309,168,28),
(1310,168,47),
(1311,168,17),
(1312,168,33),
(1313,168,40),
(1314,169,42),
(1315,169,19),
(1316,169,47),
(1317,170,4),
(1318,170,19),
(1319,170,46),
(1320,170,23),
(1321,170,13),
(1322,170,27),
(1323,170,28),
(1324,170,41),
(1325,170,4),
(1326,170,42),
(1327,171,33),
(1328,171,14),
(1329,171,38),
(1330,171,19),
(1331,172,8),
(1332,172,13),
(1333,172,14),
(1334,172,39),
(1335,172,23),
(1336,173,23),
(1337,173,20),
(1338,173,23),
(1339,173,37),
(1340,174,29),
(1341,174,15),
(1342,174,29),
(1343,174,41),
(1344,174,22),
(1345,174,11),
(1346,174,8),
(1347,177,12),
(1348,177,30),
(1349,177,32),
(1350,177,4),
(1351,177,36),
(1352,178,24),
(1353,178,40),
(1354,178,44),
(1355,178,14),
(1356,178,30),
(1357,178,21),
(1358,178,35),
(1359,178,43),
(1360,178,20),
(1361,178,22),
(1362,178,32),
(1363,179,43),
(1364,179,2),
(1365,179,20),
(1366,179,13),
(1367,180,5),
(1368,180,37),
(1369,180,41),
(1370,180,11),
(1371,181,30),
(1372,181,6),
(1373,181,44),
(1374,181,7),
(1375,181,8),
(1376,181,38),
(1377,181,19),
(1378,181,30),
(1379,181,9),
(1380,181,28),
(1381,182,41),
(1382,182,19),
(1383,182,47),
(1384,182,15),
(1385,182,38),
(1386,182,29),
(1387,183,2),
(1388,183,36),
(1389,183,8),
(1390,183,42),
(1391,183,35),
(1392,183,18),
(1393,183,12),
(1394,183,44),
(1395,183,18),
(1396,183,22),
(1397,183,16),
(1398,184,28),
(1399,184,19),
(1400,184,24),
(1401,184,23),
(1402,184,33),
(1403,184,39),
(1404,184,32),
(1405,184,42),
(1406,184,8),
(1407,185,2),
(1408,185,16),
(1409,185,31),
(1410,186,24),
(1411,186,37),
(1412,186,43),
(1413,186,47),
(1414,186,17),
(1415,186,28),
(1416,186,44),
(1417,186,36),
(1418,186,37),
(1419,186,19),
(1420,187,13),
(1421,187,42),
(1422,187,47),
(1423,187,39),
(1424,188,8),
(1425,188,29),
(1426,188,20),
(1427,188,25),
(1428,188,8),
(1429,188,35),
(1430,189,34),
(1431,189,45),
(1432,189,48),
(1433,189,36),
(1434,189,28),
(1435,189,7),
(1436,190,14),
(1437,190,15),
(1438,190,38),
(1439,190,15),
(1440,190,49),
(1441,190,4),
(1442,190,32),
(1443,191,12),
(1444,192,8),
(1445,192,47),
(1446,192,26),
(1447,192,7),
(1448,192,8),
(1449,192,29),
(1450,192,7),
(1451,192,8),
(1452,192,41),
(1453,192,24),
(1454,193,7),
(1455,193,47),
(1456,193,42),
(1457,193,4),
(1458,194,23),
(1459,194,34),
(1460,194,38),
(1461,195,10),
(1462,195,36),
(1463,195,41),
(1464,195,31),
(1465,195,12),
(1466,195,23),
(1467,195,30),
(1468,196,42),
(1469,196,37),
(1470,196,40),
(1471,196,20),
(1472,196,33),
(1473,196,46),
(1474,196,48),
(1475,196,26),
(1476,196,18),
(1477,196,47),
(1478,196,22),
(1479,197,17),
(1480,197,39),
(1481,197,12),
(1482,197,18),
(1483,197,47),
(1484,198,23),
(1485,198,22),
(1486,198,29),
(1487,198,5),
(1488,198,40),
(1489,198,42),
(1490,198,14),
(1491,198,22),
(1492,198,29),
(1493,198,30),
(1494,198,49),
(1495,198,15),
(1496,198,32),
(1497,198,40),
(1498,198,9),
(1499,199,10),
(1500,199,19),
(1501,199,35),
(1502,199,20),
(1503,199,44),
(1504,199,24),
(1505,199,27),
(1506,199,29),
(1507,199,4),
(1508,199,20),
(1509,199,42),
(1510,200,3),
(1511,200,32),
(1512,201,23),
(1513,201,1),
(1514,201,2),
(1515,201,29),
(1516,201,32),
(1517,202,19),
(1518,203,48),
(1519,203,2),
(1520,203,29),
(1521,203,20),
(1522,203,19),
(1523,203,9),
(1524,203,35),
(1525,203,24),
(1526,203,27),
(1527,203,36),
(1528,204,36),
(1529,204,19),
(1530,204,22),
(1531,204,42),
(1532,204,46),
(1533,205,30),
(1534,205,43),
(1535,205,37),
(1536,205,15),
(1537,205,32),
(1538,206,44),
(1539,206,6),
(1540,206,20),
(1541,206,44),
(1542,207,11),
(1543,207,44),
(1544,207,47),
(1545,207,39),
(1546,207,24),
(1547,208,7),
(1548,208,10),
(1549,208,28),
(1550,209,12),
(1551,209,35),
(1552,209,10),
(1553,209,44),
(1554,209,41),
(1555,209,32),
(1556,209,46),
(1557,209,18),
(1558,209,4),
(1559,209,36),
(1560,209,32),
(1561,209,47),
(1562,209,49),
(1563,209,23),
(1564,209,49),
(1565,210,13),
(1566,210,21),
(1567,210,19),
(1568,210,31),
(1569,210,25),
(1570,210,23),
(1571,210,29),
(1572,210,10),
(1573,210,12),
(1574,212,2),
(1575,212,41),
(1576,212,22),
(1577,213,34),
(1578,213,13),
(1579,214,14),
(1580,215,17),
(1581,215,24),
(1582,215,40),
(1583,215,36),
(1584,215,23),
(1585,216,48),
(1586,216,5),
(1587,216,22),
(1588,216,12),
(1589,216,21),
(1590,216,2),
(1591,216,44),
(1592,216,8),
(1593,216,46),
(1594,216,23),
(1595,216,15),
(1596,217,15),
(1597,217,34),
(1598,217,1),
(1599,217,6),
(1600,217,17),
(1601,217,2),
(1602,217,22),
(1603,217,9),
(1604,217,10),
(1605,217,31),
(1606,217,10),
(1607,218,16),
(1608,218,31),
(1609,218,33),
(1610,218,44),
(1611,218,36),
(1612,219,2),
(1613,219,33),
(1614,219,35),
(1615,219,40),
(1616,219,46),
(1617,220,18),
(1618,221,34),
(1619,221,19),
(1620,221,5),
(1621,222,8),
(1622,222,22),
(1623,222,36),
(1624,222,3),
(1625,222,38),
(1626,222,49),
(1627,222,12),
(1628,222,1),
(1629,222,3),
(1630,223,45),
(1631,223,38),
(1632,223,40),
(1633,224,29),
(1634,224,36),
(1635,224,3),
(1636,225,6),
(1637,225,20),
(1638,225,46),
(1639,225,34),
(1640,225,18),
(1641,225,10),
(1642,225,14),
(1643,226,21),
(1644,227,13),
(1645,227,27),
(1646,227,7),
(1647,227,40),
(1648,227,45),
(1649,227,49),
(1650,227,32),
(1651,227,8),
(1652,227,37),
(1653,227,11),
(1654,227,1),
(1655,227,2),
(1656,227,27),
(1657,227,31),
(1658,227,14),
(1659,228,5),
(1660,228,1),
(1661,228,5),
(1662,228,44),
(1663,228,36),
(1664,228,14),
(1665,228,23),
(1666,228,43),
(1667,228,10),
(1668,228,45),
(1669,228,41),
(1670,228,41),
(1671,228,7),
(1672,228,39),
(1673,228,40),
(1674,229,13),
(1675,229,17),
(1676,229,35),
(1677,229,27),
(1678,229,3),
(1679,229,9),
(1680,229,45),
(1681,229,22),
(1682,229,33),
(1683,229,23),
(1684,230,20),
(1685,230,46),
(1686,230,41),
(1687,230,41),
(1688,230,4),
(1689,230,11),
(1690,230,34),
(1691,230,19),
(1692,230,33),
(1693,230,46),
(1694,230,7),
(1695,230,31),
(1696,230,35),
(1697,232,45),
(1698,232,38),
(1699,232,6),
(1700,232,32),
(1701,232,44),
(1702,232,45),
(1703,232,12),
(1704,232,12),
(1705,232,2),
(1706,233,3),
(1707,233,5),
(1708,233,2),
(1709,233,49),
(1710,233,9),
(1711,233,27),
(1712,233,32),
(1713,233,42),
(1714,233,36),
(1715,233,1),
(1716,233,9),
(1717,233,13),
(1718,233,26),
(1719,233,29),
(1720,234,35),
(1721,234,37),
(1722,234,26),
(1723,234,33),
(1724,234,7),
(1725,234,2),
(1726,234,25),
(1727,235,42),
(1728,235,39),
(1729,235,40),
(1730,236,35),
(1731,236,24),
(1732,236,22),
(1733,236,36),
(1734,236,30),
(1735,236,38),
(1736,236,13),
(1737,236,48),
(1738,236,12),
(1739,236,5),
(1740,237,25),
(1741,237,37),
(1742,237,11),
(1743,237,34),
(1744,237,16),
(1745,237,12),
(1746,237,30),
(1747,237,8),
(1748,237,36),
(1749,237,27),
(1750,237,13),
(1751,237,19),
(1752,237,45),
(1753,237,33),
(1754,238,21),
(1755,238,5),
(1756,238,36),
(1757,238,45),
(1758,239,5),
(1759,240,44),
(1760,240,32),
(1761,240,28),
(1762,240,19),
(1763,240,41),
(1764,240,42),
(1765,240,2),
(1766,240,41),
(1767,240,14),
(1768,240,16),
(1769,240,17),
(1770,241,18),
(1771,241,32),
(1772,241,36),
(1773,241,37),
(1774,242,47),
(1775,242,32),
(1776,242,13),
(1777,242,30),
(1778,242,33),
(1779,242,29),
(1780,242,44),
(1781,242,12),
(1782,242,14),
(1783,242,16),
(1784,243,8),
(1785,243,46),
(1786,243,15),
(1787,243,40),
(1788,243,15),
(1789,243,49),
(1790,243,19),
(1791,243,45),
(1792,243,5),
(1793,244,22),
(1794,244,25),
(1795,244,25),
(1796,244,8),
(1797,244,35),
(1798,244,23),
(1799,244,25),
(1800,244,16),
(1801,244,1),
(1802,244,29),
(1803,245,29),
(1804,245,41),
(1805,246,16),
(1806,246,11),
(1807,246,19),
(1808,246,25),
(1809,246,18),
(1810,247,42),
(1811,247,40),
(1812,247,17),
(1813,247,41),
(1814,247,14),
(1815,247,20),
(1816,247,16),
(1817,247,33),
(1818,247,41),
(1819,247,25),
(1820,247,1),
(1821,247,24),
(1822,247,13),
(1823,247,32),
(1824,247,8),
(1825,248,21),
(1826,248,49),
(1827,248,7),
(1828,248,7),
(1829,248,13),
(1830,248,44),
(1831,248,12),
(1832,248,36),
(1833,248,48),
(1834,248,6),
(1835,249,18),
(1836,249,17),
(1837,249,29),
(1838,249,47),
(1839,249,26),
(1840,249,49),
(1841,249,5),
(1842,249,10),
(1843,249,3),
(1844,249,1),
(1845,249,41),
(1846,250,2),
(1847,250,13),
(1848,250,29),
(1849,250,11),
(1850,250,48),
(1851,250,8),
(1852,250,37),
(1853,250,49),
(1854,250,14),
(1855,251,18),
(1856,251,10),
(1857,252,44),
(1858,252,12),
(1859,252,20),
(1860,253,39),
(1861,253,40),
(1862,253,28),
(1863,253,8),
(1864,253,33),
(1865,253,44),
(1866,253,15),
(1867,254,27),
(1868,254,7),
(1869,254,3),
(1870,254,5),
(1871,255,33),
(1872,255,18),
(1873,255,27),
(1874,255,19),
(1875,255,37),
(1876,255,19),
(1877,256,35),
(1878,257,9),
(1879,257,16),
(1880,257,18),
(1881,257,15),
(1882,258,24),
(1883,258,38),
(1884,258,14),
(1885,258,7),
(1886,258,3),
(1887,258,48),
(1888,259,16),
(1889,259,14),
(1890,259,4),
(1891,259,10),
(1892,259,45),
(1893,259,32),
(1894,259,43),
(1895,259,14),
(1896,259,36),
(1897,259,48),
(1898,259,45),
(1899,260,26),
(1900,260,2),
(1901,260,11),
(1902,260,30),
(1903,260,3),
(1904,260,35),
(1905,260,10),
(1906,260,12),
(1907,260,7),
(1908,260,7),
(1909,260,34),
(1910,260,22),
(1911,260,36),
(1912,260,17),
(1913,260,13),
(1914,261,3),
(1915,261,44),
(1916,261,49),
(1917,261,3),
(1918,261,21),
(1919,261,34),
(1920,261,18),
(1921,261,49),
(1922,261,29),
(1923,261,30),
(1924,262,22),
(1925,262,14),
(1926,262,10),
(1927,262,41),
(1928,262,6),
(1929,262,46),
(1930,262,19),
(1931,262,26),
(1932,262,22),
(1933,262,4),
(1934,263,11),
(1935,263,47),
(1936,263,5),
(1937,263,20),
(1938,263,42),
(1939,263,32),
(1940,263,4),
(1941,264,28),
(1942,264,4),
(1943,264,22),
(1944,264,20),
(1945,264,27),
(1946,264,45),
(1947,264,21),
(1948,264,24),
(1949,264,9),
(1950,264,46),
(1951,264,47),
(1952,264,33),
(1953,265,3),
(1954,265,44),
(1955,265,34),
(1956,265,7),
(1957,265,36),
(1958,265,42),
(1959,265,16),
(1960,265,39),
(1961,265,32),
(1962,265,47),
(1963,265,27),
(1964,265,2),
(1965,266,46),
(1966,266,37),
(1967,266,17),
(1968,266,14),
(1969,266,37),
(1970,266,32),
(1971,266,46),
(1972,266,34),
(1973,266,5),
(1974,266,31),
(1975,266,35),
(1976,266,3),
(1977,267,27),
(1978,267,15),
(1979,267,16),
(1980,267,11),
(1981,267,28),
(1982,267,32),
(1983,267,11),
(1984,267,3),
(1985,267,26),
(1986,267,21),
(1987,267,9),
(1988,267,19),
(1989,267,35),
(1990,267,3),
(1991,267,40),
(1992,268,48),
(1993,268,30),
(1994,268,39),
(1995,268,8),
(1996,268,9),
(1997,268,29),
(1998,268,7),
(1999,268,17),
(2000,268,48),
(2001,268,21),
(2002,268,44),
(2003,268,39),
(2004,269,10),
(2005,270,10),
(2006,271,46),
(2007,271,49),
(2008,272,44),
(2009,272,40),
(2010,272,15),
(2011,272,16),
(2012,272,37),
(2013,272,45),
(2014,273,44),
(2015,273,14),
(2016,273,13),
(2017,273,12),
(2018,273,32),
(2019,273,10),
(2020,273,6),
(2021,273,2),
(2022,273,3),
(2023,273,13),
(2024,273,21),
(2025,273,22),
(2026,273,27),
(2027,274,3),
(2028,275,5),
(2029,275,41),
(2030,275,40),
(2031,275,24),
(2032,275,12),
(2033,275,10),
(2034,275,33),
(2035,275,5),
(2036,275,42),
(2037,275,6),
(2038,276,13),
(2039,276,3),
(2040,276,22),
(2041,276,5),
(2042,277,6),
(2043,277,37),
(2044,277,23),
(2045,277,8),
(2046,277,4),
(2047,277,15),
(2048,277,37),
(2049,277,33),
(2050,277,28),
(2051,277,18),
(2052,277,37),
(2053,278,21),
(2054,278,18),
(2055,278,31),
(2056,278,21),
(2057,278,16),
(2058,279,3),
(2059,279,17),
(2060,279,33),
(2061,279,21),
(2062,279,17),
(2063,281,22),
(2064,281,45),
(2065,282,38),
(2066,283,49),
(2067,283,46),
(2068,283,18),
(2069,283,21),
(2070,283,6),
(2071,283,13),
(2072,283,42),
(2073,283,37),
(2074,283,44),
(2075,284,28),
(2076,284,24),
(2077,284,45),
(2078,284,24),
(2079,284,39),
(2080,284,44),
(2081,284,13),
(2082,284,2),
(2083,284,6),
(2084,284,10),
(2085,284,13),
(2086,285,19),
(2087,285,18),
(2088,285,26),
(2089,285,24),
(2090,285,2),
(2091,285,2),
(2092,285,17),
(2093,285,39),
(2094,285,43),
(2095,285,36),
(2096,285,11),
(2097,285,20),
(2098,285,32),
(2099,285,28),
(2100,286,8),
(2101,286,40),
(2102,286,6),
(2103,286,10),
(2104,286,10),
(2105,286,48),
(2106,287,23),
(2107,287,44),
(2108,287,47),
(2109,287,39),
(2110,288,20),
(2111,288,45),
(2112,288,5),
(2113,288,33),
(2114,289,27),
(2115,289,18),
(2116,289,23),
(2117,290,21),
(2118,290,20),
(2119,290,23),
(2120,290,17),
(2121,290,8),
(2122,290,31),
(2123,290,40),
(2124,290,23),
(2125,290,33),
(2126,290,48),
(2127,290,9),
(2128,291,29),
(2129,291,49),
(2130,291,22),
(2131,292,15),
(2132,292,8),
(2133,292,39),
(2134,292,31),
(2135,292,17),
(2136,292,19),
(2137,292,37),
(2138,292,4),
(2139,292,40),
(2140,292,18),
(2141,292,45),
(2142,293,34),
(2143,294,4),
(2144,294,21),
(2145,294,35),
(2146,294,27),
(2147,294,42),
(2148,294,5),
(2149,294,30),
(2150,294,11),
(2151,294,37),
(2152,294,28),
(2153,294,12),
(2154,294,47),
(2155,294,13),
(2156,294,39),
(2157,295,33),
(2158,295,49),
(2159,295,46),
(2160,295,6),
(2161,295,37),
(2162,295,2),
(2163,295,5),
(2164,295,4),
(2165,295,40),
(2166,295,24),
(2167,295,4),
(2168,296,49),
(2169,296,12),
(2170,296,17),
(2171,296,42),
(2172,296,26),
(2173,296,18),
(2174,296,41),
(2175,296,4),
(2176,296,8),
(2177,296,11),
(2178,296,36),
(2179,296,17),
(2180,296,14),
(2181,296,9),
(2182,297,49),
(2183,297,25),
(2184,297,45),
(2185,297,18),
(2186,297,6),
(2187,297,6),
(2188,297,16),
(2189,297,46),
(2190,297,21),
(2191,297,8),
(2192,298,25),
(2193,298,34),
(2194,298,48),
(2195,299,6),
(2196,300,36),
(2197,300,41),
(2198,300,42),
(2199,300,26),
(2200,300,49),
(2201,300,13),
(2202,300,14),
(2203,301,11),
(2204,301,41),
(2205,301,42),
(2206,301,47),
(2207,301,38),
(2208,301,43),
(2209,301,21),
(2210,301,49),
(2211,301,21),
(2212,301,22),
(2213,301,31),
(2214,302,1),
(2215,302,36),
(2216,302,3),
(2217,302,48),
(2218,302,46),
(2219,303,16),
(2220,303,34),
(2221,305,24),
(2222,305,22),
(2223,305,3),
(2224,305,6),
(2225,305,41),
(2226,305,49),
(2227,305,16),
(2228,305,32),
(2229,305,30),
(2230,305,18),
(2231,305,28),
(2232,305,22),
(2233,305,46),
(2234,306,34),
(2235,306,42),
(2236,307,34),
(2237,307,3),
(2238,307,15),
(2239,307,49),
(2240,307,35),
(2241,307,29),
(2242,307,9),
(2243,307,8),
(2244,307,10),
(2245,307,21),
(2246,307,24),
(2247,307,21),
(2248,307,48),
(2249,308,29),
(2250,308,37),
(2251,308,38),
(2252,308,35),
(2253,308,28),
(2254,308,26),
(2255,308,49),
(2256,309,20),
(2257,309,40),
(2258,309,26),
(2259,309,27),
(2260,309,37),
(2261,309,36),
(2262,309,3),
(2263,310,22),
(2264,310,48),
(2265,310,15),
(2266,310,6),
(2267,310,19),
(2268,310,17),
(2269,310,39),
(2270,310,24),
(2271,310,5),
(2272,310,17),
(2273,310,40),
(2274,310,47),
(2275,310,14),
(2276,310,10),
(2277,310,25),
(2278,311,36),
(2279,311,28),
(2280,311,2),
(2281,312,24),
(2282,313,38),
(2283,313,11),
(2284,313,35),
(2285,313,34),
(2286,313,44),
(2287,313,35),
(2288,313,11),
(2289,313,27),
(2290,313,13),
(2291,313,38),
(2292,313,10),
(2293,314,5),
(2294,314,25),
(2295,314,43),
(2296,314,30),
(2297,314,4),
(2298,314,18),
(2299,315,48),
(2300,315,15),
(2301,315,3),
(2302,315,16),
(2303,315,16),
(2304,315,22),
(2305,315,49),
(2306,315,41),
(2307,315,21),
(2308,315,35),
(2309,315,8),
(2310,315,6),
(2311,315,21),
(2312,315,9),
(2313,316,24),
(2314,316,12),
(2315,316,33),
(2316,316,9),
(2317,316,40),
(2318,316,43),
(2319,316,37),
(2320,317,31),
(2321,317,11),
(2322,317,46),
(2323,317,48),
(2324,317,4),
(2325,317,15),
(2326,317,7),
(2327,317,35),
(2328,317,28),
(2329,317,5),
(2330,317,39),
(2331,317,41),
(2332,317,42),
(2333,317,20),
(2334,318,39),
(2335,318,9),
(2336,318,46),
(2337,318,10),
(2338,318,27),
(2339,318,8),
(2340,318,6),
(2341,319,22),
(2342,319,38),
(2343,319,48),
(2344,319,44),
(2345,319,18),
(2346,319,44),
(2347,319,23),
(2348,319,28),
(2349,319,46),
(2350,319,3),
(2351,319,11),
(2352,319,37),
(2353,319,39),
(2354,319,6),
(2355,320,5),
(2356,320,49),
(2357,321,34),
(2358,321,42),
(2359,321,2),
(2360,321,9),
(2361,321,45),
(2362,321,6),
(2363,322,32),
(2364,322,9),
(2365,322,14),
(2366,322,46),
(2367,323,23),
(2368,323,48),
(2369,323,11),
(2370,323,48),
(2371,323,49),
(2372,323,38),
(2373,323,25),
(2374,323,48),
(2375,323,19),
(2376,323,3),
(2377,323,49),
(2378,323,34),
(2379,323,10),
(2380,324,28),
(2381,324,48),
(2382,324,18),
(2383,325,23),
(2384,325,38),
(2385,325,3),
(2386,326,46),
(2387,326,6),
(2388,326,37),
(2389,327,4),
(2390,327,42),
(2391,327,44),
(2392,327,36),
(2393,327,38),
(2394,327,18),
(2395,327,49),
(2396,327,47),
(2397,327,34),
(2398,328,42),
(2399,328,4),
(2400,328,14),
(2401,328,49),
(2402,328,10),
(2403,328,6),
(2404,328,20),
(2405,328,17),
(2406,328,16),
(2407,328,9),
(2408,328,19),
(2409,328,9),
(2410,329,11),
(2411,329,37),
(2412,329,48),
(2413,329,22),
(2414,329,11),
(2415,329,43),
(2416,330,46),
(2417,330,38),
(2418,330,40),
(2419,330,12),
(2420,330,7),
(2421,330,30),
(2422,330,10),
(2423,331,49),
(2424,331,21),
(2425,331,47),
(2426,331,26),
(2427,331,13),
(2428,331,38),
(2429,332,39),
(2430,332,3),
(2431,332,15),
(2432,332,45),
(2433,332,12),
(2434,333,30),
(2435,333,14),
(2436,333,20),
(2437,333,21),
(2438,333,36),
(2439,333,16),
(2440,333,3),
(2441,333,24),
(2442,333,41),
(2443,333,31),
(2444,333,16),
(2445,333,8),
(2446,333,11),
(2447,333,16),
(2448,334,37),
(2449,334,4),
(2450,335,19),
(2451,335,21),
(2452,335,5),
(2453,335,48),
(2454,335,18),
(2455,335,41),
(2456,335,17),
(2457,335,38),
(2458,335,32),
(2459,335,45),
(2460,335,28),
(2461,335,36),
(2462,336,35),
(2463,336,44),
(2464,337,42),
(2465,337,6),
(2466,337,14),
(2467,337,10),
(2468,337,36),
(2469,337,44),
(2470,337,9),
(2471,338,8),
(2472,338,33),
(2473,338,42),
(2474,338,15),
(2475,338,24),
(2476,339,48),
(2477,339,17),
(2478,339,47),
(2479,339,15),
(2480,339,33),
(2481,339,7),
(2482,339,35),
(2483,339,15),
(2484,339,24),
(2485,340,41),
(2486,340,19),
(2487,340,3),
(2488,340,4),
(2489,340,21),
(2490,340,11),
(2491,340,6),
(2492,340,6),
(2493,340,6),
(2494,340,44),
(2495,340,17),
(2496,341,34),
(2497,341,10),
(2498,341,26),
(2499,341,47),
(2500,341,14),
(2501,341,32),
(2502,341,32),
(2503,341,30),
(2504,341,4),
(2505,341,32),
(2506,341,1),
(2507,341,37),
(2508,341,23),
(2509,341,23),
(2510,342,10),
(2511,342,44),
(2512,342,21),
(2513,342,37),
(2514,342,21),
(2515,343,3),
(2516,343,4),
(2517,343,38),
(2518,343,18),
(2519,343,4),
(2520,343,20),
(2521,344,32),
(2522,344,27),
(2523,344,7),
(2524,344,10),
(2525,344,46),
(2526,344,25),
(2527,344,4),
(2528,344,5),
(2529,344,3),
(2530,344,39),
(2531,344,49),
(2532,344,47),
(2533,344,47),
(2534,345,8),
(2535,345,23),
(2536,345,33),
(2537,345,38),
(2538,345,22),
(2539,346,22),
(2540,346,15),
(2541,346,20),
(2542,346,12),
(2543,346,40),
(2544,346,37),
(2545,346,26),
(2546,346,32),
(2547,346,28),
(2548,346,35),
(2549,346,20),
(2550,347,4),
(2551,347,28),
(2552,347,15),
(2553,347,26),
(2554,347,18),
(2555,348,24),
(2556,348,21),
(2557,348,28),
(2558,348,45),
(2559,348,11),
(2560,349,45),
(2561,349,29),
(2562,349,31),
(2563,349,45),
(2564,349,42),
(2565,349,38),
(2566,349,14),
(2567,349,34),
(2568,349,42),
(2569,349,4),
(2570,349,45),
(2571,350,32),
(2572,350,36),
(2573,350,16),
(2574,350,45),
(2575,350,47),
(2576,350,34),
(2577,350,7),
(2578,352,14),
(2579,353,30),
(2580,353,9),
(2581,353,22),
(2582,354,18),
(2583,354,15),
(2584,354,45),
(2585,354,24),
(2586,354,1),
(2587,354,27),
(2588,354,16),
(2589,354,5),
(2590,354,8),
(2591,354,17),
(2592,355,1),
(2593,355,47),
(2594,356,20),
(2595,356,14),
(2596,356,11),
(2597,356,20),
(2598,356,11),
(2599,356,2),
(2600,356,29),
(2601,356,8),
(2602,356,33),
(2603,356,38),
(2604,356,48),
(2605,356,28),
(2606,356,9),
(2607,356,12),
(2608,356,48),
(2609,357,39),
(2610,357,17),
(2611,357,7),
(2612,357,44),
(2613,358,47),
(2614,359,26),
(2615,359,44),
(2616,359,22),
(2617,359,40),
(2618,359,38),
(2619,359,6),
(2620,359,16),
(2621,359,48),
(2622,359,5),
(2623,360,48),
(2624,360,38),
(2625,360,30),
(2626,360,37),
(2627,360,45),
(2628,360,34),
(2629,360,42),
(2630,361,6),
(2631,361,20),
(2632,361,24),
(2633,361,14),
(2634,361,18),
(2635,361,34),
(2636,361,44),
(2637,361,8),
(2638,361,30),
(2639,361,38),
(2640,361,14),
(2641,361,49),
(2642,362,19),
(2643,362,11),
(2644,362,33),
(2645,362,24),
(2646,362,9),
(2647,362,43),
(2648,362,47),
(2649,362,46),
(2650,363,19),
(2651,363,49),
(2652,363,33),
(2653,363,24),
(2654,363,47),
(2655,363,35),
(2656,363,30),
(2657,363,22),
(2658,363,2),
(2659,363,21),
(2660,363,11),
(2661,363,23),
(2662,363,30),
(2663,364,46),
(2664,364,12),
(2665,364,30),
(2666,364,29),
(2667,364,8),
(2668,364,38),
(2669,364,38),
(2670,365,43),
(2671,365,8),
(2672,365,18),
(2673,365,37),
(2674,365,27),
(2675,365,48),
(2676,365,11),
(2677,365,12),
(2678,365,42),
(2679,365,9),
(2680,365,45),
(2681,365,24),
(2682,365,31),
(2683,365,23),
(2684,365,26),
(2685,366,47),
(2686,366,28),
(2687,366,46),
(2688,366,21),
(2689,366,1),
(2690,366,6),
(2691,366,9),
(2692,366,8),
(2693,366,14),
(2694,366,7),
(2695,366,5),
(2696,367,20),
(2697,367,6),
(2698,367,18),
(2699,367,11),
(2700,368,13),
(2701,368,42),
(2702,368,6),
(2703,368,21),
(2704,369,47),
(2705,369,41),
(2706,369,10),
(2707,369,27),
(2708,369,42),
(2709,369,23),
(2710,369,33),
(2711,369,10),
(2712,369,49),
(2713,369,36),
(2714,369,31),
(2715,369,4),
(2716,369,36),
(2717,370,6),
(2718,370,23),
(2719,370,8),
(2720,370,49),
(2721,370,45),
(2722,370,42),
(2723,370,27),
(2724,370,34),
(2725,370,26),
(2726,370,29),
(2727,371,42),
(2728,371,24),
(2729,371,8),
(2730,371,7),
(2731,371,13),
(2732,371,14),
(2733,371,41),
(2734,371,43),
(2735,371,23),
(2736,371,22),
(2737,371,17),
(2738,371,4),
(2739,371,48),
(2740,372,1),
(2741,372,9),
(2742,372,36),
(2743,373,29),
(2744,373,44),
(2745,373,24),
(2746,373,20),
(2747,373,36),
(2748,373,18),
(2749,373,9),
(2750,373,21),
(2751,374,18),
(2752,374,18),
(2753,374,24),
(2754,374,12),
(2755,374,23),
(2756,374,13),
(2757,374,21),
(2758,374,33),
(2759,374,26),
(2760,374,9),
(2761,374,29),
(2762,374,20),
(2763,374,18),
(2764,374,34),
(2765,375,11),
(2766,375,23),
(2767,375,41),
(2768,375,35),
(2769,375,5),
(2770,375,5),
(2771,375,37),
(2772,375,8),
(2773,375,12),
(2774,375,14),
(2775,375,40),
(2776,375,30),
(2777,375,17),
(2778,375,10),
(2779,375,1),
(2780,376,47),
(2781,376,35),
(2782,376,24),
(2783,376,19),
(2784,376,33),
(2785,376,24),
(2786,376,14),
(2787,376,8),
(2788,376,31),
(2789,376,43),
(2790,376,35),
(2791,376,27),
(2792,376,9),
(2793,377,1),
(2794,377,25),
(2795,377,16),
(2796,377,6),
(2797,377,24),
(2798,377,31),
(2799,377,18),
(2800,379,9),
(2801,379,49),
(2802,379,10),
(2803,379,26),
(2804,379,43),
(2805,379,35),
(2806,380,49),
(2807,380,43),
(2808,380,33),
(2809,380,34),
(2810,380,26),
(2811,380,1),
(2812,380,27),
(2813,380,37),
(2814,380,15),
(2815,380,2),
(2816,380,46),
(2817,380,40),
(2818,380,35),
(2819,381,42),
(2820,381,4),
(2821,382,48),
(2822,382,49),
(2823,382,1),
(2824,382,6),
(2825,382,46),
(2826,382,17),
(2827,382,35),
(2828,382,5),
(2829,382,19),
(2830,382,21),
(2831,383,44),
(2832,384,9),
(2833,384,3),
(2834,384,30),
(2835,384,23),
(2836,384,8),
(2837,384,40),
(2838,384,34),
(2839,384,23),
(2840,384,35),
(2841,384,41),
(2842,384,9),
(2843,384,16),
(2844,384,46),
(2845,384,17),
(2846,385,35),
(2847,385,48),
(2848,385,32),
(2849,385,23),
(2850,385,7),
(2851,385,1),
(2852,385,43),
(2853,385,24),
(2854,386,31),
(2855,386,6),
(2856,386,30),
(2857,386,37),
(2858,386,22),
(2859,386,32),
(2860,386,13),
(2861,386,34),
(2862,386,3),
(2863,387,14),
(2864,387,14),
(2865,387,32),
(2866,387,42),
(2867,387,8),
(2868,387,6),
(2869,387,5),
(2870,387,26),
(2871,388,41),
(2872,388,40),
(2873,388,45),
(2874,388,11),
(2875,388,8),
(2876,388,48),
(2877,388,10),
(2878,388,34),
(2879,388,28),
(2880,388,1),
(2881,388,35),
(2882,389,45),
(2883,389,24),
(2884,389,10),
(2885,390,37),
(2886,390,16),
(2887,390,32),
(2888,390,15),
(2889,390,34),
(2890,390,26),
(2891,390,41),
(2892,390,35),
(2893,390,4),
(2894,390,33),
(2895,390,43),
(2896,390,7),
(2897,390,31),
(2898,390,20),
(2899,391,34),
(2900,391,13),
(2901,391,1),
(2902,391,49),
(2903,391,49),
(2904,391,1),
(2905,391,18),
(2906,391,44),
(2907,391,9),
(2908,391,41),
(2909,391,36),
(2910,392,29),
(2911,392,43),
(2912,392,43),
(2913,392,9),
(2914,392,20),
(2915,393,23),
(2916,393,31),
(2917,393,14),
(2918,393,30),
(2919,393,40),
(2920,393,28),
(2921,393,41),
(2922,394,35),
(2923,394,33),
(2924,394,47),
(2925,394,5),
(2926,394,8),
(2927,394,13),
(2928,395,44),
(2929,395,31),
(2930,395,41),
(2931,395,14),
(2932,395,18),
(2933,395,6),
(2934,395,23),
(2935,395,7),
(2936,395,45),
(2937,395,33),
(2938,395,30),
(2939,395,46),
(2940,395,5),
(2941,395,27),
(2942,396,10),
(2943,396,27),
(2944,396,2),
(2945,396,30),
(2946,396,41),
(2947,396,42),
(2948,397,48),
(2949,397,1),
(2950,397,9),
(2951,397,7),
(2952,397,13),
(2953,398,24),
(2954,398,5),
(2955,398,39),
(2956,398,45),
(2957,398,18),
(2958,398,34),
(2959,398,7),
(2960,399,44),
(2961,399,34),
(2962,400,16),
(2963,400,16),
(2964,400,30),
(2965,400,35),
(2966,400,24),
(2967,400,20),
(2968,400,10),
(2969,400,19),
(2970,400,33),
(2971,400,48),
(4096,402,46),
(4097,407,41),
(4098,408,32),
(4099,410,8),
(4100,411,48),
(4101,416,14),
(4102,417,26),
(4103,420,15),
(4104,425,41),
(4105,426,18),
(4106,427,44),
(4107,429,3),
(4108,432,33),
(4109,434,14),
(4110,435,10),
(4111,436,21),
(4112,437,4),
(4113,438,2),
(4114,440,24),
(4115,441,42),
(4116,442,31),
(4117,443,25),
(4118,445,2),
(4119,447,40),
(4120,448,10),
(4121,452,7),
(4122,453,44),
(4123,455,2),
(4124,458,38),
(4125,459,24),
(4126,465,25),
(4127,466,38),
(4128,467,3),
(4129,468,21),
(4130,470,45),
(4131,471,34),
(4132,472,6),
(4133,476,43),
(4134,477,31),
(4135,480,47),
(4136,482,30),
(4137,483,26),
(4138,485,6),
(4139,486,17),
(4140,487,26),
(4141,491,48),
(4142,494,28),
(4143,497,13),
(4144,498,4),
(4145,499,49),
(4146,501,24),
(4147,502,29),
(4148,504,2),
(4149,506,27),
(4150,507,12),
(4151,508,4),
(4152,511,12),
(4153,513,27),
(4154,514,10),
(4155,515,33),
(4156,516,35),
(4157,517,32),
(4158,518,45),
(4159,519,40),
(4160,520,21),
(4161,521,31),
(4162,523,25),
(4163,524,46),
(4164,525,11),
(4165,528,46),
(4166,529,32),
(4167,532,41),
(4168,533,21),
(4169,535,28),
(4170,536,4),
(4171,539,18),
(4172,541,28),
(4173,542,32),
(4174,545,17),
(4175,546,21),
(4176,548,49),
(4177,549,9),
(4178,551,36),
(4179,553,37),
(4180,554,43),
(4181,558,44),
(4182,559,46),
(4183,560,40),
(4184,562,9),
(4185,563,43),
(4186,564,31),
(4187,565,9),
(4188,566,31),
(4189,567,8),
(4190,570,19),
(4191,571,19),
(4192,572,10),
(4193,573,39),
(4194,578,3),
(4195,579,21),
(4196,580,48),
(4197,583,18),
(4198,586,13),
(4199,587,40),
(4200,589,44),
(4201,591,42),
(4202,593,2),
(4203,595,14),
(4204,601,17),
(4205,602,14),
(4206,603,20),
(4207,605,8),
(4208,607,16),
(4209,608,14),
(4210,610,21),
(4211,614,22),
(4212,616,21),
(4213,618,31),
(4214,620,29),
(4215,621,15),
(4216,622,20),
(4217,624,21),
(4218,625,10),
(4219,628,20),
(4220,632,1),
(4221,633,29),
(4222,634,40),
(4223,636,19),
(4224,642,41),
(4225,647,43),
(4226,650,39),
(4227,651,10),
(4228,653,34),
(4229,655,48),
(4230,656,7),
(4231,658,47),
(4232,659,12),
(4233,660,26),
(4234,662,48),
(4235,664,2),
(4236,665,3),
(4237,667,26),
(4238,668,7),
(4239,672,13),
(4240,673,40),
(4241,674,40),
(4242,679,12),
(4243,682,6),
(4244,684,37),
(4245,686,37),
(4246,690,46),
(4247,691,8),
(4248,692,10),
(4249,694,33),
(4250,695,48),
(4251,697,45),
(4252,699,27),
(4253,702,39),
(4254,703,15),
(4255,704,7),
(4256,705,32),
(4257,707,43),
(4258,708,1),
(4259,710,25),
(4260,714,4),
(4261,715,49),
(4262,717,5),
(4263,720,35),
(4264,722,47),
(4265,723,19),
(4266,724,4),
(4267,725,32),
(4268,726,44),
(4269,727,45),
(4270,728,18),
(4271,729,7),
(4272,730,20),
(4273,731,8),
(4274,733,35),
(4275,735,24),
(4276,740,49),
(4277,742,44),
(4278,743,41),
(4279,746,16),
(4280,748,8),
(4281,749,22),
(4282,751,28),
(4283,755,48),
(4284,759,16),
(4285,760,3),
(4286,761,28),
(4287,763,6),
(4288,765,21),
(4289,766,3),
(4290,769,35),
(4291,770,9),
(4292,772,9),
(4293,777,18),
(4294,780,15),
(4295,782,38),
(4296,783,23),
(4297,784,32),
(4298,786,12),
(4299,789,37),
(4300,790,6),
(4301,792,21),
(4302,795,28),
(4303,797,38),
(4304,798,39),
(4305,800,2),
(4306,801,21),
(4307,803,30),
(4308,804,39),
(4309,805,42),
(4310,807,23),
(4311,808,23),
(4312,809,28),
(4313,811,35),
(4314,814,41),
(4315,815,34),
(4316,818,42),
(4317,825,30),
(4318,827,47),
(4319,830,19),
(4320,833,34),
(4321,834,34),
(4322,835,19),
(4323,837,16),
(4324,840,6),
(4325,841,48),
(4326,845,45),
(4327,848,40),
(4328,849,1),
(4329,850,5),
(4330,852,32),
(4331,853,34),
(4332,854,7),
(4333,855,20),
(4334,857,24),
(4335,859,19),
(4336,860,48),
(4337,861,5),
(4338,864,11),
(4339,865,23),
(4340,866,49),
(4341,867,44),
(4342,870,9),
(4343,873,44),
(4344,875,19),
(4345,876,23),
(4346,877,28),
(4347,878,23),
(4348,880,47),
(4349,881,27),
(4350,884,23),
(4351,890,21),
(4352,891,7),
(4353,893,22),
(4354,897,12),
(4355,902,44),
(4356,903,16),
(4357,906,25),
(4358,907,13),
(4359,908,12),
(4360,911,29),
(4361,915,45),
(4362,916,41),
(4363,917,27),
(4364,920,26),
(4365,923,35),
(4366,926,24),
(4367,931,21),
(4368,933,1),
(4369,934,15),
(4370,935,22),
(4371,936,7),
(4372,937,32),
(4373,938,17),
(4374,939,9),
(4375,940,22),
(4376,941,9),
(4377,944,47),
(4378,946,37),
(4379,949,9),
(4380,951,27),
(4381,956,5),
(4382,959,38),
(4383,961,12),
(4384,963,44),
(4385,966,13),
(4386,969,22),
(4387,971,17),
(4388,974,7),
(4389,976,26),
(4390,977,28),
(4391,978,1),
(4392,980,47),
(4393,981,1),
(4394,983,24),
(4395,987,28),
(4396,989,17),
(4397,992,10),
(4398,993,39),
(4399,994,12),
(4400,995,39),
(4401,996,4),
(4402,1003,40),
(4403,1005,10),
(4404,1007,22),
(4405,1008,32),
(4406,1009,16),
(4407,1010,30),
(4408,1012,36),
(4409,1013,19),
(4410,1016,32),
(4411,1019,5),
(4412,1023,38),
(4413,1024,35),
(4414,1028,13),
(4415,1029,31),
(4416,1035,9),
(4417,1036,46),
(4418,1040,1),
(4419,1044,38),
(4420,1049,19),
(4421,1052,4),
(4422,1053,28),
(4423,1056,24),
(4424,1059,12),
(4425,1061,15),
(4426,1062,2),
(4427,1063,21),
(4428,1064,41),
(4429,1066,11),
(4430,1067,25),
(4431,1068,32),
(4432,1070,43),
(4433,1073,39),
(4434,1075,35),
(4435,1076,18),
(4436,1078,40),
(4437,1081,35),
(4438,1082,5),
(4439,1087,36),
(4440,1088,3),
(4441,1089,34),
(4442,1091,42),
(4443,1094,11),
(4444,1096,23),
(4445,1097,42),
(4446,1100,26),
(4447,1101,20),
(4448,1106,47),
(4449,1114,39),
(4450,1116,15),
(4451,1117,16),
(4452,1119,48),
(4453,1120,22),
(4454,1121,16),
(4455,1125,10),
(4456,1126,15),
(4457,1127,18),
(4458,1128,11),
(4459,1129,25),
(4460,1131,42),
(4461,1132,31),
(4462,1134,32),
(4463,1137,10),
(4464,1140,43),
(4465,1142,26),
(4466,1143,7),
(4467,1146,41),
(4468,1147,35),
(4469,1149,11),
(4470,1150,40),
(4471,1151,3),
(4472,1152,13),
(4473,1156,13),
(4474,1157,12),
(4475,1159,2),
(4476,1160,7),
(4477,1162,31),
(4478,1163,30),
(4479,1166,46),
(4480,1167,11),
(4481,1169,6),
(4482,1170,40),
(4483,1172,47),
(4484,1174,21),
(4485,1176,7),
(4486,1177,40),
(4487,1178,35),
(4488,1179,17),
(4489,1180,43),
(4490,1181,35),
(4491,1182,46),
(4492,1184,21),
(4493,1186,9),
(4494,1187,6),
(4495,1188,27),
(4496,1189,23),
(4497,1192,15),
(4498,1196,17),
(4499,1197,32),
(4500,1198,1),
(4501,1199,16),
(4502,1202,18),
(4503,1204,44),
(4504,1206,28),
(4505,1207,49),
(4506,1209,22),
(4507,1210,18),
(4508,1212,2),
(4509,1213,44),
(4510,1214,21),
(4511,1217,1),
(4512,1218,33),
(4513,1220,4),
(4514,1221,48),
(4515,1223,14),
(4516,1227,28),
(4517,1228,35),
(4518,1230,8),
(4519,1235,23),
(4520,1237,6),
(4521,1240,6),
(4522,1241,11),
(4523,1243,26),
(4524,1244,27),
(4525,1245,31),
(4526,1246,14),
(4527,1250,23),
(4528,1251,3),
(4529,1252,7),
(4530,1258,14),
(4531,1260,24),
(4532,1262,43),
(4533,1265,8),
(4534,1267,30),
(4535,1277,6),
(4536,1278,37),
(4537,1279,4),
(4538,1280,47),
(4539,1281,15),
(4540,1283,31),
(4541,1284,41),
(4542,1285,17),
(4543,1286,46),
(4544,1288,16),
(4545,1292,9),
(4546,1293,10),
(4547,1294,43),
(4548,1296,33),
(4549,1301,46),
(4550,1302,30),
(4551,1303,27),
(4552,1304,48),
(4553,1308,48),
(4554,1309,20),
(4555,1310,45),
(4556,1314,4),
(4557,1317,18),
(4558,1320,19),
(4559,1322,23),
(4560,1324,13),
(4561,1327,24),
(4562,1331,48),
(4563,1332,8),
(4564,1334,15),
(4565,1335,5),
(4566,1338,16),
(4567,1339,16),
(4568,1340,47),
(4569,1341,9),
(4570,1343,18),
(4571,1349,9),
(4572,1355,49),
(4573,1357,5),
(4574,1362,12),
(4575,1364,49),
(4576,1365,42),
(4577,1370,6),
(4578,1371,4),
(4579,1372,34),
(4580,1376,47),
(4581,1377,4),
(4582,1378,1),
(4583,1380,36),
(4584,1385,37),
(4585,1386,43),
(4586,1387,22),
(4587,1388,13),
(4588,1391,27),
(4589,1392,21),
(4590,1393,31),
(4591,1397,34),
(4592,1398,19),
(4593,1399,29),
(4594,1400,36),
(4595,1401,5),
(4596,1404,27),
(4597,1405,19),
(4598,1407,43),
(4599,1408,37),
(4600,1409,10),
(4601,1410,17),
(4602,1415,44),
(4603,1416,23),
(4604,1417,18),
(4605,1419,3),
(4606,1420,42),
(4607,1422,28),
(4608,1423,10),
(4609,1426,32),
(4610,1428,9),
(4611,1432,29),
(4612,1434,34),
(4613,1435,33),
(4614,1436,44),
(4615,1437,46),
(4616,1440,36),
(4617,1441,46),
(4618,1442,36),
(4619,1443,32),
(4620,1445,13),
(4621,1447,29),
(4622,1449,48),
(4623,1452,35),
(4624,1453,36),
(4625,1454,42),
(4626,1455,11),
(4627,1456,19),
(4628,1458,46),
(4629,1459,12),
(4630,1460,5),
(4631,1461,49),
(4632,1463,24),
(4633,1466,30),
(4634,1468,46),
(4635,1469,26),
(4636,1471,23),
(4637,1473,35),
(4638,1474,17),
(4639,1475,32),
(4640,1478,38),
(4641,1479,49),
(4642,1481,20),
(4643,1482,7),
(4644,1486,28),
(4645,1488,1),
(4646,1489,13),
(4647,1497,45),
(4648,1498,32),
(4649,1500,35),
(4650,1502,27),
(4651,1505,4),
(4652,1506,32),
(4653,1507,15),
(4654,1508,17),
(4655,1509,30),
(4656,1512,48),
(4657,1514,21),
(4658,1517,42),
(4659,1518,24),
(4660,1520,49),
(4661,1522,4),
(4662,1523,34),
(4663,1524,26),
(4664,1525,36),
(4665,1528,41),
(4666,1534,7),
(4667,1538,25),
(4668,1539,27),
(4669,1540,37),
(4670,1543,21),
(4671,1544,43),
(4672,1546,3),
(4673,1548,22),
(4674,1549,34),
(4675,1550,46),
(4676,1552,18),
(4677,1553,49),
(4678,1557,21),
(4679,1558,21),
(4680,1559,43),
(4681,1562,17),
(4682,1563,43),
(4683,1564,39),
(4684,1566,17),
(4685,1567,12),
(4686,1569,1),
(4687,1570,19),
(4688,1572,46),
(4689,1573,41),
(4690,1575,14),
(4691,1576,27),
(4692,1577,5),
(4693,1578,23),
(4694,1580,1),
(4695,1581,29),
(4696,1582,9),
(4697,1584,28),
(4698,1587,16),
(4699,1588,24),
(4700,1589,18),
(4701,1590,13),
(4702,1592,1),
(4703,1593,11),
(4704,1594,48),
(4705,1595,4),
(4706,1598,36),
(4707,1599,40),
(4708,1602,36),
(4709,1603,31),
(4710,1604,3),
(4711,1605,27),
(4712,1606,37),
(4713,1607,39),
(4714,1610,18),
(4715,1611,34),
(4716,1612,17),
(4717,1617,43),
(4718,1618,38),
(4719,1619,35),
(4720,1621,19),
(4721,1624,10),
(4722,1625,31),
(4723,1627,14),
(4724,1629,22),
(4725,1636,48),
(4726,1637,49),
(4727,1638,5),
(4728,1639,25),
(4729,1640,9),
(4730,1642,12),
(4731,1645,27),
(4732,1652,45),
(4733,1653,47),
(4734,1655,37),
(4735,1656,2),
(4736,1658,12),
(4737,1659,3),
(4738,1660,12),
(4739,1661,22),
(4740,1663,5),
(4741,1664,6),
(4742,1667,7),
(4743,1668,47),
(4744,1671,34),
(4745,1673,19),
(4746,1674,40),
(4747,1675,34),
(4748,1677,23),
(4749,1678,33),
(4750,1680,38),
(4751,1683,10),
(4752,1684,30),
(4753,1690,15),
(4754,1692,34),
(4755,1694,32),
(4756,1698,26),
(4757,1699,13),
(4758,1700,22),
(4759,1701,26),
(4760,1702,49),
(4761,1704,8),
(4762,1706,33),
(4763,1707,37),
(4764,1708,14),
(4765,1710,46),
(4766,1712,27),
(4767,1713,13),
(4768,1714,23),
(4769,1717,47),
(4770,1719,30),
(4771,1723,33),
(4772,1726,45),
(4773,1730,22),
(4774,1733,11),
(4775,1735,40),
(4776,1736,1),
(4777,1737,32),
(4778,1738,48),
(4779,1739,2),
(4780,1740,2),
(4781,1741,1),
(4782,1745,31),
(4783,1747,30),
(4784,1748,3),
(4785,1754,45),
(4786,1755,20),
(4787,1757,15),
(4788,1760,7),
(4789,1765,48),
(4790,1766,11),
(4791,1767,46),
(4792,1769,2),
(4793,1771,29),
(4794,1772,14),
(4795,1773,13),
(4796,1774,23),
(4797,1775,21),
(4798,1778,40),
(4799,1781,48),
(4800,1785,12),
(4801,1787,25),
(4802,1788,6),
(4803,1789,21),
(4804,1790,12),
(4805,1791,2),
(4806,1792,18),
(4807,1793,21),
(4808,1797,24),
(4809,1799,28),
(4810,1800,18),
(4811,1801,32),
(4812,1802,31),
(4813,1803,4),
(4814,1806,13),
(4815,1807,25),
(4816,1810,15),
(4817,1811,17),
(4818,1814,16),
(4819,1818,30),
(4820,1819,5),
(4821,1823,18),
(4822,1825,18),
(4823,1826,12),
(4824,1829,44),
(4825,1837,31),
(4826,1838,44),
(4827,1843,15),
(4828,1844,37),
(4829,1845,2),
(4830,1846,2),
(4831,1847,34),
(4832,1848,4),
(4833,1850,38),
(4834,1851,14),
(4835,1852,9),
(4836,1854,18),
(4837,1855,1),
(4838,1861,38),
(4839,1862,32),
(4840,1864,41),
(4841,1865,19),
(4842,1868,44),
(4843,1870,49),
(4844,1872,29),
(4845,1873,8),
(4846,1876,21),
(4847,1879,18),
(4848,1880,39),
(4849,1883,3),
(4850,1885,32),
(4851,1886,33),
(4852,1887,48),
(4853,1888,11),
(4854,1890,19),
(4855,1892,22),
(4856,1893,35),
(4857,1894,35),
(4858,1897,9),
(4859,1898,46),
(4860,1900,14),
(4861,1902,38),
(4862,1904,11),
(4863,1905,27),
(4864,1908,6),
(4865,1909,35),
(4866,1910,44),
(4867,1911,37),
(4868,1912,32),
(4869,1914,28),
(4870,1915,11),
(4871,1917,22),
(4872,1918,15),
(4873,1920,11),
(4874,1921,35),
(4875,1926,32),
(4876,1927,34),
(4877,1930,21),
(4878,1932,25),
(4879,1934,1),
(4880,1935,18),
(4881,1936,23),
(4882,1938,46),
(4883,1940,7),
(4884,1942,5),
(4885,1943,22),
(4886,1947,16),
(4887,1949,38),
(4888,1950,25),
(4889,1951,43),
(4890,1953,36),
(4891,1955,25),
(4892,1956,22),
(4893,1958,24),
(4894,1959,16),
(4895,1960,39),
(4896,1961,38),
(4897,1964,2),
(4898,1965,16),
(4899,1967,35),
(4900,1971,33),
(4901,1972,24),
(4902,1973,20),
(4903,1975,34),
(4904,1979,23),
(4905,1985,45),
(4906,1986,13),
(4907,1987,12),
(4908,1988,39),
(4909,1990,5),
(4910,1991,1),
(4911,1992,11),
(4912,1994,3),
(4913,1997,48),
(4914,1998,11),
(4915,1999,46),
(4916,2000,47),
(4917,2006,10),
(4918,2007,24),
(4919,2008,5),
(4920,2009,38),
(4921,2010,34),
(4922,2012,15),
(4923,2013,49),
(4924,2014,35),
(4925,2015,20),
(4926,2016,23),
(4927,2019,15),
(4928,2020,29),
(4929,2021,49),
(4930,2024,44),
(4931,2026,44),
(4932,2031,21),
(4933,2032,10),
(4934,2034,21),
(4935,2036,11),
(4936,2037,20),
(4937,2039,28),
(4938,2041,17),
(4939,2043,45),
(4940,2044,25),
(4941,2045,45),
(4942,2047,39),
(4943,2048,2),
(4944,2054,12),
(4945,2055,26),
(4946,2059,18),
(4947,2064,18),
(4948,2067,10),
(4949,2068,8),
(4950,2069,35),
(4951,2071,27),
(4952,2072,29),
(4953,2073,9),
(4954,2076,30),
(4955,2081,11),
(4956,2083,45),
(4957,2084,32),
(4958,2085,38),
(4959,2086,48),
(4960,2090,43),
(4961,2091,17),
(4962,2092,2),
(4963,2095,2),
(4964,2096,48),
(4965,2097,36),
(4966,2098,12),
(4967,2099,48),
(4968,2103,32),
(4969,2104,26),
(4970,2106,46),
(4971,2107,14),
(4972,2109,7),
(4973,2111,47),
(4974,2113,45),
(4975,2117,45),
(4976,2119,1),
(4977,2120,13),
(4978,2122,22),
(4979,2125,47),
(4980,2127,29),
(4981,2129,28),
(4982,2130,42),
(4983,2131,32),
(4984,2132,38),
(4985,2133,49),
(4986,2135,34),
(4987,2137,13),
(4988,2139,6),
(4989,2140,41),
(4990,2142,33),
(4991,2143,42),
(4992,2145,4),
(4993,2146,43),
(4994,2150,8),
(4995,2151,3),
(4996,2152,37),
(4997,2156,31),
(4998,2157,26),
(4999,2159,32),
(5000,2162,3),
(5001,2163,48),
(5002,2165,14),
(5003,2166,25),
(5004,2171,26),
(5005,2172,22),
(5006,2173,45),
(5007,2174,7),
(5008,2179,1),
(5009,2180,9),
(5010,2181,32),
(5011,2182,47),
(5012,2183,38),
(5013,2188,22),
(5014,2189,33),
(5015,2190,40),
(5016,2192,27),
(5017,2193,34),
(5018,2194,40),
(5019,2195,49),
(5020,2196,26),
(5021,2205,12),
(5022,2209,32),
(5023,2210,31),
(5024,2211,9),
(5025,2215,17),
(5026,2217,13),
(5027,2219,25),
(5028,2221,7),
(5029,2222,7),
(5030,2225,33),
(5031,2228,46),
(5032,2234,3),
(5033,2237,47),
(5034,2238,18),
(5035,2240,18),
(5036,2241,45),
(5037,2244,6),
(5038,2245,16),
(5039,2247,3),
(5040,2248,28),
(5041,2249,41),
(5042,2251,12),
(5043,2253,16),
(5044,2256,41),
(5045,2257,39),
(5046,2258,23),
(5047,2260,39),
(5048,2261,5),
(5049,2263,20),
(5050,2264,36),
(5051,2266,26),
(5052,2268,47),
(5053,2269,9),
(5054,2270,21),
(5055,2271,8),
(5056,2275,46),
(5057,2277,9),
(5058,2279,17),
(5059,2280,49),
(5060,2282,29),
(5061,2285,33),
(5062,2287,2),
(5063,2291,22),
(5064,2292,5),
(5065,2293,9),
(5066,2294,14),
(5067,2298,22),
(5068,2300,30),
(5069,2301,25),
(5070,2302,46),
(5071,2305,49),
(5072,2306,22),
(5073,2308,35),
(5074,2310,30),
(5075,2313,25),
(5076,2315,36),
(5077,2321,18),
(5078,2322,32),
(5079,2327,35),
(5080,2329,30),
(5081,2330,40),
(5082,2331,28),
(5083,2333,47),
(5084,2334,30),
(5085,2339,4),
(5086,2341,9),
(5087,2342,17),
(5088,2345,48),
(5089,2347,21),
(5090,2350,38),
(5091,2351,4),
(5092,2352,31),
(5093,2362,45),
(5094,2363,3),
(5095,2365,1),
(5096,2366,45),
(5097,2367,36),
(5098,2368,9),
(5099,2369,11),
(5100,2371,14),
(5101,2372,27),
(5102,2373,10),
(5103,2374,22),
(5104,2375,34),
(5105,2376,31),
(5106,2379,34),
(5107,2381,25),
(5108,2384,26),
(5109,2385,3),
(5110,2387,6),
(5111,2390,46),
(5112,2391,23),
(5113,2392,45),
(5114,2393,24),
(5115,2394,19),
(5116,2397,18),
(5117,2398,26),
(5118,2400,7);
/*!40000 ALTER TABLE `likes` ENABLE KEYS */;
UNLOCK TABLES;
/*!50003 SET @saved_cs_client      = @@character_set_client */ ;
/*!50003 SET @saved_cs_results     = @@character_set_results */ ;
/*!50003 SET @saved_col_connection = @@collation_connection */ ;
/*!50003 SET character_set_client  = utf8mb3 */ ;
/*!50003 SET character_set_results = utf8mb3 */ ;
/*!50003 SET collation_connection  = utf8mb3_general_ci */ ;
/*!50003 SET @saved_sql_mode       = @@sql_mode */ ;
/*!50003 SET sql_mode              = 'IGNORE_SPACE,STRICT_TRANS_TABLES,ERROR_FOR_DIVISION_BY_ZERO,NO_AUTO_CREATE_USER,NO_ENGINE_SUBSTITUTION' */ ;
DELIMITER ;;
/*!50003 CREATE*/ /*!50017 DEFINER=`sfikas`@`localhost`*/ /*!50003 TRIGGER sale_likes_update AFTER INSERT ON likes
FOR EACH ROW
    BEGIN
        DECLARE user2update INT UNSIGNED;

        -- update likes number on the sale that was liked by a user
        UPDATE sales 
        SET likes_num = likes_num+1
        WHERE id = NEW.sales_id;
        
        -- update the score of the user who submitted the sale
        SELECT user_suggested
        INTO user2update 
        FROM sales
        WHERE id = NEW.sales_id;

        UPDATE users
        SET monthly_score = monthly_score+5,
            sum_score = sum_score+5
        WHERE id = user2update;

    END */;;
DELIMITER ;
/*!50003 SET sql_mode              = @saved_sql_mode */ ;
/*!50003 SET character_set_client  = @saved_cs_client */ ;
/*!50003 SET character_set_results = @saved_cs_results */ ;
/*!50003 SET collation_connection  = @saved_col_connection */ ;
/*!50003 SET @saved_cs_client      = @@character_set_client */ ;
/*!50003 SET @saved_cs_results     = @@character_set_results */ ;
/*!50003 SET @saved_col_connection = @@collation_connection */ ;
/*!50003 SET character_set_client  = utf8mb3 */ ;
/*!50003 SET character_set_results = utf8mb3 */ ;
/*!50003 SET collation_connection  = utf8mb3_general_ci */ ;
/*!50003 SET @saved_sql_mode       = @@sql_mode */ ;
/*!50003 SET sql_mode              = 'IGNORE_SPACE,STRICT_TRANS_TABLES,ERROR_FOR_DIVISION_BY_ZERO,NO_AUTO_CREATE_USER,NO_ENGINE_SUBSTITUTION' */ ;
DELIMITER ;;
/*!50003 CREATE*/ /*!50017 DEFINER=`sfikas`@`localhost`*/ /*!50003 TRIGGER sale_wdrawlikes_update AFTER DELETE ON likes
    FOR EACH ROW
        BEGIN
            DECLARE user2update INT UNSIGNED;

            UPDATE sales 
            SET likes_num = likes_num -1 
            WHERE id = OLD.sales_id;

            SELECT user_suggested
            INTO user2update 
            FROM sales
            WHERE id = OLD.sales_id;

            UPDATE users
            SET monthly_score = monthly_score - 5,
                sum_score = sum_score - 5
            WHERE id = user2update;
        END */;;
DELIMITER ;
/*!50003 SET sql_mode              = @saved_sql_mode */ ;
/*!50003 SET character_set_client  = @saved_cs_client */ ;
/*!50003 SET character_set_results = @saved_cs_results */ ;
/*!50003 SET collation_connection  = @saved_col_connection */ ;

--
-- Table structure for table `products`
--

DROP TABLE IF EXISTS `products`;
/*!40101 SET @saved_cs_client     = @@character_set_client */;
/*!40101 SET character_set_client = utf8 */;
CREATE TABLE `products` (
  `id` smallint(5) unsigned NOT NULL AUTO_INCREMENT,
  `name` varchar(100) DEFAULT NULL,
  `subcategories_id` tinyint(3) unsigned DEFAULT 0,
  `avgprice_yesterday` float(4,2) unsigned NOT NULL DEFAULT 0.00,
  `avgprice_lastweek` float(4,2) unsigned NOT NULL DEFAULT 0.00,
  PRIMARY KEY (`id`),
  KEY `product_in_subcategory` (`subcategories_id`),
  KEY `product_name` (`name`) USING BTREE,
  KEY `yesterdayavg` (`avgprice_yesterday`) USING BTREE,
  KEY `lastweekavg` (`avgprice_lastweek`) USING BTREE,
  CONSTRAINT `product_in_subcategory` FOREIGN KEY (`subcategories_id`) REFERENCES `subcategories` (`id`) ON DELETE SET NULL ON UPDATE CASCADE
) ENGINE=InnoDB AUTO_INCREMENT=1271 DEFAULT CHARSET=utf8mb4 COLLATE=utf8mb4_general_ci;
/*!40101 SET character_set_client = @saved_cs_client */;

--
-- Dumping data for table `products`
--

LOCK TABLES `products` WRITE;
/*!40000 ALTER TABLE `products` DISABLE KEYS */;
INSERT INTO `products` VALUES
(1,'Αρκάδι Υγρό Πλυντ Baby Με Σαπούνι 26πλυς',1,5.50,5.50),
(2,'Proderm Υγρό Απορ/κο 17μεζ 1250ml',1,0.00,4.90),
(3,'Pampers Πάνες Μωρού Premium Pants Nο 4 9-15κιλ 38τεμ',2,5.48,4.37),
(4,'Pampers Πάνες Premium Care Nο 3 5-9 κιλ 20τεμ',2,4.95,4.02),
(5,'Babylino Πάνες Μωρού Sensitive 16+ κιλ No 6 15τεμ',2,0.00,5.11),
(6,'Libero Swimpants Πάνες Small 7-12κιλ 6τεμ',2,0.00,4.04),
(7,'Pampers Prem Care No5 11-18κιλ 30τεμ',2,0.00,5.14),
(8,'Pampers Πάνες Premium Care Νο 2 4-8κιλ 23τεμ',2,0.00,5.21),
(9,'Pampers Πάνες Μωρού 31τεμ',2,0.00,3.79),
(10,'Babylino Sensitive No1 2-5κιλ 28τεμ',2,3.87,4.66),
(11,'Pampers Πάνες Βρακάκι Νο 5 11-18κιλ 15τεμ',2,0.00,5.49),
(12,'Pampers Πάνες Βρακάκι Νο 6 15+κιλ 14τεμ',2,4.56,4.45),
(13,'Babylino Πάνες Μωρού Sensitive Nο7 17+ κιλ 14τεμ',2,0.00,4.45),
(14,'Pampers Active Baby No5 11-16κιλ 51τεμ',2,0.00,4.84),
(15,'Babylino Πάνες Μωρού Sensitive 11 - 25κιλ No 5 18τεμ',2,0.00,0.00),
(16,'Pampers Premium Care No 5 11-18κιλ 44τεμ',2,0.00,5.35),
(17,'Libero Swimpants Πάνες Midi 10-16κιλ 6τεμ',2,0.00,3.71),
(18,'Pampers Prem Care No4 8-14κιλ 34τεμ',2,0.00,3.63),
(19,'Babylino Πάνες Μωρού Sensitive No 5+ Εως 27 κιλ 16τεμ',2,0.00,4.85),
(20,'Babylino Sensitive No6 Econ 15-30κιλ 40τεμ',2,0.00,4.89),
(21,'Babylino Πάνες Μωρού Sensitive 3-6κιλ Nο 2 26τεμ',2,0.00,3.64),
(22,'Pampers Πάνες Μωρού Premium Care Newborn 2-5κιλ 26τεμ',2,0.00,5.38),
(23,'Babylino Sensitive Econ Ν5+ 13-27κιλ 42τεμ',2,5.80,5.80),
(24,'Babylino Πάνες Μωρού Sensitive 4 - 9 κιλ No 3 22τεμ',2,0.00,4.85),
(25,'Babylino Sensitive No5 Econ 11-25κιλ 44τεμ',2,5.73,5.73),
(26,'Pampers Πάνες Μωρού Premium Care Nο 6 13+κιλ 38τεμ',2,2.89,4.63),
(27,'Babylino Sensitive No4+ Econ 9-20κιλ 46τεμ',2,0.00,1.96),
(28,'Pampers Πάνες Μωρού Premium Pants Nο 5 12-17κιλ 34τεμ',2,0.00,5.50),
(29,'Pampers Πάνες Premium Care Nο 4 8-14 κιλ 52τεμ',2,2.98,4.26),
(30,'Pampers Πάνες Premium Care Nο 3 5-9 κιλ 60τεμ',2,0.00,0.00),
(31,'Babylino Sensitive No4 Econ 7-18κιλ 50τεμ',2,0.00,4.38),
(32,'Babylino Sensitive No3 Econ 4-9κιλ 56τεμ',2,0.00,5.60),
(33,'Pampers Active Baby No4+ 10-15κιλ 16τεμ',2,0.00,5.88),
(34,'Babylino Πάνες Μωρού Sensitive 9-20 κιλ Nο 4+ 19τεμ',2,0.00,5.50),
(35,'Regilait Γάλα Αποβ/Νο Σε Σκόνη 250γρ',3,3.70,3.70),
(36,'Νουνού Frisogrow Γάλα 800γρ',3,0.00,5.71),
(37,'Nan Optipro 4 Γάλα Σε Σκόνη Δεύτερης Βρεφικής Ηλικίας 400γρ',3,0.00,3.57),
(38,'Nan Optipro 2 Γάλα Σε Σκόνη Δεύτερης Βρεφικής Ηλικίας 800γρ',3,0.00,4.43),
(39,'Neslac Επιδόρπιο Γάλακτος Μπισκότο 4Χ100γρ',3,0.00,0.00),
(40,'Nan Optipro Γάλα Τρίτης Βρεφικής Ηλικίας 800γρ',3,0.00,5.20),
(41,'Νουνού Γάλα Σκόνη Frisolac 1ης Βρεφ Ηλικίας 800γρ',3,0.00,5.55),
(42,'Almiron-2 Γάλα Σε Σκόνη Δεύτερης Βρεφικής Ηλικίας 800γρ',3,0.00,4.06),
(43,'Nan Optipro Γάλα Τρίτης Βρεφικής Ηλικίας 400γρ',3,0.00,4.73),
(44,'Neslac Επιδόρπιο Γάλακτος Βανίλια 4Χ100γρ',3,0.00,2.27),
(45,'Γιώτης Sanilac 2 Γάλα Σε Σκόνη Δεύτερης Βρεφικής Ηλικίας 400γρ',3,0.00,0.00),
(46,'Nestle Ρόφημα Γαλακτ Junior 2+ Rtd 1λιτ',3,0.00,0.00),
(47,'Almiron-1 Γάλα Σε Σκόνη Πρώτης Βρεφικής Ηλικίας 800γρ',3,0.00,4.53),
(48,'Νουνού Γάλα Σκόνη Frisomel 800γρ',3,0.00,0.00),
(49,'Almiron-3 Γάλα Σε Σκόνη Τρίτης Βρεφικής Ηλικίας 800γρ',3,0.00,0.00),
(50,'Nan Optipro 1 Γάλα Σε Σκόνη Πρώτης Βρεφικής Ηλικίας 400γρ',3,3.51,5.42),
(51,'Γιώτης Sanilac 1 Γάλα Σε Σκόνη Πρώτης Βρεφικής Ηλικίας 400γρ',3,3.80,4.12),
(52,'Γιώτης Sanilac 3 Γάλα Σκόνη 400γρ',3,6.32,5.10),
(53,'Fissan Baby Κρέμα 50γρ',4,0.00,4.03),
(54,'Fissan Baby Ενυδατική κρέμα 150 ml',4,0.00,5.02),
(55,'Johnson\'s Baby Λοσιόν Bedtime 300ml',4,0.00,3.68),
(56,'Johnson\'s Baby Μπατονέτες Βαμβ 100τεμ',4,0.00,5.97),
(57,'Johnson\'s Baby Oil Ενυδατικό Λάδι, 300ml',4,0.00,5.80),
(58,'Johnson Βρέφικη Πουδρα Σωματος 200γρ',4,0.00,0.00),
(59,'Proderm Ενυδατική Κρέμα 150ml',4,0.00,4.22),
(60,'Fissan Baby Πούδρα 100gr',4,0.00,4.64),
(61,'Proderm Ενυδατική Κρέμα Sleep Easy 150ml',4,0.00,5.51),
(62,'Chicco Βρέφική Κρέμα Συγκάματος 100ml',4,0.00,5.73),
(63,'Fissan Baby Bagnetto Υποαλ Σαμπουάν/Αφρόλ 500ml',5,0.00,3.95),
(64,'Fissan Baby Σαπούνι 90γρ',5,0.00,2.75),
(65,'Johnson\'s Baby Σαμπουάν 750ml',5,0.00,3.63),
(66,'Proderm Σαμπουάν/Αφρόλουτρο 1-3 400ml',5,0.00,5.25),
(67,'Fissan Baby Σαπούνι 30% Eνυδ Kρέμα 100gr',5,6.24,6.24),
(68,'Johnson\'s Baby Κρέμα Μαλλ Χωρ Κομπ 500ml',5,2.79,4.56),
(69,'Johnson Baby Βρεφικό Σαμπουάν Χαμομήλι Αντλιά 500ml',5,0.00,5.76),
(70,'Septona Παιδικό Σαμπουάν Κορίτσια 500ml',5,3.51,4.14),
(71,'Septona Σαμπουάν Και Αφρόλουτρο Βρεφικό Με Αλοη 500ml',5,5.22,4.94),
(72,'Septona Παιδικό Αφρόλουτρο & Σαμπουάν Αγορια 750ml',5,0.00,0.00),
(73,'Johnson Baby Βρεφικό Σαμπουάν Αντλιά 300ml',5,0.00,5.97),
(74,'Johnson Baby Βρεφικό Σαμπουάν Χαμομήλι 300ml',5,0.00,5.93),
(75,'Proderm Kids Αφρόλουτρο Χαμομήλι 700ml',5,0.00,3.83),
(76,'Septona Σαμπουάν Και Αφρόλουτρο Βρεφικό Με Λεβαντα 500ml',5,0.00,5.41),
(77,'Johnson\'s Baby Αφρόλουτρο Μπλε 750ml',5,0.00,0.00),
(78,'Johnson Baby Βρεφικό Σαμπουάν Αντλιά 500ml',5,5.39,4.30),
(79,'Baby Care Μωρόμαντηλα Sensitive 63τεμ',7,0.00,5.98),
(80,'Baby Care Μωρομάντηλα Χαμομήλι Minipack 12τεμ',7,0.00,4.93),
(81,'Babycare Μωροπ/τες Αντ/κο 3Χ72τεμ',7,0.00,5.23),
(82,'Nestle Φαρίν Λακτέ 350γρ',8,3.42,5.23),
(83,'Γιώτης Μπισκοτόκρεμα 300γρ',8,0.00,5.10),
(84,'Γιώτης Φρουτόκρεμα 5 Φρούτα 300γρ',8,0.00,0.00),
(85,'Nutricia Biskotti 180γρ',8,0.00,4.75),
(86,'Γιώτης Κρέμα Παιδική Φαρίν Λακτέ 300γρ',8,3.21,4.71),
(87,'Nutricia Biskotti Ζωάκια 180γρ',8,0.00,3.89),
(88,'Γιώτης Ανθός Ορύζης 150γρ',8,0.00,0.00),
(89,'Γιώτης Κρέμα Παιδικη Φαρίν Λακτέ Μπισκότο 300γρ',8,0.00,0.00),
(90,'Εύρηκα Λευκαντικό 60γρ',9,0.00,6.00),
(91,'Klinex Χλωρίνη Ultra Lemon 750ml',9,0.00,3.63),
(92,'Soupline Mistral Μαλακτικό Συμπ 28πλ',9,4.17,4.17),
(93,'Dr Beckmann Καθαρ Πλυν Ρούχ 250γρ',9,0.00,4.47),
(94,'Klinex Σπρέυ 4σε1 750ml',9,0.00,3.67),
(95,'Overlay Κρέμα Επίπλων 250ml',9,6.21,5.94),
(96,'Fornet Καθαρ Φούρνου 300ml',9,0.00,0.00),
(97,'Roli Καθαριστικό Σκόνη Για Όλες Τις Επιφάνειες Λεμονί 500γρ',9,0.00,0.00),
(98,'Finish Αποσκλ/Κο Αλάτι Πλυν 2,5κιλ',9,5.71,5.08),
(99,'Klinex Καθαριστικό Τουαλέτας Block Ροζ Μανόλια 55γρ',9,0.00,5.64),
(100,'Tuboflo Αποφρακτικό Σκόνη Φάκελ 100g',9,0.00,3.90),
(101,'Overlay Ultra Spray Λιποκαθαριστής Λεμόνι 650ml',9,0.00,5.39),
(102,'Swiffer Πανάκια Αντ/Κα 16τεμ',9,0.00,3.84),
(103,'Vanish Σαμπουάν Χαλιών 500ml',9,0.00,0.00),
(104,'Klinex Χλωρίνη Ultra Lemon 1250ml',9,0.00,6.17),
(105,'Afroso Wc Block Τριαντ 2Χ40ΓΡ',9,3.04,3.67),
(106,'Lenor Gold Orchid 56μεζ 1,4λιτ',9,0.00,5.19),
(107,'Ace Gentile Ενισχυτικό Πλύσης 2lt',9,3.18,3.59),
(108,'Cif Άσπρο Creαm 500ml',9,0.00,4.76),
(109,'Cif Λεμόνι Creαm 500ml',9,5.10,5.18),
(110,'Klinex Υγρό Καθαρισμού Μπάνιου Spray 750ml',9,5.20,5.20),
(111,'Calgon Αποσκ/Κο Νερού Σκόνη 950γρ',9,0.00,5.06),
(112,'Soflan Υγρό Απορ Ρούχ Μαλλ/Ευαισθ 950ml',9,0.00,4.21),
(113,'Klinex Χλωρίνη Lemon 2λιτ',9,0.00,0.00),
(114,'Overlay Επίπλων Σπρέυ 250ml',9,0.00,0.00),
(115,'Scotch Brite Σφουγγαράκι Πράσ Κλασ 1τεμ',9,0.00,4.29),
(116,'Duck Στερεό Block Aqua Blue 40ml',9,6.20,6.56),
(117,'Quanto Μαλακτ Ρουχ Ελλ Νησ 2λιτ',9,0.00,0.00),
(118,'Ajax Υγρό Κατά Των Αλάτων Spray Expert 500ml',9,0.00,6.48),
(119,'Klinex Χλωρίνη Classic 1λιτ',9,5.08,4.83),
(120,'Ajax Antistatic Καθαριστικό Για Τζάμια Αντλία 750ml',9,0.00,4.58),
(121,'Soupline Mistral Μαλακτικό Συμπ 82πλ',9,0.00,6.12),
(122,'Brasso Γυαλιστικό Μετάλλων 150ml',9,0.00,3.60),
(123,'Finish Εκθαμβωτικό Υγρο Πλυν Πιάτ 400ml',9,4.74,6.29),
(124,'Calgon Gel 750ml',9,4.67,4.90),
(125,'Vanish Oxi Action Ενισχ Πλύσης 500γρ',9,0.00,4.86),
(126,'Vanish Pink Πολυκαθαριστικό Λεκέδων 30γρ',9,0.00,5.08),
(127,'CIF Spray Κουζίνας 500ml',9,5.28,4.91),
(128,'Dr Beckmann Καθαριστικο Φουρνου 375ml',9,0.00,4.12),
(129,'Topine Υγρό Επιφ Red Pine 1λιτ',9,4.99,5.77),
(130,'Calgon Ταμπλέτες 15τεμ',9,0.00,0.00),
(131,'Viakal Υγρό Καθαρισμού Κατά Των Αλάτων 500ml',9,0.00,4.83),
(132,'Klinex Καθ Πατώματος Λεμόνι 1λιτ',9,0.00,2.27),
(133,'Ajax Καθαριστικό Ultra 7 Φυσ Σαπούνι 1λιτ',9,0.00,4.54),
(134,'Lenor Μαλακτικό Gold Orchid 26πλ',9,0.00,0.00),
(135,'Ajax Άσπρος Σίφουνας Λεμόνι 1000ml',9,0.00,0.00),
(136,'Dettol Υγρό Καθαριστικό Αντιβακτηριδιακό Κουζινας 500ml Με Ενεργο Οξυγονο Power & Pure',9,2.16,5.16),
(137,'Bref Wc Power Active Αρωματικό Τουαλέτας Πεύκο 50γρ',9,0.00,5.51),
(138,'Meritο Spray Σιδερώματος 500ml',9,0.00,4.21),
(139,'Quanto Μαλακτ Μη Συμπ Μπλε 2λιτ',9,0.00,0.00),
(140,'Silvo Γυαλιστικό Ασημικών 150ml',9,3.47,4.26),
(141,'Swiffer Dusters Αντ/κα 10τεμ',9,0.00,5.46),
(142,'Dettol Υγρό Πολυκαθαριστικό Αντιβακτηριδιακό 500ml Sparkling Lemon & Lime Burst Power & Fresh',9,0.00,5.19),
(143,'Soupline Mistral Μαλακτικό 13πλ',9,4.64,4.89),
(144,'Ajax Kloron 2σε1 Λεμόνι 1λιτ',9,0.00,4.15),
(145,'Ajax Υγρό Γενικού Καθαρισμού Kloron Lila 1λιτ',9,0.00,3.66),
(146,'Ace Gentile Ενισχυτικό Πλύσης 1lt',9,0.00,4.44),
(147,'Ajax Τζαμ Crystal Clean Αντ/Κο 750ml',9,0.00,4.37),
(148,'Ajax Τζαμιών 450ml',9,4.20,4.72),
(149,'Dettol All In 1 Πράσινο Μήλο 500ml',9,0.00,4.96),
(150,'Ajax Uλιτra Υγρό Γενικού Καθαρισμού Λεμόνι 1λιτ',9,0.00,4.24),
(151,'Dettol Απολυμαντικό Για Ρούχα',9,0.00,3.17),
(152,'Dettol Spray Γενικού Καθαρισμού Υγιεινή Και Ασφάλεια Λεμόνι Μέντα 500ml',9,3.68,3.46),
(153,'Bref Power Active Wc Block Ωκεαν 50γρ',9,0.00,4.60),
(154,'Ava Υγρό Πιάτων Ξύδι/Μήλο/Μέντα 430ml',9,0.00,5.42),
(155,'Klinex Χλωρίνη Classic 2λιτ',9,0.00,3.51),
(156,'Softex Χαρτοπετσέτες Λευκές 30x30 56τεμ',10,0.00,5.44),
(157,'Delica Χαρτομάντηλα Αυτοκινήτου Λευκά Big 150τεμ',10,0.00,0.00),
(158,'Zewa Χαρτί Υγείας Deluxe Χαμομήλι 3 Φύλλα 8τεμ 768γρ',10,5.84,4.73),
(159,'Zewa Χαρτί Κουζίνας Με Σχέδια 2τεμ',10,0.00,0.00),
(160,'Zewa Χαρτι Κουζίνας Wisch And Weg Economy 3τεμ',10,0.00,4.60),
(161,'Softex Χαρτί Υγείας Super Giga 2 Φύλλα 12τεμ',10,0.00,6.30),
(162,'Zewa Deluxe Χαρτί Υγείας 3 Φύλλα 8τεμ',10,0.00,4.15),
(163,'Kleenex Χαρτί Υγείας 2 Φύλλα 12τεμ',10,0.00,0.00),
(164,'Zewa Χαρτομάντηλα Soft/Strong 90τμχ',10,0.00,0.00),
(165,'Zewa Χαρ Υγείας Ultra Soft 8τεμ 912γρ',10,6.45,4.96),
(166,'Airwick Αντ/Κο Αποσμ Χώρου Βαν/Ορχιδ',11,0.00,2.11),
(167,'Airwick Αποσμ Χώρου Stick Up 120γρ 2τεμ',11,0.00,0.00),
(168,'Airwick Αντ/Κο Freshmatic Βαν/Ορχιδ 250ml',11,0.00,5.29),
(169,'Glade Αντ/Κο Αποσμ Χώρου Λεβάντα',11,5.33,5.12),
(170,'Pyrox Εντομ/Κο Σπιράλ 10τεμ',12,0.00,0.00),
(171,'Pyrox Εντομ/Ko Σπιράλ 20τεμ',12,0.00,5.18),
(172,'Fego Καμφορά Πλακέτα 6τεμ',12,0.00,4.22),
(173,'Autan Family Care Spray 100ml',12,0.00,4.73),
(174,'Vapona Σκοροκτόνα Φύλλα 20τμχ',12,0.00,4.46),
(175,'Fairy Υγρό Πιάτων Ultra Λεμόνι 900ml',13,0.00,5.40),
(176,'Neomat Total Eco Απορ Σκον 14πλ 700γρ',13,0.00,5.43),
(177,'Svelto Gel Υγρό Πιάτων Λεμόνι 500ml',13,0.00,4.13),
(178,'Εύρηκα Σκόνη Antikalk 54γρ',13,4.22,4.22),
(179,'Neomat Υγρό Απορρυπαντικό Ρούχων Τριαντάφυλλο 62μεζ',13,7.10,5.86),
(180,'Finish Υγρό Απορρυπαντικό Πλυντηρίου Πιάτων Lemon 1λιτ',13,0.00,5.42),
(181,'Εύρηκα Υγρό Απορρυπαντικό Ρούχων Μασσαλίας 30μεζ',13,0.00,0.00),
(182,'Skip Υγρό Απορρυπαντικό Ρούχων Spring Fresh 42μεζ',13,3.31,4.52),
(183,'Ava Υγρό Πιάτων Perle Classic 900ml',13,0.00,4.84),
(184,'Ava Υγρό Πιάτων Action Λευκο Ξυδι Αντλια 650ml',13,0.00,0.00),
(185,'Omino Bianco Υγρό Blacκ Wash 25πλ 1,5λιτ',13,0.00,4.05),
(186,'Neomat Total Eco Απορ Τριαν 14πλ 700γρ',13,0.00,6.37),
(187,'Omo Bianco Υγρό Αφρ Μασ Παραδοσ 30πλ',13,0.00,4.84),
(188,'Omo Υγρό Απορ Τροπ Λουλ 30πλ 1,95l',13,0.00,5.37),
(189,'Klinex Advance Απορρυπαντικό Ρούχων Πλυντηρίου Με Χλώριο 2λιτ',13,0.00,4.68),
(190,'Ariel Υγρό Πλυντηρίου Ρούχων Mountain Spring 54μεζ',13,4.78,4.78),
(191,'Klinex Υγρό Απορρυπαντικό Ρούχων Fresh Clean 25μεζ',13,0.00,0.00),
(192,'Omo Σκόνη Πλυντ Τροπ Λουλούδια 45πλ',13,0.00,0.00),
(193,'Vanish Oxi Action Ενισχυτικό Πλεύσης 1γρ',13,0.00,0.00),
(194,'Persil Black Essenzia Απορ Υγρ 25πλ 1,5λιτ',13,5.04,5.00),
(195,'Dixan Gel 30πλ',13,0.00,0.00),
(196,'Dixan Υγρό Απορρυπαντικό Ρούχων 42μεζ',13,0.00,2.96),
(197,'Fairy Υγρό Πιάτων Ultra Κανονικό 900ml',13,0.00,5.22),
(198,'Ava Υγρό Πιάτων Perle Σύμπλεγμα Βιταμινών 430ml',13,0.00,5.33),
(199,'Quanto Μαλακτικό Ρούχων Ελληνικά Νησιά 18μεζ',13,0.00,2.57),
(200,'Fairy Original All in One Καψ Πλυντ Πιάτ Λεμόνι 22τεμ',13,0.00,6.59),
(201,'Lenor Υγρό Απορρυπαντικό Ρούχων Gold Orchid 19μεζ',13,0.00,4.16),
(202,'Skip Υγρό Regular 30πλ',13,0.00,4.76),
(203,'Cajoline Συμπυκνωμένο Μαλακτικό Blue Fresh 30μεζ',13,0.00,3.42),
(204,'Dixan Υγρό Απορρυπαντικό Ρούχων Άνοιξης 30μεζ',13,6.01,6.01),
(205,'Persil Express Σκόνη Χεριού 420γρ',13,3.60,4.75),
(206,'Ava Υγρό Πιάτων Perle Χαμομήλι/Λεμόνι 1500ml',13,0.00,5.73),
(207,'Εύρηκα Bright Ενισχυτικό Πλύσης Πολυκαθαριστικό Λεκέδων 500g',13,0.00,5.91),
(208,'Calgon Αποσκληρυντικό Νερού Πλυντηρίου Ρουχων Gel 1.5λιτ',13,0.00,2.57),
(209,'Fairy Υγρό Απορρυπαντικό Πιάτων Power Spray 375ml',13,0.00,3.94),
(210,'Skip Duo Καψ Πλυντ Ρούχ Active Clean 578γρ',13,0.00,4.94),
(211,'Palmolive Υγρό Πιάτων Regular 500ml',13,0.00,0.00),
(212,'Palmolive Υγρό Πιάτων Λεμόνι 500ml',13,4.07,5.17),
(213,'Neomat Σκόνη Πλυντηρίου Ρούχων Άγριο Τριαντάφυλλο 45μεζ',13,2.66,3.82),
(214,'Tide Alpine Απορ Χεριού Σκόνη 450γρ',13,3.51,4.54),
(215,'Skip Σκόνη Spring Fresh 45μεζ',13,0.00,5.30),
(216,'Klinex Υγρό Απορρυπαντικό Ρούχων Fresh Clean 40μεζ',13,0.00,2.33),
(217,'Dixan Σκόνη Πλυντ 42πλ 2,31γρ',13,3.15,3.15),
(218,'Ariel Υγρές Καψ 3σε1 Κανονικό 24πλ',13,0.00,0.00),
(219,'Rol Σκόνη Για Πλυσ Στο Χέρι 380γρ',13,0.00,5.32),
(220,'Skip Σκόνη Regular 45πλ',13,4.86,5.20),
(221,'Fairy Υγρό Πιάτων Ultra Classic 400ml',13,0.00,0.00),
(222,'Ariel Alpine Απορ Σκόνη 2,925γρ',13,0.00,4.91),
(223,'Persil Black Υγρό Απορ Πλυντ Ρούχ 12Μεζ 750ml',13,0.00,3.23),
(224,'Finish All In 1 Καψ Πλυντ Πιάτ Max Regular 27τεμ',13,4.26,4.87),
(225,'Klinex Σκόνη Πλυντηρίου Ρούχων Original 44μεζ',13,3.87,3.83),
(226,'Svelto Gel Υγρό Πιάτων Με Ξύδι 500ml',13,0.00,5.80),
(227,'Soupline Συμπυκνωμένο Μαλακτικό Ρούχων Λεβάντα 28μεζ',13,0.00,4.74),
(228,'Ariel Alpine Υγρές Καψ 3σε1 24πλ',13,4.53,4.51),
(229,'Ariel Υγρό Απορρυπαντικό Ρούχων Alpine 28μεζ',13,0.00,4.05),
(230,'Omo Σκόνη 425γρ',13,4.52,5.10),
(231,'Skip Υγρό Πλ Παν/Μικρ 26πλ 910ml',13,0.00,5.01),
(232,'Scotch Brite Σφουγγ Κουζ Γίγας Αντιβ',14,0.00,0.00),
(233,'Sanitas Αντικολλητικό Χαρτί 8μετ',14,4.30,4.01),
(234,'Sanitas Αλουμινόχαρτο 10μετ',14,0.00,4.70),
(235,'Sanitas Σακ Απορ Ultra 52Χ75cm 10τεμ',14,0.00,4.21),
(236,'Klinex Υγρά Πανάκια 30τεμ',14,0.00,0.00),
(237,'Sanitas Παγοκυψέλες 2 Σε 1',14,4.38,4.79),
(238,'Sanitas Μεμβράνη Διάφανη 30μετ',14,0.00,5.35),
(239,'Swiffer Dusters 5τεμ+Χειρολαβή',14,0.00,4.31),
(240,'Scotch Brite Σύρμα Πράσινο Κουζίνας',14,0.00,5.57),
(241,'Sanitas Αλουμινόχαρτο 30μ',14,2.30,2.30),
(242,'Vileda Style Κουβάς',14,0.00,6.32),
(243,'Heineken Μπύρα 6X330ml',15,0.00,4.70),
(244,'Heineken Μπύρα Premium Lager 500ml',15,0.00,4.55),
(245,'Heineken Μπύρα 330ml',15,0.00,3.30),
(246,'Stella Artois Μπύρα 330ml',15,0.00,1.87),
(247,'Amstel Μπύρα Premium Quality 0,5λιτ',15,6.34,4.97),
(248,'Fix Hellas Μπύρα 6X330ml',15,0.00,0.00),
(249,'Amstel Μπύρα 6Χ330ml',15,4.82,4.88),
(250,'Μηλοκλέφτης Μηλίτης 330ml',15,0.00,2.87),
(251,'Βεργίνα Μπύρα 500ml',15,0.00,5.36),
(252,'Heineken Μπύρα 4X500ml',15,0.00,4.50),
(253,'Corona Μπύρα Extra 355ml',15,0.00,0.00),
(254,'Amstel Μπύρα 4X500ml',15,0.00,5.14),
(255,'Stella Artois Μπύρα 6x330ml',15,0.00,0.00),
(256,'Amstel Μπύρα 330ml',15,0.00,6.08),
(257,'Fix Hellas Mπύρα 330ml',15,0.00,0.00),
(258,'Mythos Μπύρα 330ml',15,4.86,4.62),
(259,'Άλφα Μπύρα 500ml',15,0.00,0.00),
(260,'Heineken Μπύρα 330ml',15,0.00,0.00),
(261,'Ζαγόρι Νερό 500ml',16,0.00,4.88),
(262,'Φλώρινα Ξυνό Νερό 1λιτ',16,0.00,4.64),
(263,'Σουρωτή Ανθρακούχο Φυσικό Νερό 250ml',16,0.00,4.95),
(264,'Κορπή Φυσικό Μεταλλικό Νερό 500ml',16,0.00,5.48),
(265,'Αύρα Φυσικό Μεταλλικό Νερό 500ml',16,0.00,3.57),
(266,'Ζαγόρι Νερό Athletic 750ml',16,0.00,3.29),
(267,'Ζαγόρι Φυσικό Μεταλλικό Νερό 1.5λιτ',16,0.00,0.00),
(268,'Κορπή Φυσικό Μεταλλικό Νερό1,5λιτ',16,0.00,4.46),
(269,'Αύρα Νερό Μεταλ Μπλουμ 330ml',16,0.00,4.35),
(270,'Κορπή Νερό 6χ0,5ml',16,0.00,5.41),
(271,'ΣΟΥΡΩΤΗ Μεταλλικό Νερό Ανθρ Λεμον 330ml ',16,4.25,3.98),
(272,'Βίκος Φυσικό Μεταλλικό Νερό 500ml',16,0.00,0.00),
(273,'Κορπή Νερό 6Χ1,5λιτ',16,0.00,5.81),
(274,'Αύρα Φυσικό Μεταλλικό Νερό 1.5λιτ',16,0.00,4.20),
(275,'Moscato D\'Αsti Casarito Κρασί 750ml',17,0.00,5.21),
(276,'Calliga Demi Sec Ροζέ Οίνος 750ml',17,0.00,0.00),
(277,'Κρασί Της Παρέας Ροζέ Κοκκινέλι 1λιτ',17,4.35,3.99),
(278,'Asti Martini Αφρώδης Οίνος 0,75λιτ',17,0.00,2.23),
(279,'Ρούσσος Νάμα Κρασί Ερυθρό Γλυκο 375ml',17,0.00,5.26),
(280,'Κρασί Της Παρέας Ερυθρό 1λιτ',17,0.00,0.00),
(281,'Οίνος Ερ Γλυκ Μαυροδάφνη Αχαΐα 375ml',17,0.00,2.38),
(282,'Αλλοτινό Οίνος Ερυθρ Ημιγλυκ 0,5ml',17,0.00,5.07),
(283,'Cair Αφρώδης Λευκός Ημίξηρος Οίνος 750ml',17,0.00,3.99),
(284,'Ρεπάνη Μοσχοφίλερο Λευκός Οίνος 750ml',17,3.88,3.92),
(285,'Κουρτάκη Ρετσίνα 500ml',17,4.43,4.38),
(286,'Don Simon Kρασί Sangria Χαρτ 1λιτ',17,0.00,5.12),
(287,'Ρεπάνη Αγιωργίτικος Ερυθρός Οίνος 750ml',17,3.93,4.94),
(288,'Κρασί Της Παρέας Λευκό 1λιτ',17,5.30,5.12),
(289,'Μαλαματίνα Ρετσίνα 500ml',17,0.00,4.45),
(290,'Bailey\'s Irish Cream Λικέρ 700ml',18,0.00,0.00),
(291,'Τεντούρα Κάστρο Λικέρ 500ml',18,0.00,4.47),
(292,'Μεταξά 3 Μπράντυ 350ml',18,0.00,4.63),
(293,'Dewar\'s Ουίσκι 0,7λιτ',18,6.04,5.68),
(294,'Πλωμάρι Ούζο 0,7λιτ',18,3.44,4.19),
(295,'Μίνι Ούζο Γλυκάνισο 200ml',18,3.46,3.88),
(296,'Μεταξά 3 Μπράντυ 700ml',18,0.00,5.96),
(297,'Absolut Βότκα 0,7λιτ',18,0.00,1.24),
(298,'Bacardi Ρούμι 700ml',18,0.00,4.21),
(299,'Johnnie Walker Ουίσκι Black Label 12ετών',18,5.55,3.74),
(300,'Μίνι Ούζο Επομ 700ml',18,0.00,2.14),
(301,'Jose Cuervo Τεκίλα Espec Κιτρ 0,7λιτ',18,0.00,0.00),
(302,'Grants Ουίσκι 0,7λιτ',18,0.00,4.46),
(303,'Campari Bitter Aπεριτίφ 700ml',18,0.00,5.96),
(304,'Martini Bianco Απεριτίφ 1λιτ',18,0.00,4.87),
(305,'Disaronno Λικέρ 700ml',18,4.58,3.48),
(306,'Johnnie Walker Ουίσκι Κόκκινο 0,7λιτ',18,0.00,5.33),
(307,'Cutty Sark Ουίσκι 0,7λιτ',18,7.91,5.46),
(308,'Haig Ουίσκι 0,7λιτ',18,4.56,5.40),
(309,'Ούζο 12 0,7λιτ',18,0.00,0.00),
(310,'Τσιλιλή Τσίπουρο Χ Γλυκάνισο 200ml',18,0.00,4.27),
(311,'Gordon\'s Τζιν 0,7λιτ',18,1.84,3.44),
(312,'Gordons Space Τζιν Original 275ml',18,0.00,4.85),
(313,'Τσιλιλή Τσίπουρο Χ Γλυκάνισο 700ml',18,0.00,5.12),
(314,'Serkova Βότκα 37,5% 0,7λιτ',18,0.00,6.28),
(315,'Ballantines Ουίσκι 0,7λιτ',18,0.00,4.50),
(316,'Απαλαρίνα Λικέρ Μαστίχα 500ml',18,4.58,5.13),
(317,'Λακωνία Φυσικός Χυμός Πορτοκάλι 1λιτ',19,0.00,5.01),
(318,'Frulite Φρουτοπ Καροτ/Πορτ/Μαγκ 1λιτ',19,0.00,4.72),
(319,'Life Φρουτοποτό Πορτ/Μηλ/Καρ 400ml',19,0.00,5.03),
(320,'Δέλτα Φυσικ Χυμός Smart Ροδ Βερ200ml',19,4.38,4.38),
(321,'Lipton Ice Tea Green No Sugar 500ml',19,0.00,5.00),
(322,'Lipton Ice Tea Instant Λεμονι 125γρ',19,0.00,5.39),
(323,'Amita Motion Φυσικός Χυμός 330ml',19,0.00,6.00),
(324,'Amita Motion Φυσικός Χυμός 1λιτ',19,0.00,5.24),
(325,'Life Χυμός Φυσικός Πορτοκάλι 1λιτ',19,0.00,4.88),
(326,'Ribena Φρουτοποτό Φραγκοστάφυλλο 250ml',19,6.27,5.30),
(327,'Amita Φυσικός Χυμός Πορτοκάλι 100% 1λιτ',19,0.00,5.14),
(328,'Χυμός Ρόδι/Μηλ/Καρ Χριστοδούλου 1λιτ',19,0.00,2.64),
(329,'Life Φρουτοπ Κρανμπ/Ρασμπ/Μπλουμπ 1lt',19,0.00,3.46),
(330,'Όλυμπος Φυσ Χυμός Μηλ Πορτ Kaρότο 1λιτ',19,4.71,5.15),
(331,'Όλυμπος Φυσικός Χυμός Πορτ 500ml',19,3.91,4.27),
(332,'Life Φρουτοποτό Πορτοκ/Μηλ/Καροτ 1λιτ',19,6.07,4.80),
(333,'Peppa Pig Φρουτοποτό Τροπ Φτούτα 250ml',19,0.00,4.35),
(334,'Λακώνια Φυσ Χυμός Πορτοκάλι 250ml',19,0.00,5.40),
(335,'Λακώνια Χυμός Νέκταρ Πορ/Μηλ/Βερ 250ml',19,0.00,5.83),
(336,'Amita Φρουτοποτό Πορ/Μηλ/Βερ 1λιτ',19,0.00,4.03),
(337,'Όλυμπος Φυσικός Χυμός Πορτοκάλι 1,5λιτ',19,0.00,4.91),
(338,'Frulite Φρουτοπoτό Πορτ/Βερικ 500ml',19,4.17,4.52),
(339,'Cool Hellas Χυμός Πορτοκαλ Συμπ 1λιτ',19,0.00,4.76),
(340,'Frulite Σαγκουίνι/Μανταρίνι 1λιτ',19,0.00,3.64),
(341,'Όλυμπος Φυσικός Χυμός Πορτοκάλι 1λιτ',19,0.00,5.12),
(342,'Sprite 330ml',20,0.00,0.00),
(343,'Έψα Λεμοναδα 232ml',20,5.80,5.80),
(344,'Red Bull Ενεργειακό Ποτό 250ml',20,0.00,0.00),
(345,'Monster Energy Drink 500ml',20,0.00,4.34),
(346,'Coca Cola 1,5λιτ',20,0.00,4.59),
(347,'Coca Cola 6Χ330ml',20,4.97,3.74),
(348,'Sprite Αναψυκτικό 1,5λιτ',20,0.00,4.86),
(349,'Λουξ Πορτοκαλάδα Μπλε 330ml',20,0.00,3.15),
(350,'Λουξ Λεμονάδα 330ml',20,3.65,4.95),
(351,'Coca Cola 1λιτ',20,3.91,3.77),
(352,'Coca Cola Zero 1λιτ',20,0.00,4.46),
(353,'Coca Cola Zero 2Χ1,5λιτ',20,3.99,5.02),
(354,'Coca Cola 330ml',20,7.52,5.51),
(355,'Coca Cola Zero 330ml',20,0.00,4.26),
(356,'Λουξ Πορτοκαλάδα Ανθρ 330ml',20,2.61,2.61),
(357,'Coca Cola Πλαστ 4Χ500ml',20,5.45,5.45),
(358,'Coca Cola Light 330ml',20,0.00,4.62),
(359,'Coca Cola 500ml',20,5.67,6.08),
(360,'Green Cola 330ml',20,0.00,4.75),
(361,'Λουξ Σόδα 330ml',20,0.00,5.05),
(362,'Green Cola 1,5λιτ',20,0.00,3.92),
(363,'Tuborg Club Σόδα 500ml',20,0.00,4.36),
(364,'Coca Cola 250ml',20,3.97,5.00),
(365,'Coca Cola 2Χ1,5λιτ',20,0.00,4.35),
(366,'Sprite 6X330ml',20,0.00,4.81),
(367,'Fanta Πορτοκαλάδα 1,5λιτ',20,0.00,4.09),
(368,'Tuborg Σόδα 330ml',20,0.00,4.20),
(369,'Axe Αποσμητικό Σπρέυ Africa 150ml',21,0.00,0.00),
(370,'Nivea Black/White Invisible 48h Rollon 50ml',21,0.00,0.00),
(371,'Noxzema Αποσμ Rollon Classic 50ml',21,0.00,4.22),
(372,'Dove Deodorant Κρέμα Rollon 50ml',21,0.00,6.65),
(373,'Axe Αποσμ Σπρέυ Dark Temptation 150ml',21,0.00,5.09),
(374,'Dove Αποσμ Σπρέυ 150ml',21,5.73,5.73),
(375,'Μέγα Βαμβάκι 100γρ',22,0.00,5.36),
(376,'Palette Βαφή Μαλ Ξανθό N8',23,0.00,3.20),
(377,'Wella Koleston Βαφή Μαλ Ν7/77',23,0.00,0.00),
(378,'L\'Oreal Excellence Βαφή Μαλ Ξανθό Ν7',23,0.00,5.45),
(379,'Pantene Μάσκα Μαλ Αναδόμησης 2λεπτ 300ml',24,0.00,5.04),
(380,'Le Petit Marseillais Μάσκα Μαλλ Ξηρ 300ml',24,0.00,4.01),
(381,'Elvive Color Vive Μάσκα Μαλ 300ml',24,0.00,4.56),
(382,'Syoss Cond Βαμμένα Μαλ 500ml',24,0.00,0.00),
(383,'Elvive Color Vive Γαλακτ Μαλ 200ml',24,0.00,0.00),
(384,'Gliss Condition Ultimate Color 200ml',24,0.00,4.25),
(385,'Camel Υγρο Δερμα Παπουτσιών Μαύρο 75ml',25,0.00,2.91),
(386,'Hansaplast Φυσική Ελαφρόπετρα',25,0.00,3.36),
(387,'Gillette Fusion 5 Proglide Ξυρ Μηχ+Ανταλ',27,0.00,5.11),
(388,'Bic Ξυρ Μηχ Classic 10τεμ',27,3.29,4.76),
(389,'Gilette Ξυρ Μ/Χ Blue II Slalom 5τεμ',27,0.00,5.12),
(390,'Gillette Venus Close&Clean+2 Ανταλ',27,6.39,4.02),
(391,'Gillette Sensor Excel Ανταλ Ξυρ 5 τεμ',27,0.00,0.00),
(392,'Gillette Fusion Proglide Power Ανταλ 3 τεμ',27,0.00,4.30),
(393,'Gillette Venus Ξυρ Γυν Ανταλ 4τεμ',27,0.00,0.00),
(394,'Veet Κρύο Κερι Ταινίες Προσώπου 20τεμ',27,3.58,4.12),
(395,'Gillette Fusion Proglide 5+1 Ανταλ',27,0.00,6.16),
(396,'Gillette Blue Ii Plus Slalom Sensit 5τεμ',27,6.61,5.63),
(397,'Gillette Ξυρ Μηχ Mach 3 Turbo+Ανταλ',27,0.00,5.53),
(398,'Gillette Blue Ii Fixed Head 5τεμ',27,0.00,5.34),
(399,'Veet Αποτριχωτική Κρέμα Κανον Επιδερμ 100ml',27,0.00,4.40),
(400,'Gillette Fusion Αντ/κα Ξυραφ 4τεμ',27,0.00,5.21),
(401,'Veet Κρέμα Για Ευαίσθ Επιδ 100ml',27,0.00,0.00),
(402,'Veet Ταινίες Κρύο Κερί 20τεμ',27,0.00,0.00),
(403,'Aim Οδοντόβ Μέτρια Antiplaque',28,5.32,4.91),
(404,'OralB Χειρ Οδοντoβ 1/2/3 Clas Care 40 Med 2 τεμ',28,0.00,4.59),
(405,'Aim Οδ/τσα 2-6 Παιδική',28,0.00,3.99),
(406,'Colgate Οδ/τσα Ext Clean Med Twin Pack',28,0.00,4.80),
(407,'Sani Πάνα Ακρατ Sensitive N4 Xlarge 10τεμ',29,6.37,4.86),
(408,'Tena Lady Extra 20τεμ',29,6.47,4.46),
(409,'Sani Pants N2 Medium 14τεμ',29,0.00,6.41),
(410,'Sani Lady Sensitive Super N5 10τεμ',29,3.77,4.83),
(411,'Sani Υποσέντονα Fresh Maxi Plus 15τεμ',29,0.00,0.00),
(412,'Nivea Γαλάκτ Καθαρ Ξηρ/ Ευαίσθ Επιδ 200ml',30,0.00,0.00),
(413,'Garnier Νερό Ντεμακιγιάζ Micellaire 100ml',30,4.52,3.25),
(414,'Nivea Μάσκα Μέλι για Ξηρ/Ευαίσθ Επιδ 2x7,5ml',30,0.00,5.07),
(415,'Johnson\'s 24η Κρ Ημ Essentials Hydr SPF15 50ml',30,0.00,0.00),
(416,'Nivea Κρέμα 150ml',30,0.00,3.63),
(417,'Garnier Express Ντεμακιγιάζ Ματιών 2σε1 125ml',30,0.00,5.29),
(418,'Pom Pon Μαντ Καθαρ Argan Oil 20τεμ',30,0.00,6.16),
(419,'Nivea Baby Φυσιολογικός Ορός 24Χ5ml',30,0.00,3.90),
(420,'Nivea Κρ Νύχτας Cellular Anti-Age 50ml',30,0.00,3.59),
(421,'Nivea Μάσκα Peel Off 10ml',30,5.21,4.94),
(422,'Nivea Νερό Διφασ Ντεμακ Ματιών 125ml',30,3.60,3.31),
(423,'Nivea Γαλάκτωμα Καθαρισμού 200ml',30,0.00,4.01),
(424,'Nivea Visage Ημερ Kρ Απαλ Ενυδ Spf15 50ml',30,3.95,4.38),
(425,'Nivea Κρ Ημέρας Ξηρ/Ευαίσθ Επιδ SPF15 50ml',30,0.00,4.14),
(426,'Pom Pon Μαντηλ Ντεμακ Sensit 20τεμ',30,0.00,5.15),
(427,'Pom Pon Eyes & Face Μαντηλάκια 20τεμ',30,4.69,4.76),
(428,'L\'Oreal Κρέμα Προσ Καν/Μικτ Επιδ 3 Φρον 50ml',30,0.00,5.27),
(429,'Elnett Λακ Βαμμένα Μαλλ Satin 200ml',31,0.00,3.86),
(430,'Palette Λακ Πολύ Δυνατή 300ml',31,0.00,0.00),
(431,'Syoss Hairspray Max Ultra Strong 400ml',31,3.98,4.96),
(432,'Wella Flex Σπρέυ Ultra Strong 250ml',31,0.00,3.53),
(433,'Pantene Κρέμα Μαλλ Αναδόμησης 270ml',31,1.84,3.62),
(434,'Elvive Extraordinary Oil Universal 100ml',31,4.08,4.80),
(435,'Wella New Wave Πηλός Γλυπτικής 75ml',31,0.00,0.00),
(436,'Wella Flex Mousse Curles/Waves 200ml',31,0.00,4.08),
(437,'Wella Flex Mousse Ultra Strong 200ml',31,0.00,5.66),
(438,'Axe Αφροντούς Africa 400ml',32,3.29,5.09),
(439,'Dove Αφροντούς Deep Nour 500ml',32,0.00,2.36),
(440,'Orzene Σαμπουάν Μπύρας Κανον 400ml',32,0.00,0.00),
(441,'Nivea Αφρόλουτρο Cream Care 750ml',32,0.00,3.84),
(442,'Lactacyd Intimate Lotion Ευαίσθ Περιοχ 200ml',32,0.00,6.33),
(443,'L\'Oreal Σαμπ Elvive Color Vive Βαμμένα 400ml',32,0.00,3.68),
(444,'Pantene Σαμπουάν Αναδόμησης 360ml',32,4.93,5.07),
(445,'Palmolive Αφρόλ Natural Αμυγδ 650ml',32,5.83,5.61),
(446,'Noxzema Αφρόλ Talc 750ml',32,4.38,4.18),
(447,'Fa Αφρόλ Yoghurt Van Honey 750m',32,0.00,5.08),
(448,'Lux Aφρόλ Magical Beauty 700ml',32,0.00,5.00),
(449,'Orzene Condit Μπύρας Κανον Μαλλ 250ml',32,0.00,2.76),
(450,'Ultrex Σαμπουάν Γυναικ Κανον 360ml',32,0.00,4.30),
(451,'Head & Shoulders Σαμπουάν Total Care 300ml',32,0.00,3.62),
(452,'Vidal Αφρόλ White Musk 750ml',32,0.00,4.47),
(453,'Dove Ντούς Deeply Nourisηing 750ml',32,0.00,3.40),
(454,'Syoss Σαμπ Όγκο 750ml',32,0.00,3.19),
(455,'Botanic Therapy Σαμπουάν Επανόρθ 400ml',32,3.37,4.61),
(456,'Rilken Gel Χτεν Clubber 150ml',35,0.00,0.00),
(457,'Gillette Αφρός Ξυρ Sens Classic 200ml',35,2.99,2.99),
(458,'Nivea After Shave Balsam 100ml',35,2.17,4.17),
(459,'Nivea After Shave Balsam Sens 100ml',35,0.00,4.47),
(460,'Noxzema Αφρός Ξυρισ Xtr Sens 300ml',35,0.00,2.73),
(461,'Nivea Κρέμα Ξυρίσματος 100ml',35,0.00,2.27),
(462,'L\'Oreal Studio Line Fx Gel Extra Fix 150ml',35,0.00,0.00),
(463,'Gillette Gel Ξυρ Μοιsture 200ml',35,6.42,5.05),
(464,'Hansaplast Universal Αδιάβροχα 20τεμ',36,4.48,4.48),
(465,'Hansaplast Universal Αδιάβροχα 40τεμ',36,0.00,2.83),
(466,'Atrix Κρέμα Χερ Intens Χαμομήλι 150ml',37,0.00,5.04),
(467,'Vaseline Petroleum Jelly 100% Καθαρή Βαζελίνη 100 ml',37,0.00,4.86),
(468,'Bioten 24η Κρέμα Ενυδ 50ml',37,0.00,0.00),
(469,'Dettol Κρεμοσάπουνο 250ml',38,4.84,4.89),
(470,'Παπουτσάνη Σαπούνι Πρασ Παραδ 125γρ',38,0.00,5.22),
(471,'Lux Σαπούνι Soft/Creamy 125γρ',38,0.00,0.00),
(472,'Dettol Κρεμοσάπουνο Soothe 250ml',38,4.27,4.70),
(473,'Palmolive Κρεμ Μέλι Γάλα Αντ/κο 750ml',38,6.02,6.02),
(474,'Dettol Κρεμοσάπουνο Citrus 250ml',38,0.00,0.00),
(475,'Dove Σαπούνι 100γρ',38,0.00,4.08),
(476,'Κλεοπάτρα Σαπούνι 125γρ',38,0.00,0.00),
(477,'Dove Κρεμοσ/νο Ανταλ Regul 500ml',38,0.00,6.03),
(478,'Αρκάδι Σαπούνι Πλάκα Πρασ 4Χ150γρ',38,0.00,2.77),
(479,'Durex Προφυλακτικά Jeans 12τεμ',39,0.00,3.41),
(480,'Everyday Σερβ Super/Ultra Plus Sens 10τεμ',40,5.73,4.70),
(481,'Everyday Σερβ Extr Long/Ultra Plus Hyp 10τεμ',40,0.00,0.00),
(482,'Everyday Σερβ Maxi Nig/Ultra Plus Sens 18τεμ',40,0.00,5.44),
(483,'Everyday Σερβ/Κια XL All Cotton 24τεμ',40,0.00,3.99),
(484,'EveryDay Natural Fresh Υγρό Ευαίσθ Περιοχ 200ml',40,0.00,4.46),
(485,'Tena Lady Maxi 12τεμ',40,0.00,4.41),
(486,'Libresse Σερβ Goodnight Clip 10τεμ',40,0.00,4.52),
(487,'Everyday Σερβ Norm/Ultra Plus Sens 10τεμ',40,0.00,3.96),
(488,'Libresse Σερβιέτες Ultra Thin Long Wings 8τεμ',40,0.00,6.05),
(489,'Everyday Σερβ Maxi Nig/Ultra Plus Hyp 18τεμ',40,0.00,5.13),
(490,'Always Σερβ Ultra Platinum Night 6τεμ',40,4.81,4.81),
(491,'Everyday Σερβ Maxi Nig/Ultra Plus Sens 10τεμ',40,0.00,4.91),
(492,'Septona Σερβιέτες Sensitive Ultra Plus Night 8τεμ',40,4.14,4.61),
(493,'Always Σερβ Ultra Platinum Night 12τεμ',40,5.18,3.79),
(494,'O.B. Ταμπόν Original Normal 16τμχ',40,5.53,5.11),
(495,'Libresse Σερβιέτες Invisible Normal 10τεμ',40,0.00,5.50),
(496,'Everyday Σερβ Extr Long/Ultra Plus Sens 10τεμ',40,0.00,2.94),
(497,'Everyday Σερβ Super/Ultra Plus Hyp 18 τεμ',40,0.00,4.19),
(498,'Everyday Σερβ/Κια Norm All Cotton 24τεμ',40,5.12,5.12),
(499,'Everyday Σερβ Norm/Ultra Plus Hyp 18τεμ',40,4.89,4.36),
(500,'Everyday Σερβ Super/Ultra Plus Sens 18τεμ',40,5.29,5.48),
(501,'Always Σερβ Night 9τεμ',40,0.00,0.00),
(502,'Everyday Σερβ Norm/Ultra Plus Sens 18τεμ',40,0.00,4.01),
(503,'Oral B Στοματικό Διαλ Δοντ/Ουλων 500ml',41,0.00,5.11),
(504,'OralB Οδ/Mα 1/2/3 75ml',42,0.00,4.27),
(505,'Colgate Οδ/Μα Sensation Whiten.75ml',42,0.00,4.20),
(506,'OralB Οδ/Μα Pro Exp Prof Prot 75m',42,0.00,5.58),
(507,'Colgate Οδ/Μα Total Original 75ml',42,3.60,4.35),
(508,'Aim Οδ/Μα Παιδ 2/6ετων 50ml',42,0.00,0.00),
(509,'Aim Οδ/μα White System 75ml',42,4.35,3.57),
(510,'Sensodyne Οδ/μα Complete Protection 75ml',42,0.00,4.58),
(511,'Sensodyne Οδ/μα Repair/Protect 75ml',42,0.00,3.85),
(512,'Oral B Οδοντικό Νήμα Κηρωμένο 50τεμ',42,3.68,3.29),
(513,'Γιώτης Αλεύρι Για Όλες Τις Χρήσεις 1κιλ',43,3.88,3.88),
(514,'Melissa Σιμιγδάλι Χονδρό 500γρ',43,0.00,6.97),
(515,'Αλλατίνη Φαρίνα Κέικ Φλάουρ 500γρ',43,0.00,6.76),
(516,'Akis Ρυζάλευρο 500γρ',43,0.00,0.00),
(517,'Melissa Σιμιγδάλι Ψιλό 500γρ',43,4.87,4.78),
(518,'Akis Καλαμποκάλευρο 500γρ',43,5.18,5.18),
(519,'Μύλοι Αγίου Γεωργίου Αλεύρι Για Όλες Τις Χρ 1κιλ',43,4.92,4.68),
(520,'Μύλοι Αγίου Γεωργίου Καλαμποκάλευρο 500γρ',43,4.16,3.95),
(521,'Schar Mix B Αλεύρι Για Ψωμί 1κιλ',43,4.17,4.94),
(522,'Μύλοι Αγίου Γεωργίου Αλεύρι Για Πίτσα 1κιλ',43,6.00,5.25),
(523,'Κεραμάρη Μάννα Αλεύρι Για Πίτες 1κιλ',43,0.00,5.56),
(524,'Γιώτης Αλεύρι Φαρίνα Ολικής Άλεσης 500γρ',43,0.00,5.24),
(525,'Γιώτης Αλεύρι Φαρίνα Πορτοκαλί 500γρ',43,5.35,5.48),
(526,'Γιώτης Αλεύρι Φαρίνα Κόκκινη 500γρ',43,0.00,5.70),
(527,'Εν Ελλάδι Γαλοπούλα Καπνιστή Φέτες 160γρ',44,0.00,4.92),
(528,'Creta Farm Λουκάνικα Τρικάλων Με Πράσο 400γρ',44,3.94,4.46),
(529,'Εν Ελλάδι Μπέικον Καπνιστό Σε Φέτες 100γρ',44,0.00,3.04),
(530,'Νίκας Γαλοπούλα Καπνιστή Φέτες 160γρ',44,0.00,0.00),
(531,'Υφαντής Παριζάκι 330γρ',44,4.30,5.12),
(532,'Υφαντής Γαλοπούλα Καπνιστή 160γρ',44,0.00,4.69),
(533,'Υφαντής Ζαμπόν Μπούτι Βραστό Σε Φέτες 160γρ',44,0.00,0.00),
(534,'Νίκας Σαλαμι Αέρος Συκευασμενο 100γρ',44,4.66,4.24),
(535,'Υφαντής Παριζακι Γαλοπούλας 330γρ',44,0.00,0.00),
(536,'Νίκας Γαλοπ Καπνισ + Gouda Τυρί Light Φετ 280γρ',44,5.28,4.69),
(537,'Νίκας Σαλάμι Αέρος 72 Πικάντ Χ Γλ 165γρ',44,0.00,4.91),
(538,'Νίκας Μπέικον Καπνιστό Συσκευασμένο 100γρ',44,0.00,0.00),
(539,'Fouantre Γαλοπούλα Σε Φέτες 120γρ',44,0.00,0.00),
(540,'Υφαντής Γαλοπούλα Βραστή 160γρ',44,0.00,5.48),
(541,'Ω3 Αυγά Αμερικ Γεωργ Σχολής 6τ Large 63-73γρ',45,0.00,5.08),
(542,'Χρυσά Αυγά Εξαίρετα Φρέσκα Large 6τ Χ 63γρ Πλαστ Θήκη',45,2.39,2.39),
(543,'Χρυσά Αυγά Φρέσκα Αχυρώνα Medium 53-63γρ 6τεμ',45,0.00,4.12),
(544,'Χρυσά Αυγά Ελληνικά Βιολ 6τ Medium 348γρ',45,0.00,3.85),
(545,'Χρυσά Αυγά Φρέσκα Medium 53/63 γρ.τεμ',45,0.00,0.00),
(546,'Μινέρβα Χωριό Μαργαρίνη Με Ελαιόλαδο 250γρ',46,0.00,5.75),
(547,'Becel Pro Activ Μαργαρίνη Σκαφ 250γρ',46,0.00,4.58),
(548,'Νέα Φυτίνη Φυτικό Μαγειρικό Λίπος 400γρ',46,2.99,2.99),
(549,'Becel Μαργαρίνη Light 40% Λιπ 250γρ',46,0.00,3.98),
(550,'Βιτάμ Μαργαρίνη Soft Σκαφ 500γρ',46,0.00,3.27),
(551,'Βιτάμ Μαργαρίνη Soft Light 39% Λιπ 250γρ',46,0.00,5.43),
(552,'Βιτάμ Soft Μαργαρίνη 3/4 250γρ',46,0.00,0.00),
(553,'Διβάνη Βούτυρο Αγνό Γάλακτ Λιωμ 500γρ',46,0.00,5.06),
(554,'Flora Μαργαρίνη Πλακ 70% Λιπ 25% 250γρ',46,0.00,5.77),
(555,'Μινέρβα Χωριό Βούτυρο 41% Επαλ Σκαφ 225γρ',46,0.00,5.16),
(556,'Adoro Βούτυρο 250γρ',46,0.00,5.36),
(557,'Flora Maργαρίνη Soft 60% Λιπ 225γρ',46,0.00,2.72),
(558,'Lurpak Βούτυρο Ανάλατο 250γρ',46,0.00,6.41),
(559,'Lurpak Soft Αλατισμένο 225γρ',46,0.00,5.37),
(560,'Lurpak Soft Μειωμέν Λιπαρ Ανάλ 225γρ',46,0.00,4.80),
(561,'Σαβόϊ Βούτυρο Τύπου Κερκύρας 250gr',46,4.17,5.13),
(562,'Becel Pro Activ Ελαιόλαδο 35% Λιπ 250γρ',46,0.00,3.94),
(563,'Βιτάμ Μαργαρίνη Κλασικό 250γρ',46,0.00,4.11),
(564,'Όλυμπος Βούτυρο Αγελ Πακ 250γρ',46,0.00,4.34),
(565,'Φάγε Γιαούρτι Αγελαδίτσα 4% 3χ200γρ',47,0.00,0.00),
(566,'Φάγε Total Γιαούρτι 5% Φάγε 3Χ200γρ',47,5.56,5.17),
(567,'Όλυμπος Γιαούρτι Στραγγιστό 10% 1κιλ',47,0.00,0.00),
(568,'Ροδόπη Γιαούρτι Πρόβειο 240γρ',47,3.95,5.10),
(569,'Δέλτα Advance Επιδ Μπαν/Μηλο 2Χ150γρ',47,0.00,5.26),
(570,'Μεβγάλ Στραγγιστό Γιαούρτι 2% 1κιλ',47,0.00,5.13),
(571,'Μεβγάλ Harmony 1% Ροδακινο 3Χ200γρ',47,0.00,0.00),
(572,'Όλυμπος Γιαούρτι Στραγγιστό 2% Λιπ 1κιλ',47,0.00,5.19),
(573,'Μεβγάλ Harmony Gourm ΑλατΚαραμ /Dark Choc 165γρ',47,0.00,0.00),
(574,'Μεβγάλ Only 0% Et Συρτ 3Χ200γρ',47,5.44,5.54),
(575,'Δέλτα Vitaline 0% Τρ Φρουτ/Δημ 380γρ',47,0.00,4.06),
(576,'Becel Pro Activ Ρόφημα Γιαουρ Φράουλα 4Χ100γρ',47,0.00,5.15),
(577,'Κρι Κρι Σπιτικό Επιδόρπιο Γιαουρτιού 2% 1κιλ',47,0.00,4.90),
(578,'Μεβγάλ Παραδοσιακό Γιαούρτι Αγελαδ 220γρ',47,0.00,4.84),
(579,'Μεβγάλ Harmony 1% Λεμ 3Χ200γρ',47,0.00,5.37),
(580,'Μεβγάλ Harmony Gourmet Πορτοκ Νιφ Σοκ 165γρ',47,0.00,3.56),
(581,'Φάγε Total Γιαούρτι Στραγγιστό 2% 1κιλ',47,0.00,5.50),
(582,'Μεβγάλ Harmony 1% Φράουλα 3Χ200γρ',47,5.35,5.35),
(583,'Όλυμπος Γιαούρτι Στραγγιστό 2% 3Χ200γρ',47,4.54,4.86),
(584,'Μεβγάλ Στραγγιστό Γιαούρτι 3Χ200γρ',47,0.00,0.00),
(585,'Δωδώνη Γιαούρτι Στραγγιστό 2% 1Kg',47,0.00,4.48),
(586,'Ροδόπη Γιαούρτι Κατσικίσιο 240γρ',47,0.00,0.00),
(587,'Μεβγάλ Γιαούρτι Πρόβειο Παραδ 300γρ',47,0.00,4.33),
(588,'Μεβγάλ Στραγγιστό Γιαούρτι 1κιλ',47,0.00,5.70),
(589,'Όλυμπος Γιαούρτι Στραγγ 10% Λ 3Χ200γρ',47,5.66,5.75),
(590,'Ροδόπη Γιαούρτι Πρόβειο Βιο 240γρ',47,0.00,4.66),
(591,'Δωδώνη Γιαούρτι Στραγγιστό 8% 1κιλ',47,3.84,4.71),
(592,'Δέλτα Γιαούρτι Μικ Οικ Φαρμ 2% 2Χ200γρ',47,0.00,4.44),
(593,'Μεβγάλ Only 2% Et Συρτ 3Χ200γρ',47,0.00,5.22),
(594,'Danone Activia Επιδ Γιαουρ Καρυδ/Βρώμη 2Χ200γρ',47,0.00,0.00),
(595,'Danone Activia Επιδ Γιαουρ Τραγ Απόλ 3Χ200γρ',47,0.00,4.75),
(596,'Στάμου Γιαούρτι Πρόβειο Παραδ 240γρ',47,0.00,1.98),
(597,'Φάγε Total Γιαούρτι Στραγγιστό 1κιλ',47,0.00,3.80),
(598,'Μεβγάλ Harmony 1% Με Μέλι/Γκραν 164γρ',47,0.00,6.19),
(599,'Φάγε Total Γιαούρτι 5% 200γρ',47,0.00,4.24),
(600,'Φάγε Total Γιαούρτι 2% 3x200γρ',47,0.00,3.38),
(601,'Δέλτα Advance Επιδορπιο Λευκό 2χ150γρ',47,0.00,5.11),
(602,'Μεβγάλ Παραδ Γιαούρτι Αιγοπρ Ελαφ 2Χ220γρ',47,0.00,5.30),
(603,'Κρι Κρι Σπιτικό Επιδόρπιο Γιαουρτιού 5% 1κιλ',47,0.00,0.00),
(604,'Μεβγάλ Παραδοσιακό Γιαούρτι Προβ 220γρ',47,0.00,4.49),
(605,'Κρι Κρι Γιαούρτι Στραγγιστό 2% 1κιλ',47,0.00,0.00),
(606,'Danone Activia Επιδ Τραγαν Απολ Δημ 200γρ',47,0.00,0.00),
(607,'Φάγε Total Γιαούρτι Στραγγιστό 500γρ',47,0.00,5.62),
(608,'Δέλτα Advance Επιδ Αλεσμένα Δημητρ 2Χ150γρ',47,6.44,5.86),
(609,'Μεβγάλ Παραδοσιακό Γιαούρτι Κατσικ 220γρ',47,0.00,4.34),
(610,'Φάγε Γιαούρτι Αγελάδος 2% Λ 3X200γρ',47,0.00,4.17),
(611,'Κρι Κρι Γιαούρτι Στραγγιστό 10% 1κιλ',47,3.70,3.70),
(612,'Μεβγάλ Harmony 1% Ανανάς 3Χ200γρ',47,2.56,4.19),
(613,'Εβόλ Γιαούρτι Κατσικίσιο Βιολ 190γρ',47,0.00,4.30),
(614,'Danone Activia Επιδ Γιαουρ Ακτιν 2Χ200γρ',47,0.00,5.49),
(615,'Μεβγάλ Στραγγιστό Γιαούρτι 2% 3Χ200γρ',47,0.00,4.67),
(616,'Δέλτα Smart Επιδ Γιαουρ Φραουλ 2Χ145γρ +1δώρο',47,2.39,3.81),
(617,'Γιώτης Κορν Φλάουρ 200γρ',48,3.18,4.26),
(618,'Gelita Ζελατίνη Φύλλα 20γρ',48,0.00,4.84),
(619,'Γιώτης Κουβερτούρα Γαλακ Σταγ 100γρ',48,0.00,3.64),
(620,'Γιώτης Κρέμα Ζαχαροπλ Βανίλια 117γρ',48,0.00,3.39),
(621,'Γιώτης Μαγιά 3φακ 8γρ',48,0.00,0.00),
(622,'Γιώτης Σιρόπι Σοκολάτα 350γρ',48,0.00,0.00),
(623,'Forno Bonomi Μπισκ Σφολιατ 200γρ',48,0.00,3.61),
(624,'Γιώτης Φρουιζελέ Κεράσι Σε Σκ 200γρ',48,0.00,4.76),
(625,'Μύλοι Αγίου Γεωργίου Easy Bake Μειγ Muffin 500γρ',48,2.34,3.45),
(626,'Morfat Κρέμα Σαντιγύ Μετ 250γρ',48,0.00,3.78),
(627,'Γιώτης Mείγμα Παγωτού Καιμάκι 508γρ',48,0.00,4.36),
(628,'Chipita Frau Lisa Bάση Τούρτας Κακάο 400γρ',48,0.00,4.86),
(629,'Γιώτης Ανθός Αραβοσίτου Βανίλια 43γρ',48,4.94,4.92),
(630,'Γιώτης Super Mousse Κακ 234γρ',48,5.78,5.70),
(631,'Γιώτης Φρουιζελέ Φράουλα 2X100γρ',48,0.00,0.00),
(632,'Γιώτης Τούρτα Μιλφέιγ 532γρ',48,0.00,5.91),
(633,'Γιώτης Κρέμα Ζαχαροπλ Μιλφέιγ 170γρ',48,0.00,3.68),
(634,'Γιώτης Ρυζόγαλο Στιγμής 105γρ',48,5.51,4.69),
(635,'Γιώτης Μείγμα Για Κρέπες 300γρ',48,0.00,5.03),
(636,'Ίον Σοκοφρέτα Μίνι Σακουλάκι 210γρ',49,0.00,4.21),
(637,'Ferrero Kinder Pingui Σοκ/Γκοφρ 4X124γρ',49,5.03,5.37),
(638,'Παυλίδης Σοκολάτα Υγείας Αμύγδ 100γρ',49,1.99,1.99),
(639,'Ferrero Kinder Bueno Σοκ/Τα 43γρ',49,5.00,5.31),
(640,'Maltesers Κουφετάκια Σοκολ 37gr',49,0.00,5.20),
(641,'Snickers Σοκολάτα 50γρ',49,0.00,2.66),
(642,'Παυλίδης Σοκολατα Υγειας Πορτοκ 100γρ',49,0.00,4.14),
(643,'Ίον Σοκολάτες Γάλακτος 70γρ',49,0.00,5.20),
(644,'Crunch Σοκολάτα Γάλακτος 100γρ',49,0.00,4.42),
(645,'Ίον Σοκολ Αμυγδ Υγείας 100γρ',49,0.00,0.00),
(646,'Παυλίδης Σοκολάτα Υγείας Ν11 100γρ',49,0.00,5.24),
(647,'Lacta Σοκολάτα Γάλακτος 200γρ',49,0.00,3.35),
(648,'Παυλίδης Κουβερτούρα Κλασ 125γρ',49,4.72,4.39),
(649,'Παυλίδης Γκοφρέτα Υγείας 34γρ',49,0.00,3.94),
(650,'Ίον Σοκοφρέτα Σοκολ Υγείας 38γρ',49,0.00,6.09),
(651,'Ferrero Rocher Πραλίνες 16τεμ 200γρ',49,0.00,3.29),
(652,'Ίον Σοκοφρέτα Γάλακτος 38γρ',49,0.00,4.08),
(653,'Ίον Σοκοφρέτα Γάλακτ Με Φουντούκ 38γρ',49,2.52,2.52),
(654,'Παυλίδης Kiss Σοκολάτα Γάλ Φράουλα 27,5γρ',49,0.00,0.00),
(655,'Ίον Σοκολάτα Γάλακτος 100γρ',49,0.00,5.37),
(656,'Twix Σοκολάτα Μπισκότο 50γρ',49,0.00,3.25),
(657,'Ίον Σοκολάτα Γάλακτος Αμυγδάλου 100γρ',49,0.00,4.59),
(658,'Ίον Σοκολάτα Αμυγδάλου 70γρ',49,3.89,5.11),
(659,'Kit Kat Σοκολάτα 41,5γρ',49,0.00,6.85),
(660,'Παυλίδης Γκοφρέτα 3bit 31γρ',49,0.00,4.99),
(661,'Derby Ίον 38γρ',49,0.00,0.00),
(662,'Ferrero Kinder Γάλακτοφέτες 5Χ140γρ',49,4.98,4.98),
(663,'Ίον Σοκολάτα Γάλακτος 45γρ',49,0.00,6.17),
(664,'Γιώτης Κουβερτούρα Σε Σταγόνες 100γρ',49,0.00,0.00),
(665,'Crunch Σοκολάτα Λευκή 100γρ Χωρίς Γλουτένη',49,0.00,3.68),
(666,'Nestle Smarties Κουφετάκια Σοκολ 38γρ',49,0.00,4.72),
(667,'Μεβγάλ Ζελέ Φράουλα 3Χ150γρ',50,5.99,4.62),
(668,'Biofarma Παστέλι Βιολ Με Σουσάμι 30gr',50,0.00,4.92),
(669,'Μεβγάλ Πολίτικο 2Χ150γρ',50,5.53,5.53),
(670,'Μεβγάλ Ζελέ Κεράσι 3Χ150γρ',50,0.00,0.00),
(671,'Μεβγάλ Ζελέ Ροδάκινο 3Χ150γρ',50,0.00,5.57),
(672,'Μεβγάλ Creme Καραμελέ 150γρ',50,0.00,5.25),
(673,'Μεβγάλ Κρεμα Σοκολάτα 150γρ',50,0.00,4.43),
(674,'Μεβγάλ Κρέμα Βανίλια 150γρ',50,0.00,7.55),
(675,'Knorr Quick Soup Μανιτ Με Κρουτόν 36γρ',51,0.00,0.00),
(676,'Knorr Μανιταρόσουπα 90γρ',51,0.00,4.67),
(677,'Maggi Noodles Γεύση Κοτόπουλο 60γρ',51,0.00,5.18),
(678,'Μέλισσα Τορτελίνια Γεμ Τυρίων 250γρ',52,0.00,4.22),
(679,'Μακβελ Μακαρόνια Σπαγγέτι No 10 500γρ',52,0.00,4.31),
(680,'Μέλισσα Μακαρόνια Σπαγγετίνη Νο 10 500γρ',52,0.00,3.70),
(681,'Barilla Μακαρόνια Ν5 500γρ',52,0.00,3.29),
(682,'Maggi Barilla Spaghettoni No7 500γρ',52,0.00,4.98),
(683,'Μέλισσα Σπαγγέτι Ν6 500γρ',52,0.00,6.85),
(684,'Misko Μακαρόνια Σπαγγέτι Ν3 500γρ',52,0.00,4.79),
(685,'Barilla Πένες Rigate Νο 73 500γρ',52,0.00,4.64),
(686,'Κριθαράκι Μίσκο Χονδρό 500γρ',52,5.83,5.17),
(687,'Barilla Ζυμαρικά Capellini No1 500γρ',52,0.00,3.71),
(688,'Barilla Maccheroncini Μακαρόνια Για Παστίτσιο 500γρ',52,0.00,3.21),
(689,'Barilla Cannelloni 250γρ',52,0.00,4.73),
(690,'Μέλισσα Κριθαράκι Μέτριο 500γρ',52,0.00,5.17),
(691,'Μέλισσα Κριθαράκι Χονδρό 500γρ',52,0.00,4.08),
(692,'Barilla Λαζάνια Με Αυγά 500γρ',52,5.59,4.66),
(693,'Μίσκο Μακαρόνια Ν6 500γρ',52,0.00,5.04),
(694,'Misko Ταλιατέλλες Σιμιγδ 500γρ',52,5.95,5.38),
(695,'Μάκβελ Μακαρόνια Σπαγγέτι Ν6 500γρ',52,6.19,5.95),
(696,'Misko Παραδ Χυλοπίτες Με Αυγά Μετσόβου 500γρ',52,4.72,4.89),
(697,'Βλάχα Χυλοπιτάκι Με Αυγά 500γρ',52,7.16,5.04),
(698,'Misko Τορτελίνι Με Τυρί 500γρ',52,0.00,3.88),
(699,'Μίσκο Κριθαράκι Μέτριο 500γρ',52,5.86,4.77),
(700,'Barilla Μακαρ Linguine Bavette Ν13 500γρ',52,0.00,4.58),
(701,'Misko Μακαρόνια Σπαγγέτι Ν5 500γρ',52,5.44,5.44),
(702,'Μέλισσα Σπαγγέτι Ολικής Άλεσης 500γρ',52,0.00,4.29),
(703,'Misko Μακαρόνια Για Παστίτσιο Ν2 500γρ',52,0.00,4.22),
(704,'Misko Ολικής Άλεσης Μακαρόνια Σπαγγέτι Ν6 500γρ',52,0.00,4.96),
(705,'Αλλατίνη Κέικ Βανίλια Με Κακάο 400γρ',53,5.45,5.53),
(706,'7 Days Κέικ Bar Κακάο 5Χ30γρ',53,0.00,0.00),
(707,'Αλλατίνη Κέικ Κακάο Με Κομμάτια Σοκολάτας 400γρ',53,0.00,5.04),
(708,'Ferrero Kinder Delice Κέικ 39γρ',53,6.20,6.20),
(709,'Στεργίου Κέικ Ανάμικτο 400γρ',53,0.00,0.00),
(710,'Στεργίου Κέικ Ανάμεικτο 80γρ',53,0.00,5.42),
(711,'7 Days Swiss Roll Κακάο 200γρ',53,0.00,0.00),
(712,'Κανάκι Pizza Special 3 Χ 460γρ',54,0.00,3.24),
(713,'Υφαντής Πίτσα Rock N Roll 3Χ460γρ',54,0.00,3.58),
(714,'Alfa Πίτσα Μαργαρίτα Κατεψυγμένη 730γρ',54,3.31,5.00),
(715,'Χρυσή Ζύμη Πίτσα Μαργαρίτα 2X470γρ',54,0.00,0.00),
(716,'Κανάκι Σφολιατ Χωρ Στρ Κουρού 450γρ',55,0.00,4.79),
(717,'Χρυσή Ζύμη Χωριάτικο Φυλλο Κατεψυγμένο 700γρ',55,2.62,4.43),
(718,'Zest Familia Λουκανικοπιτάκια 800γρ',55,0.00,0.00),
(719,'Pillsbury Ζύμη Φρέσκια Σφολιάτας 700γρ',55,0.00,4.25),
(720,'Κανάκι Βάση Πίτσας Κατεψυγμένη 660γρ',55,0.00,0.00),
(721,'Γιαννιώτη Φύλλο Κρουσ Νωπό 450γρ',55,0.00,5.12),
(722,'Pillsbury Αφρατ Ζυμ Για Πίτσα 400γρ',55,0.00,4.84),
(723,'Κανάκι Ζύμη Κατεψυγμένη Κουρού 700γρ',55,0.00,2.66),
(724,'Χρυσή Ζύμη Κρουασάν Βουτύρου 300γρ',55,5.73,5.21),
(725,'Alfa Ζύμη Για Πίτσα 600γρ',55,0.00,0.00),
(726,'Γιαννιώτη Φύλλο Χωριατ Νωπό 500γρ',55,0.00,4.25),
(727,'Pillsbury Φυλλο Ζύμης Για Τάρτα 600γρ',55,0.00,0.00),
(728,'Χρυσή Ζύμη Σφολιάτα 850γρ',55,0.00,6.87),
(729,'Pillsbury Ζύμη Κρουασάν 230γρ',55,0.00,0.00),
(730,'Χρυσή Ζύμη Τυροπιτάκια 1κιλ',55,0.00,4.16),
(731,'Κανάκι Φύλλο Κρούστας Νωπό 450γρ',55,5.76,4.18),
(732,'Κανάκι Φύλλο Κρούστας 450γρ',55,4.08,3.91),
(733,'Alfa Μπουγάτσα Θες/νίκης Κρέμα 800γρ',55,0.00,4.00),
(734,'Jacobs Καφές Φίλτρου Εκλεκτός 250γρ',56,0.00,3.82),
(735,'Nescafe Cappuccino 10φακ 140γρ',56,5.32,4.77),
(736,'Nescafe Classic Στιγμιαίος Καφές 100γρ',56,3.89,4.78),
(737,'Nescafe Dolce Gusto Cappuccino 16 Καψ',56,0.00,4.60),
(738,'Jacobs Καφές Φίλτρου Εκλεκτός 500γρ',56,0.00,0.00),
(739,'Λουμίδης Καφές Ελληνικός 194γρ',56,0.00,0.00),
(740,'Bravo Καφές Κλασικός 95γρ',56,0.00,5.04),
(741,'Lavazza Καφές Rossa Espresso 250γρ',56,6.72,3.89),
(742,'Λουμίδης Καφές Ελληνικός 96γρ',56,0.00,4.38),
(743,'Λουμίδης Καφές Ελληνικός 490γρ',56,5.73,5.83),
(744,'Nescafe Azera Καφές Espresso 100% Arabica 100γρ',56,4.89,4.28),
(745,'Nescafe Dolce Gusto Espresso Int Καψ 16x7γρ',56,2.25,3.06),
(746,'Nescafe Classic Στιγμιαίος Καφές 50γρ',56,0.00,6.47),
(747,'Nescafe Classic Στιγμιαίος Καφές 200γρ',56,0.00,0.00),
(748,'Trata Σαρδέλα Λαδιού 100γρ',57,5.61,5.74),
(749,'Del Monte Κομπόστα Ανανά Φέτες 565γρ',57,0.00,5.04),
(750,'Παλίρροια Ντολμαδάκια Γιαλαντζί 280γρ',57,3.74,3.74),
(751,'Flokos Καλαμάρια Φυσ Χυμού 370γρ',57,0.00,5.17),
(752,'Ζαναέ Ντολμαδάκια 280γρ',57,0.00,5.92),
(753,'Daκor Corned Beef Μοσχάρι 200γρ',57,0.00,7.18),
(754,'Βέρμιον Νάουσα Κομπόστα Ροδάκινο 1κιλ',57,0.00,4.83),
(755,'Zwan Luncheon Meat 200γρ',57,0.00,4.27),
(756,'Rio Mare Τόνος Νερόυ 2Χ160γρ',57,0.00,6.13),
(757,'Trata Σαρδέλα Πικάντικη 100γρ',57,0.00,5.21),
(758,'Rio Mare Τόνος Λαδιού 2Χ160γρ',57,0.00,1.84),
(759,'Μιμίκος Κοτόπουλο Στηθ Φιλ Νωπό Τυποπ 845γρ',58,0.00,5.45),
(760,'Μιμίκος Κοτόπουλο Φιλ Μπούτ Νωπό Τυποπ 650γρ',58,0.00,5.64),
(761,'Νουνού Κρέμα Γάλακτος Πλήρης 330ml',59,0.00,3.74),
(762,'Adoro Κρέμα Γάλακτος 35% Λιπαρά 200ml',59,0.00,5.50),
(763,'Νουνού Κρέμα Γάλακτος Πλήρης 2Χ330ml',59,0.00,5.99),
(764,'Νουνού Κρέμα Γάλακτος Light 200ml',59,0.00,0.00),
(765,'Μινέρβα Ελαιόλαδο 1λιτ',60,0.00,5.08),
(766,'Μινέρβα Χωριό Ορεινές Περιοχές Ελαιόλαδο Παρθένο 2λιτ',60,0.00,5.94),
(767,'Άλτις Ελαιόλαδο Δοχείο 4λιτ',60,0.00,3.29),
(768,'Μινέρβα Αραβοσιτέλαιο 1λιτ',60,0.00,4.22),
(769,'Μινέρβα Αραβοσιτέλαιο 2λιτ',60,0.00,3.96),
(770,'Sol Ηλιέλαιο 1λιτ',60,0.00,5.62),
(771,'Φλώρα Αραβοσιτέλαιο 1λιτ',60,0.00,0.00),
(772,'Nestle Fitness Μπαρες Δημητριακών Crunchy Caramel 6X23.5γρ',60,0.00,4.40),
(773,'Μινέρβα Χωριό Eλαιόλαδο Εξαιρ Παρθ 4λιτ',60,0.00,3.58),
(774,'Χωριό Ελαιόλαδο Κορωνεική Ποικ 1λιτ',60,3.11,3.12),
(775,'Άλτις Παραδοσιακό Ελαιόλαδο Παρθένο 1λιτ',60,0.00,3.66),
(776,'Άλτις Κλασσικό Ελαιόλαδο 2λιτ',60,0.00,3.64),
(777,'3 Άλφα Ρεβύθια Χονδρά Εισαγωγής 500γρ',61,3.98,4.34),
(778,'Agrino Φασόλια Μέτρια 500γρ',61,0.00,0.00),
(779,'3 Άλφα Φασόλια Μέτρια 500γρ',61,3.93,3.93),
(780,'Agrino Φασόλια Γίγαντες Ελέφαντες Καστοριάς Π.Γ.Ε. 500γρ',61,0.00,4.42),
(781,'3 Άλφα Φασόλια Γίγαντες Εισαγωγής 500γρ',61,0.00,4.31),
(782,'Εδέμ Φασόλια Κόκκινα Σε Νερό 240γρ.',61,0.00,0.00),
(783,'Agrino Φακές Ψιλές Εισαγωγής 500γρ',61,0.00,4.75),
(784,'3 Άλφα Φασόλια Χονδρά Εισαγωγής 500γρ',61,0.00,4.58),
(785,'3 Άλφα Φακές Ψιλές Εισαγωγής 500γρ',61,0.00,3.65),
(786,'Chupa Chups Melody Γλυφιτζ 12γρ',63,0.00,1.77),
(787,'Τσίχλες Trident Δυόσμος 8γρ',63,0.00,3.67),
(788,'Λάβδας Καραμέλες Βούτυρου 0% Ζαχαρ 32γρ',63,0.00,5.12),
(789,'Halls Καραμ Cool Menthol 28γρ',63,0.00,4.84),
(790,'Haribo Goldbaren Καραμ Ζελίνια Αρκουδ 100γρ',63,0.00,6.12),
(791,'Μετέωρα Ξύδι Λευκού Κρασιού 400ml',64,5.25,4.58),
(792,'Παπαδημητρίου Κρέμα Balsamico Λευκή 250ml',64,0.00,0.00),
(793,'Παπαδημητρίου Balsamico Βιολογικό Καλαμάτας 250ml',64,0.00,4.27),
(794,'Παν Κρέμα Βαλσάμικο 250ml',64,0.00,6.16),
(795,'Τοπ Ξύδι Κοκκίνου Κρασιού 350ml',64,0.00,5.60),
(796,'Τοπ Κρέμα Βαλσάμικο Με Λεμόνι & Μέλι 200ml',64,4.47,3.98),
(797,'Παπαδημητρίου Balsamico Με Μέλι 250ml',64,0.00,4.41),
(798,'Knorr Κύβοι Ζωμού Λαχανικών Extra Γεύση 147γρ',65,0.00,0.00),
(799,'Maggi Κύβοι Ζωμού Λαχανικών 6λιτ 12τεμ',65,0.00,4.87),
(800,'Knorr Ζωμός Κότας Σε Κόκκους Extra Γεύση 88γρ',65,6.03,5.91),
(801,'Knorr Κύβοι Ζωμού Λαχανικών 12λιτ 24τεμάχια',65,0.00,3.60),
(802,'Knorr Κύβοι Ζωμού Κότας 6λιτ 12τεμάχια',65,6.14,6.14),
(803,'Knorr Ζωμός Κότας Σπιτικός 112γρ',65,0.00,4.92),
(804,'Knorr Κυβοι Λαχανικών 120γρ',65,0.00,5.60),
(805,'Maggi Κύβοι Ζωμού Κότας 6λιτ 12τεμ',65,0.00,5.34),
(806,'Knorr Ζωμός Κότας 12 κυβ 120γρ',65,0.00,4.33),
(807,'Maggi Μείγμα Λαχανικών Νοστιμιά Σε Σκόνη 130γρ',65,0.00,4.79),
(808,'Knorr Ζωμός Σπιτικός Φρεσκ Λαχανικ 4Χ28γρ',65,0.00,4.13),
(809,'Κύκνος Τοματοπολτός 410γρ',66,0.00,4.95),
(810,'Κύκνος Τοματοπολτός 28% Μεταλ 70γρ',66,0.00,5.09),
(811,'Κύκνος Τοματοπολτός 200γρ',66,4.37,4.26),
(812,'Ίον Κακάο 125γρ',68,0.00,4.36),
(813,'Lipton Χαμομήλι Φακ 10τεμΧ1γρ',68,0.00,0.00),
(814,'Lipton Τσάι Ρόφημα 10 Φακ 1,5γρ',68,0.00,4.52),
(815,'Lipton Τσάι Κίτρινο Φακ 20τεμΧ1,5γρ',68,0.00,4.62),
(816,'Nestle Nesquik Ρόφημα Σακούλα 400γρ',68,0.00,4.71),
(817,'Γιώτης Κακάο 125γρ',68,0.00,5.50),
(818,'Agrino Ρύζι Φάνσυ Ελλάδας 1κιλ',69,0.00,0.00),
(819,'3 Αλφα Ρύζι Καρολίνα 500γρ',69,0.00,2.86),
(820,'Agrino Ρύζι Λαΐς Καρολίνα 500γρ',69,0.00,4.73),
(821,'Agrino Ρύζι Σουπέ Γλασέ 500γρ',69,0.00,2.41),
(822,'3 Άλφα Ρύζι Νυχάκι 1κιλ',69,0.00,4.36),
(823,'Agrino Ρύζι Bella Parboiled Χ Γλουτ 1κιλ',69,0.00,0.00),
(824,'Uncle Bens Ρύζι Basmati 500γρ',69,0.00,6.05),
(825,'Knorr Ρύζι Risonatto Milanaise 220γρ',69,0.00,0.00),
(826,'Ωμέγα Special Ρύζι Νυχάκι 500γρ',69,4.50,4.36),
(827,'Agrino Ρύζι Basmati Χ Γλουτ 500γρ',69,0.00,5.02),
(828,'3 Άλφα Ρύζι Γλασσέ 500γρ',69,0.00,4.83),
(829,'Agrino Ρύζι Parboiled Bella Χ Γλουτ 500γρ',69,0.00,3.83),
(830,'Uncle Bens Ρύζι 10 λεπτά 4Χ125γρ',69,0.00,4.10),
(831,'3 Άλφα Ρύζι Γλασέ 1κιλ',69,0.00,4.75),
(832,'Agrino Ρύζι Φανσύ Για Γεμιστά Χ Γλουτ 500γρ',69,0.00,0.00),
(833,'Ωμέγα Special Ρύζι Basmati 1κιλ',69,0.00,5.62),
(834,'3 Άλφα Ρύζι Νυχάκι Ελληνικό 500γρ',69,0.00,0.00),
(835,'Τσανός Μουστοκούλουρα 300γρ',70,4.66,5.22),
(836,'7 Days Bake Rolls Pizza 160γρ',70,0.00,3.53),
(837,'Στεργίου Μηλόπιτα Ατομική 105γρ',70,0.00,3.28),
(838,'Στεργίου Λουκουμάς 4τεμ 340γρ',70,0.00,4.97),
(839,'Jumbo Σνακ Γαριδάρες 85gr',71,0.00,0.00),
(840,'Tasty Φουντούνια 105γρ',71,0.00,3.79),
(841,'Champion Κρουασ Πραλίνα Φουντουκ 4X70γρ',72,0.00,4.87),
(842,'7 Days Κρουασάν Κακάο 70γρ',72,0.00,0.00),
(843,'Molto Κρουασάν Πραλίνα 80γρ',72,0.00,0.00),
(844,'7 Days Κρουασάν Κακάο 3Χ70γρ',72,0.00,0.00),
(845,'Folie Κρουασάν Κρέμα Κακαο 80γρ',72,6.28,4.95),
(846,'Στεργίου Κρουασάν Βιέννης Με Κρέμα Σοκολάτα 120γρ',72,0.00,4.04),
(847,'Στεργίου Κρουασάνάκια Με Γέμιση Πραλίνα 300γρ',72,0.00,0.00),
(848,'7 Days Κρουασάν Mini Κακάο 107γρ',72,0.00,4.60),
(849,'Tsakiris Πατατάκια Αλάτι 72γρ',73,0.00,5.14),
(850,'Lay\'s Πατατάκια Ρίγανη150γρ',73,0.00,4.28),
(851,'Ruffles Barbeque 130γρ',73,0.00,5.34),
(852,'Tsakiris Πατατάκια Ρίγανη 72γρ',73,0.00,3.53),
(853,'Tsakiris Πατατάκια Αλάτι 120γρ',73,0.00,0.00),
(854,'Cheetos Pacotinia 114γρ',73,0.00,3.37),
(855,'Tasty Poppers Classic Ποπ Κορν 81γρ',74,4.66,3.89),
(856,'Μεβγάλ Τυρί Ημισκλ Μακεδ 420γρ',75,0.00,3.98),
(857,'Μεβγάλ Φέτα Vacuum 400γρ',75,4.41,4.41),
(858,'La Vache Qui Rit Τυροβουτιές 4Χ35γρ',75,0.00,0.00),
(859,'Philadelphia Τυρί 200γρ',75,0.00,4.30),
(860,'Λεβέτι Κασέρι Ποπ Φέτες 175γρ',75,4.57,5.03),
(861,'Μινέρβα Χωριό Φέτα Ποπ Βιολ Άλμη 350γρ',75,0.00,0.00),
(862,'Ήπειρος Φέτα Ποπ Σε Άλμη 400γρ',75,0.00,4.57),
(863,'Νουνού Gouda Φέτες 200γρ',75,0.00,5.92),
(864,'Δομοκού Τυρί Κατίκι Ποπ 200g',75,0.00,5.04),
(865,'La Vache Qui Rit Τυρί 8τμχ 140γρ',75,6.10,5.77),
(866,'Μεβγάλ Μανούρι 200γρ',75,6.53,5.37),
(867,'Φάγε Τυρί Τριμμένο Gouda 200γρ',75,0.00,3.72),
(868,'Philadelphia Τυρί 300γρ',75,5.30,4.39),
(869,'Μεβγάλ Τριμμένο Κεφαλοτύρι 200γρ',75,0.00,4.28),
(870,'Φάγε Τρικαλινό Τυρί Ζαρί Light Φάγε 380γρ',75,0.00,2.91),
(871,'La Vache Qui Rit Τυρί Cheddar Φέτες 200γρ',75,0.00,3.36),
(872,'Μεβγάλ Τριμμένο Σκλήρο Τυρί 80γρ',75,0.00,5.26),
(873,'Μεβγάλ Τριμμένο Τυρί Light 10% Λ 200γρ',75,0.00,4.87),
(874,'Gouda Τυρί Φάγε Φέτες 200γρ',75,0.00,4.69),
(875,'St Clemens Μπλέ Τυρί Δανίας 100γρ',75,0.00,4.46),
(876,'Φάγε Τρικαλινό Τυρί Ζάρι Φάγε 380γρ',75,0.00,0.00),
(877,'Όλυμπος Κεφαλοτύρι Προβ 250γρ',75,0.00,4.57),
(878,'Mini Babybel Τυρί Classic 10τεμ 200γρ',75,0.00,0.00),
(879,'Ήπειρος Φέτα Μαλακή 400γρ',75,0.00,3.72),
(880,'Dirollo Τυρί Ημισκλ 14% Λιπ Φετ 175γρ',75,0.00,0.00),
(881,'Δωδώνη Τυρί Φέτα 400γρ Σε Άλμη',75,0.00,4.60),
(882,'Philadelphia Τυρί Light 200γρ',75,6.79,6.79),
(883,'Μεβγάλ Τριμμένο Σκληρό Τυρί 200γρ',75,4.01,4.70),
(884,'Leerdammer Τόστ Light 10 φέτες 175γρ',75,0.00,0.00),
(885,'Fina Τυρί Φέτες 10% Λιπ 175γρ',75,0.00,4.25),
(886,'Milner Τυρί Φέτες 175γρ',75,4.28,4.70),
(887,'Φάγε Μιγμ Tριμ 4 Τυρ 200γρ',75,0.00,5.51),
(888,'Φάγε Τυρί Flair Cottage 225γρ',75,5.03,4.54),
(889,'Ήπειρος Τυρί Ελαφρύ Σε Άλμη 400γρ',75,0.00,4.34),
(890,'Τρικαλινό Τυρί Φάγε Ελαφ.Φετ.200γρ',75,0.00,4.90),
(891,'Μεβγάλ Ανθότυρο Τυποπ 300γρ',75,0.00,4.36),
(892,'Φάγε Κεφαλοτύρι Τριμμένο 200γρ',75,0.00,4.96),
(893,'Kerrygold Τυρί Regato 270γρ',75,0.00,0.00),
(894,'Leerdammer Τυρί Τοστ Special 125γρ',75,0.00,5.42),
(895,'Μεβγάλ Τριμμενη Μυζήθρα Ξηρή 200γρ',75,0.00,5.01),
(896,'La Vache Qui Rit Τυρί Φέτες Light 200γρ',75,0.00,5.03),
(897,'Νουνού Τυρί Γκουντα Light 11% Φετ 175γρ',75,5.69,6.01),
(898,'Kerrygold Τυρί Regato Τριμ.400γρ',75,0.00,3.42),
(899,'Όλυμπος Τυρί Χωριάτικο Σε Άλμη 400γρ',75,0.00,6.35),
(900,'Dirollo Τυρί Cottage 2,2% Λιπ 225γρ',75,0.00,4.24),
(901,'Μίνι Babybel Διχτάκι 6τεμ 120γρ',75,0.00,4.15),
(902,'Dorodo Τυρί Τριμμ Φακ 80γρ',75,1.45,4.19),
(903,'Στεργίου Τσουρέκι 380γρ',76,2.56,4.19),
(904,'7 Days Τσουρεκάκι Κλασικό 75γρ',76,0.00,5.42),
(905,'Καραμολέγκος Ψωμί Τοστ Σταρένιο 680γρ',77,0.00,1.49),
(906,'Κρίς Κρίς Τόστιμο Ψωμί Τόστ Ολικής Άλεσης 400γρ',77,0.00,4.81),
(907,'Παπαδοπούλου Αρτοσκεύασμα Πολύσπορο 540γρ',77,0.00,5.53),
(908,'Καραμολέγκος Δέκα Αρτοσκεύασμα Σταρένιο Σε Φέτες 550γρ',77,0.00,3.70),
(909,'Καραμολέγκος Ψωμί Τόστ Δέκα Χωριάτικο 500γρ',77,0.00,3.96),
(910,'Κρίς Κρίς Τόστιμο Ψωμί Τόστ Σταρένιο 800γρ',77,0.00,5.06),
(911,'Παπαδοπούλου Ψωμί Τόστ Plus Σίτου 700γρ',77,0.00,5.33),
(912,'Παπαδοπούλου Ψωμί Σίτου Φυσ Προζύμι 700γρ',77,0.00,0.00),
(913,'Κρίς Κρίς Ψωμί Τόστ Μπρίος 400γρ',77,0.00,4.96),
(914,'Pemα Ψωμί Σικ Ολ Άλεσης 500γρ',77,0.00,3.03),
(915,'Κρις Κρις Ψωμί Τοστ Σταρένιο 700gr',77,5.88,4.72),
(916,'Καραμολέγκος Ψωμί Τοστ Σταρένιο Μίνι 340g',77,0.00,5.55),
(917,'Κύκνος Τομάτες Αποφλ Ολoκλ 400γρ',78,0.00,4.53),
(918,'Pummaro Χυμός Τομάτα 500γρ',78,2.91,4.07),
(919,'Κύκνος Τοματά Τριμμενη 500γρ',78,0.00,3.51),
(920,'Κύκνος Τομάτα Ψιλ 400γρ',78,0.00,4.84),
(921,'Pummaro Ψιλοκ Τοματ Κλασ 400γρ',78,0.00,0.00),
(922,'Κύκνος Τοματοχυμός 390ml',78,0.00,6.38),
(923,'Κύκνος Τοματάκι Ψιλοκ Χαρτ Συσκ 370γρ',78,0.00,0.00),
(924,'Κύκνος Χυμ Τομάτας Συμπ 500γρ',78,0.00,5.74),
(925,'Pummaro Χυμός Τομάτα Πιο Συμπ/Νος 520γρ',78,0.00,4.85),
(926,'Μπάρπα Στάθης Τομάτα Στον Τρίφτη 500γρ',78,0.00,3.92),
(927,'Pummaro Χυμός Τομάτα Κλασικός 3Χ250γρ',78,0.00,2.39),
(928,'Ήλιος Πιπέρι Μαύρο Τριμμένο 40gr',79,0.00,6.00),
(929,'Άριστον Αλάτι Ιμαλαΐων Φιάλη 400γρ',79,6.20,5.51),
(930,'Κάλας Αλάτι Θαλασσινό Κλασικό 400γρ',79,5.30,5.42),
(931,'Ήρα Αλάτι Μαγειρικό 1kg',79,2.93,5.46),
(932,'Anatoli Πιπέρι Μαύρο Μύλος 45gr',79,0.00,4.58),
(933,'Ήρα Αλάτι Ψιλό 500γρ',79,0.00,3.72),
(934,'Maggi Πουρές Χ Γλουτ 250γρ',81,5.56,5.31),
(935,'Ferrero Kinder Αυγό Εκπλ Χ Γλουτ 3τ 60γρ',81,0.00,0.00),
(936,'Γιώτης Σοκολάτα Sweet/Balance Χ Γλουτ 100γρ',81,0.00,5.76),
(937,'Alpro Ρόφημα Αμύγδαλο Χ Γλουτ 1λιτ',81,0.00,4.48),
(938,'Creta Farms Λουκαν Χωριατ Μυρ Χ Γλουτ 400γρ',81,0.00,4.89),
(939,'Όλυμπος Ταχίνι Χ Γλουτ 300γρ',81,0.00,5.82),
(940,'Υφαντής Λουκάνικα Βιέννα Αποφλ Χ Γλουτ 250γρ',81,6.08,4.89),
(941,'Ferrero Kinder Αυγό Εκπλ Χ Γλουτ 20γρ',81,0.00,0.00),
(942,'Νίκας Λουκάν Φρανκ Γαλοπ Χ Γλ 280γρ',81,0.00,4.81),
(943,'Ροδόπη Γάλα Χ Λακτόζη 1λιτ',81,0.00,5.91),
(944,'Bonne Maman Μαρμελάδα Φρα Χ Γλ.370γρ',81,0.00,3.43),
(945,'Υφαντής Σαλάμι Αέρος Χ Γλουτ 100γρ',81,0.00,5.64),
(946,'EggPro Ροφ Πρωτεΐνης Φράουλα Χ Γλουτ 250ml',81,0.00,0.00),
(947,'Ferrero Kinder Σοκολ Bars Χ Γλουτ 8τ 100γρ',81,0.00,4.89),
(948,'Creta Farms Εν Ελλάδi Λουκάν Παραδ Χ Γλουτ 340γρ',81,2.99,4.13),
(949,'Joya Ρόφημα Σογιας Bio Χ Ζαχ 1λιτ',81,0.00,3.09),
(950,'Jannis Παστέλι Σουσάμι Χ Γλ 70γρ',81,0.00,0.00),
(951,'Κύκνος Κέτσαπ Top Down Χ Γλουτ 580γρ',81,0.00,4.56),
(952,'Νίκας Ωμοπλάτη Χωρίς Γλουτένη 160γρ',81,0.00,5.89),
(953,'Παπαδοπούλου Krispies Ολικής Χωρίς Ζάχαρη 200γρ',81,3.64,3.64),
(954,'Ζωγράφος Μακαρόνια Διαίτης Ν6 500γρ',81,0.00,5.20),
(955,'Ferrero Kinder Σοκολ 2πλη 16τεμ Χ Γλουτ 200γρ',81,6.89,4.33),
(956,'Fytro Σόγια Κιμάς 400γρ',81,0.00,7.09),
(957,'Όλυμπος Γιαούρτι Στρ 2% Freelact 2Χ170γρ',81,0.00,4.09),
(958,'Bonne Maman Μαρμελάδα Βερικ Χ Γλ 370γρ',81,0.00,4.93),
(959,'Υφαντής Μπέικον Καπνιστό Χ Γλουτ 100γρ',81,0.00,5.08),
(960,'Lurpak Βούτυρο Αναλ Αλουμ 125γρ',81,0.00,4.83),
(961,'Παπαδημητρίου Κρεμά Βαλσαμ Χ Γλ 250ml',81,0.00,4.59),
(962,'Μεβγάλ Αριάνι 1,5% Χ Γλουτ 500ml',81,0.00,5.74),
(963,'Κύκνος Κέτσαπ Χ Γλουτ 330γρ',81,3.88,4.71),
(964,'Υφαντής Ferano Προσούτο Χ Γλουτ 80γρ',81,0.00,4.68),
(965,'Παπαδημητρίου Κρέμα Balsamico Με Ρόδι Με Στέβια 250ml',81,0.00,5.79),
(966,'Δέλτα Γάλα Πλήρες 2λιτ',82,0.00,4.32),
(967,'Νουνού Γάλα Family Υψ Θερ Επ Light 1,5% 1,5λιτ',82,0.00,0.00),
(968,'Εβόλ Γάλα Παστερ Διαλεχτο 3,7% Λ 1λιτ',82,0.00,0.00),
(969,'Όλυμπος Γάλα Επιλεγμ. 3,7% Λ 1,5λιτ',82,0.00,5.60),
(970,'Δέλτα Mmmilk Γάλα Οικογεν Χαρτ 1,5% 1,5λιτ',82,0.00,3.37),
(971,'Δέλτα Milko Κακάο 450ml',82,0.00,3.84),
(972,'Όλυμπος Γάλα Επιλεγμ 1,5% Λ 1,5λιτ',82,0.00,4.87),
(973,'Μεβγάλ Γάλα Αγελ Λευκό Πλήρες 3,5% 500ml',82,3.56,4.72),
(974,'Μεβγάλ High Protein Choc Drink 242ml',82,5.62,4.89),
(975,'Εβόλ Γάλα Παστερ Κατσικ Βιολ 590ml',82,0.00,2.77),
(976,'Όλυμπος Γάλα Κατσικίσιο Hπ 3,5% 1λιτ',82,0.00,3.54),
(977,'Νουνού Γάλα Family 3,6% 1,5λιτ',82,5.18,4.69),
(978,'Δέλτα Milko Γάλα Παστερ 250ml',82,0.00,5.64),
(979,'Δέλτα Milko Κακάο 500ml',82,6.67,6.67),
(980,'Becel Pro Activ Ρόφημα Με Γαλ 1,8% Λ 1λιτ',82,3.00,3.46),
(981,'Νουνού Γάλα Εβαπορέ 170γρ',82,0.00,3.70),
(982,'Νουνού Γάλα Family 1,5% 1λιτ',82,5.24,5.24),
(983,'Μεβγάλ Ξινόγαλο 500ml',82,0.00,2.72),
(984,'Μεβγάλ High Protein Vanilla Drink 242ml',82,0.00,4.00),
(985,'Νουνού Ρόφημα Γάλακτος Calciplus 1λιτ',82,0.00,0.00),
(986,'Όλυμπος Γάλα Επιλεγμ 3,7% Λ 1λιτ',82,0.00,5.11),
(987,'Όλυμπος Γάλα Ζωής Πλήρες Υψ Παστ 1,5λιτ',82,0.00,3.18),
(988,'Δέλτα Γάλα Daily Υψ Παστ Χ Λακτ 1λιτ',82,5.04,4.69),
(989,'Δέλτα Γάλα 2λιτ',82,0.00,4.93),
(990,'Μεβγάλ Γάλα «Κάθε Μέρα» 1.5% 1λιτ',82,0.00,3.54),
(991,'Μεβγάλ Κεφίρ Φράουλα 500ml',82,5.52,4.87),
(992,'Μεβγάλ High Protein Φρα Drink 237ml',82,0.00,4.39),
(993,'Νουνού Γάλα Ζαχαρούχο 397γρ',82,5.78,6.03),
(994,'Νουνού Γάλα Light Μερίδες Διχ 10Χ15γρ',82,6.69,6.01),
(995,'Δέλτα Ρόφημα Advance Υψ Παστ Μπουκ 1λιτ',82,0.00,5.29),
(996,'Εβόλ Γάλα Παστερ Αγελαδ Βιολ 1λιτ',82,0.00,4.20),
(997,'Νουνού Γάλα Family 3,6% 1λιτ',82,0.00,3.13),
(998,'Δέλτα Γάλα Ελαφρύ 1λιτ',82,0.00,0.00),
(999,'Ροδόπη Αριάνι 1,7% 1λιτ',82,0.00,4.86),
(1000,'Βλάχας Γάλα Εβαπορέ Πλήρες 410γρ',82,0.00,5.19),
(1001,'Μεβγάλ Κεφίρ 500ml',82,0.00,4.91),
(1002,'Δέλτα Ρόφημα Advance 80% Λιγ Λακτ 1λιτ',82,3.39,4.59),
(1003,'Μεβγάλ Topino Απαχο Γάλα Κακάο 310ml',82,0.00,3.73),
(1004,'Βλάχας Γάλα Εβαπορέ Ελαφρύ 410γρ',82,0.00,4.62),
(1005,'Μεβγάλ Topino Απαχο Γάλα Κακάο 450ml',82,0.00,0.00),
(1006,'Όλυμπος Γάλα Freelact 1λιτ Χ.Λακτ',82,5.11,4.95),
(1007,'Όλυμπος Γάλα Ζωής Λευκό Υψ Παστ 1,5% Λ 1,5λιτ',82,0.00,5.48),
(1008,'Όλυμπος Γάλα Επιλεγμ 1,5% Λ 1λιτ',82,5.66,5.66),
(1009,'Δέλτα Γάλα Πλήρες 1λιτ',82,0.00,4.77),
(1010,'Νουνού Γάλα Εβαπορέ 400γρ',82,0.00,5.41),
(1011,'Μεβγάλ Only Lact Free 1,5% 1λτ',82,0.00,4.60),
(1012,'Μεβγάλ Γάλα «Κάθε Μέρα» 3.5% 1λιτ',82,0.00,4.31),
(1013,'Μεβγάλ Κεφίρ Lactose Free Με Ροδακ 500ml',82,0.00,3.09),
(1014,'Νουνού Γάλα Συμπ Μερίδες Διχ 10Χ15γρ',82,0.00,0.00),
(1015,'Νουνού Γάλα Εβαπορέ Light 170γρ',82,0.00,5.20),
(1016,'Νουνού Γάλα Εβαπορέ Light 400γρ',82,5.31,4.33),
(1017,'Όλυμπος Γάλα Ζωής Λευκό Ελαφρύ Παστ 1λιτ',82,3.96,4.86),
(1018,'Μεβγάλ Γάλα Αγελ Λευκό 3,5% Λιπ 2λιτ',82,0.00,0.00),
(1019,'Όλυμπος Γάλα Βιολ Υψηλ Παστ 3,7% Λ 1λιτ',82,0.00,3.56),
(1020,'Μεβγάλ Γάλα Αγελ Λευκό Light 1,5% 500ml',82,0.00,6.60),
(1021,'Αττική Μέλι 250γρ',83,0.00,2.94),
(1022,'Παυλίδης Μέρεντα Με Φουντούκι 570γρ',83,0.00,0.00),
(1023,'Μακεδονικό Ταχίνι Σε Βάζο 300γρ',83,0.00,0.00),
(1024,'Παυλίδης Μερέντα 360γρ',83,0.00,5.98),
(1025,'Αττική Μέλι 1κιλ',83,0.00,4.99),
(1026,'Ζωγράφος Μαρμελ Φράουλ Φρουκτ 415γρ',83,0.00,4.77),
(1027,'Quaker Τραγανές Μπουκ Σοκολ Υγείας 375γρ',84,0.00,0.00),
(1028,'Kellogg\'s Δημητριακά Choco Pops Chocos 500γρ',84,0.00,4.70),
(1029,'Quaker Τραγ Μπουκ 4 Ξηροί Καρποί 375γρ',84,4.79,4.89),
(1030,'Nestle Fitness Dark Chocolate 375γρ',84,0.00,6.09),
(1031,'Kellogg\'s Special Κ 375γρ',84,0.00,6.39),
(1032,'Nesquik Δημητριακά Extra Choco Waves 375γρ',84,0.00,4.67),
(1033,'Nestle Cookie Crispies 375γρ',84,0.00,0.00),
(1034,'Nestle Fitness Bars Σοκολάτα 6Χ23,5γρ',84,5.01,4.70),
(1035,'Quaker Νιφ Βρώμης Ολ Άλεσης 500γρ',84,0.00,0.00),
(1036,'Kellogg\'s Coco Pops Chocos 375γρ',84,0.00,0.00),
(1037,'Nestle Nesquik 375γρ',84,0.00,3.55),
(1038,'Texas Νιφάδες Βρώμης 500γρ',84,0.00,4.47),
(1039,'Nestle Cheerios 375γρ',84,0.00,4.99),
(1040,'Kellogg\'s Corn Flakes 375γρ',84,0.00,5.65),
(1041,'Nestle Fitness 375γρ',84,0.00,0.00),
(1042,'Kellogg\'s Special K Μπάρα Δημητριακών Με Ξηρούς Καρπούς Καρύδα Και Κασioυς 4Χ28γρ',84,0.00,3.92),
(1043,'Kellogg’s Δημητριακά Corn Flakes 375γρ',84,0.00,4.67),
(1044,'Quaker Νιφ Βρώμης Ολ Άλεσης Μεταλ 500γρ',84,0.00,4.11),
(1045,'Βεμ Ρώσικη Σαλάτα 250γρ',85,0.00,4.59),
(1046,'Hellmann\'s Σαλάτα Φάρμα Κηπ 250γρ',85,0.00,3.68),
(1047,'McCain Πατάτες Mediterannean 750γρ',86,0.00,4.80),
(1048,'McCain Πατάτες Tradition Σακ 1κλ',86,4.95,3.77),
(1049,'Pescanova Μπακαλιαράκια 600γρ',87,0.00,5.37),
(1050,'Καλλιμάνης Γλώσσα Φιλέτο 595γρ',87,4.85,4.64),
(1051,'Iglo Κροκέτες Ψαριών Κατεψυγμένες 300γρ',87,0.00,4.58),
(1052,'Κοντοβερός Σολωμός Φιλέτο Chum 595γρ',87,0.00,4.59),
(1053,'Pescanova Μπακαλιάρος Φιλέτο 400γρ',87,3.91,4.11),
(1054,'Καλλιμάνης Γαρίδες Αποφλ Μικρές 425γρ',87,0.00,0.00),
(1055,'Pescanova Μύδια Ψίχα 450γρ',87,0.00,5.08),
(1056,'Τράτα Γαύρος Φιλέτο Κατεψυγμένος 400γρ',87,0.00,4.42),
(1057,'Τράτα Τόνος Φιλέτο 240γρ',87,0.00,4.90),
(1058,'Πέρκα Φιλέτο Κτψ Εισ Συσκ/Νη',87,0.00,4.58),
(1059,'Pescanova Μπακαλιάρος Ρολό Φιλeto 480γρ',87,0.00,4.18),
(1060,'Τράτα Σαρδέλες Φιλέτο Κατεψυγμένες 400γρ',87,4.87,4.87),
(1061,'Flokos Σκουμπρί Φιλέτο Καπνιστό 160gr',87,6.64,6.71),
(1062,'Γλώσσες Φιλέτο Κτψ Εισ Συσκ/Νες',87,0.00,0.00),
(1063,'Καλλιμάνης Πέρκα Φιλέτο 595γρ',87,0.00,4.70),
(1064,'Καλλιμάνης Χταπόδι Μικρό 595γρ',87,4.22,4.86),
(1065,'Κοκκινόψαρο  Κτψ Εισ Ε/Ζ',87,0.00,6.00),
(1066,'Καλλιμάνης Καλαμαράκι Κομ Καθαρ 595γρ',87,0.00,3.73),
(1067,'Πέρκα Φιλέτο Κτψ Εισ Ε/Ζ ',87,4.39,2.50),
(1068,'Iglo Fish Sticks 300γρ',87,0.00,4.40),
(1069,'Μπάρμπα Στάθης Αρακάς 450γρ',88,0.00,4.02),
(1070,'Μπάρμπα Στάθης Σπανάκι Φύλλα 1κιλ',88,5.69,5.51),
(1071,'Μπάρμπα Στάθης Ρύζι Με Καλαμπόκι 600γρ',88,0.00,4.22),
(1072,'Μπάρμπα Στάθης Σαλάτα Καλαμπ 450γρ',88,0.00,5.23),
(1073,'Μπάρμπα Στάθης Μπάμιες Extra 450γρ',88,2.84,3.33),
(1074,'Μπάρμπα Στάθης Αρακάς Λαδερός 1κιλ',88,0.00,4.45),
(1075,'Χρυσή Ζύμη Στριφταρi Τυρί Μυζ Μακεδον 850γρ',89,0.00,4.16),
(1076,'Alfa Τριγωνάρια Με Τυρί Ανεβατο Κατεψυγμένα 750γρ',89,0.00,4.56),
(1077,'Χρυσή Ζύμη Σπιτικά Τριγων Φέτα Κατικ 750γρ',89,3.77,3.62),
(1078,'Χρυσή Ζύμη Μπουγάτσα Θεσσαλονίκης Με Πραλίνα 450γρ',89,0.00,0.00),
(1079,'Χρυσή Ζύμη Λουκανικοπιτάκια Κατεψυγμένα Κουρού 800γρ',89,2.18,3.56),
(1080,'Χρυσή Ζύμη Τυροπιτάκια Κουρου 920γρ',89,0.00,0.00),
(1081,'Κιχί Πίτα Με Πράσο Ταψί Κατεψυγμένο 800γρ',89,0.00,3.62),
(1082,'Χρυσή Ζύμη Τυροπίτα Σπιτική 850γρ',89,0.00,0.00),
(1083,'Χρυσή Ζύμη Κασερόπιτα Σπιτική 850γρ',89,0.00,3.28),
(1084,'Κανάκι Λουκανικοπιτάκια Κατεψυγμένα 920γρ',89,0.00,4.18),
(1085,'Alfa Μπουγάτσα Με Σπανάκι Και Τυρί Κατεψυγμένη 850γρ',89,4.86,4.26),
(1086,'Alfa Κιχι Παραδοσιακή Πίτα Με Τυρί 800γρ',89,0.00,5.14),
(1087,'Alfa Κασερόπιτα Πηλίου Κατεψυγμένη 850γρ',89,0.00,5.83),
(1088,'Χρυσή Ζύμη Χορτοπίτα Σπιτική 850γρ',89,0.00,6.42),
(1089,'Κανάκι Tυροπιτάκια Κουρού 800γρ',89,0.00,3.10),
(1090,'Alfa Λουκανικοπιτάκια Κουρού 800gr',89,0.00,3.15),
(1091,'Χρυσή Ζύμη Μπουγάτσα Θεσ/Κης Κρέμα 850γρ',89,0.00,0.00),
(1092,'Καραμολέγκος Πίτες Για Σουβλ Σταρεν 10τεμ 820γρ',89,0.00,4.68),
(1093,'Alfa Φύλλο Χωριάτικο Κιχι Κτψ 750γρ',89,0.00,4.07),
(1094,'Hellmann\'s Μαγιονέζα 225ml',90,0.00,5.11),
(1095,'Pillsbury Σάλτσα Για Πίτσα 200γρ',90,0.00,3.31),
(1096,'Barilla Σάλτσα Βασιλικος 400γρ',90,0.00,3.42),
(1097,'Barilla Σάλτσα Pesto Alla Genovese 190γρ',90,0.00,4.62),
(1098,'Hellmann\'s Μουστάρδα Απαλή 250γρ',90,0.00,4.22),
(1099,'Hellmann\'s Μουστάρδα Απαλή 500γρ',90,0.00,5.48),
(1100,'Hellmann\'s Μαγιονέζα 450ml',90,0.00,0.00),
(1101,'Hellmann\'s Κέτσαπ 560γρ',90,0.00,0.00),
(1102,'Pummaro Κέτσαπ 500γρ',90,0.00,4.30),
(1103,'Παπαδοπούλου Caprice Ν6 400γρ',91,0.00,4.46),
(1104,'Παπαδοπούλου Πτι Μπερ Ολικ Αλ 225γρ',91,0.00,0.00),
(1105,'Παπαδοπούλου Μπισκότα Μιράντα Ν16 250γρ 12τεμ',91,0.00,0.00),
(1106,'Παπαδοπούλου Μπισκότα Πτι Μπερ Ν16 225γ 16τεμ',91,0.00,4.78),
(1107,'Canderel Υποκατάστατο Ζάχαρης 120 Δισκία',92,6.37,5.05),
(1108,'Fytro Ζάχαρη Καστανή Ακατέργαστη 500γρ',92,0.00,0.00),
(1109,'Ζωγράφος Φρουκτόζη 400γρ',92,3.35,4.28),
(1110,'Ζωγράφος Καστανή Ζάχαρη 500γρ',92,0.00,5.55),
(1111,'Κατσέλης Κριτσίνια Μακεδονικά Ολικής Άλεσης 200γρ',93,0.00,0.00),
(1112,'Παπαδοπούλου Krispies Σουσάμι 200γρ',93,5.20,4.63),
(1113,'Καραμολέγκος Παξαμάς Σικαλης 400γρ',93,0.00,2.87),
(1114,'Παπαδοπούλου Κριτσίνια Μακεδ Ολ Αλ 200γρ',93,0.00,2.25),
(1115,'Παπαδοπούλου Παξιμαδάκια Σίτου 200γρ',93,0.00,6.72),
(1116,'Μάννα Παξιμάδια Κριθαρένιο 800γρ',93,0.00,3.99),
(1117,'Το Μάννα Παξιμάδι Κρίθινο 400γρ',93,0.00,4.80),
(1118,'7 Days Παξιμαδάκια Mini Κλασική Γεύση Bake Rolls 160γρ',93,0.00,2.19),
(1119,'Παπαδοπούλου Κριτσίνια Σουσάμι 130γρ',93,0.00,3.29),
(1120,'Το Μάννα Παξιμάδια Λαδ Κυθήρων 500γρ',93,0.00,3.82),
(1121,'Κατσέλης Κριτσίνια Μακεδονικά 200γρ',93,6.90,5.00),
(1122,'Καραμολέγκος Παξαμάς Κρίθινος 600γρ',93,0.00,4.62),
(1123,'Elite Φρυγανιές Ολικής Άλεσης 180γρ',94,0.00,4.39),
(1124,'Elite Φρυγανιές Σταριού Κουτί 250γρ',94,3.43,4.64),
(1125,'Παπαδοπούλου Τριμμα Φρυγανιας Τριμμα 180γρ',94,0.00,5.10),
(1126,'Elite Φρυγανιά Τρίμμα 180γρ',94,0.00,5.33),
(1127,'Elite Φρυγανιές Σίκαλης 180γρ',94,0.00,5.35),
(1128,'Παπαδοπούλου Φρυγανιές Χωριάτικες Ολικής Άλεσης 240γρ',94,0.00,0.00),
(1129,'Παπαδοπούλου Φρυγανιές Χωριάτικες 240γρ',94,0.00,4.45),
(1130,'Creta Farms Εν Ελλάδι Κεφτεδάκια Κτψ 420γρ',95,0.00,5.00),
(1131,'Υφαντής Μπουκιές Κοτόπουλο Κτψ 500γρ',95,0.00,5.16),
(1132,'Creta Farms Εν Ελλάδι Κοτομπουκιές Κτψ 400γρ',95,0.00,0.00),
(1133,'Υφαντής Χάμπουργκερ Top Burger 70γρ',95,0.00,1.95),
(1134,'Υφαντής Hot Dog Nuggets Κοτόπουλου 500γρ',95,3.47,4.23),
(1135,'Υφαντής Κεφτεδάκια Κτψ 500γρ',95,0.00,4.77),
(1136,'Σαρδέλλες Νωπές Καθαρ Απεντ/νες Ελλην Μεσογ Συσκ/Νες',96,0.00,3.92),
(1137,'Γαύρος Νωπός Ελλην Μεσόγ Ολόκλ Ε/Ζ',96,4.25,4.06),
(1138,'Γαύρος Νωπός Καθαρ Απεντ/νος Ελλην Μεσογ Συσ/Νος',96,5.72,4.75),
(1139,'Σαρδέλλες Νωπές Ελλην Μεσογ Ε/Ζ',96,0.00,5.59),
(1140,'Λαυράκια Υδατ  Ελλην 400/600 Μεσογ',97,0.00,5.81),
(1141,'Λαυράκια Υδατ  Καθαρ Ελλην400/600 Μεσογ Συσκ/Να',97,0.00,4.01),
(1142,'Τσίπουρα Υδατ Ελλην Β 200/300 Μεσογ',97,0.00,5.11),
(1143,'Τσίπουρα Υδατ Καθαρ Ελλην  Α 300/400 Μεσογ Συσκ/Νη',97,0.00,0.00),
(1144,'Σολομός Νωπός Φιλετ/νος Με Δέρμα Υδ Νορβ/Εισαγ  Β.Α Ατλ Ε/Ζ',97,0.00,5.99),
(1145,'Τσίπουρα Υδατ Ελλην Α 300/400 Μεσογ',97,0.00,5.46),
(1146,'Σολομός Νωπός Φέτα Μ/Δ & Μ/Ο Υδ Νορβ/Εισαγ  Β.Α Ατλ Συσκ/Νοσ',97,4.54,4.00),
(1147,'Τσίπουρα Υδατ Ελλην G 400/600 Μεσογ',97,0.00,0.00),
(1148,'Σολομός Νωπός Φέτα Μ/Δ & Μ/Ο  Υδ Νορβ/Εισαγ  Β.Α Ατλ Ε/Ζ',97,6.59,5.79),
(1149,'Σολομός Νωπός Φιλετ/νος Με Δέρμα Υδ Νορβ/Εισαγ  Β.Α Ατλ Συσκ/νος',97,0.00,0.00),
(1150,'Τσίπουρα Υδατ  Καθαρ Ελλην G 400/600 Μεσογ Συσκ/Νη',97,0.00,4.47),
(1151,'Στήθος Φιλέτο Κοτ Ελλην. Νωπό Συσκ/Νο',98,0.00,0.00),
(1152,'Κοτοπουλα Ολοκληρα Νωπα Τ.65% Νιτσιακος Π.Α.Ελλην Συσκ/Να',98,0.00,0.00),
(1153,'Κοτοπουλα Ολοκληρα Νωπα Χυμα Τ.65% Π.Α.Ελλην',98,0.00,0.00),
(1154,'Στήθος Φιλέτο Κοτ Ελλην. Νωπό Ε/Ζ Χύμα ',98,0.00,3.94),
(1155,'Κοτόπουλα Νωπά Ολόκλ Τ.65% Μιμίκος  Π.Α.Ελλην Συσκ/Να',98,0.00,4.76),
(1156,'Κοτοπουλα Ολοκληρα Νωπα Τ.65% Πινδος Π.Α.Ελλην Συσκ/Να',98,0.00,2.79),
(1157,'Κοτόπουλα Νωπά Ολόκλ Τ.65% Π.Α.Ελλην Συσκ/Να',98,0.00,2.97),
(1158,'Αρνιά Νωπά Ελλην Γαλ Τεμ Χ/Κ Χ/Σ Συσκ/Νο',99,0.00,0.00),
(1159,'Αρνιά Νωπά Ελλην Γαλ Ολοκλ Χ/Κ Χ/Σ ',99,0.00,0.00),
(1160,'Αρνιά Νωπά Ελλην Γαλ Τεμ Χ/Κ Χ/Σ Ε/Ζ',99,0.00,4.66),
(1161,'Αρνιά Νωπά Ελλην Γαλ Ολοκλ Μ/Κ Μ/Σ ',99,0.00,0.00),
(1162,'Κατσίκια Νωπά Ελλην Γαλ Τεμ Χ/Κ Χ/Σ  Συσκ/Νο',100,0.00,3.87),
(1163,'Κατσίκια Νωπά Ελλην Γαλ Ολοκλ Μ/Κ Μ/Σ',100,0.00,5.29),
(1164,'Κατσίκια Νωπά Ελλην Γαλ Ολοκλ Χ/Κ Χ/Σ ',100,0.00,0.00),
(1165,'Κατσίκια Νωπά Ελλην Γαλ Τεμ Χ/Κ Χ/Σ Ε/Ζ',100,0.00,3.49),
(1166,'Μπριζόλες Καρέ/Κόντρα Χοιρ Νωπές Εισ Μ/Ο ',101,4.53,5.50),
(1167,'Μπριζόλες Καρέ/Κόντρα Χοιρ Νωπές Ελλ Μ/Ο ',101,0.00,4.83),
(1168,'Μπούτι Χοιρινό Α/Ο Νωπό Εισ Χ/Δ ',101,0.00,5.90),
(1169,'Μπούτι Χοιρινό Α/Ο Νωπό Ελλ Χ/Δ ',101,0.00,6.36),
(1170,'Λαιμός Χοιρινός Μ/Ο Νωπός Εισ',101,0.00,5.00),
(1171,'Λαιμός Χοιρινός Μ/Ο Νωπός Ελλ',101,0.00,4.14),
(1172,'Λάπα Βόειου Α/Ο Νωπή Εισ',102,0.00,4.18),
(1173,'Ελιά Βόειου Α/Ο Νωπή Ελλ Εκτρ Άνω Των 5 Μην ',102,0.00,4.58),
(1174,'Κιλότο Νεαρού Μοσχ Α/Ο Νωπό Εισ',102,0.00,5.48),
(1175,'Ελιά Νεαρού Μοσχ Α/Ο Νωπή Εισ',102,0.00,3.83),
(1176,'Σπάλα Βόειου Α/Ο Νωπή Ελλ Εκτρ Άνω Των 5 Μην',102,0.00,3.67),
(1177,'Λάπα Νεαρού Μοσχ Α/Ο Νωπή Εισ',102,0.00,0.00),
(1178,'Σπάλα Νεαρού Μοσχ Α/Ο Νωπή Εισ',102,0.00,2.47),
(1179,'Σπάλα Βόειου/Ο Νωπή Εισ',102,4.63,4.89),
(1180,'Ελιά Βόειου Α/Ο Νωπή Εισ',102,0.00,0.00),
(1181,'Κιλότο Βόειου Α/Ο Νωπό Εισ',102,3.83,3.62),
(1182,'Κιλότο Βόειου Α/Ο Νωπό Ελλ Εκτρ Άνω Των 5 Μην',102,0.00,5.72),
(1183,'Κολοκυθάκια Εγχ',103,0.00,4.67),
(1184,'Μελιτζάνες Φλάσκες Εισ',103,0.00,4.61),
(1185,'Πατάτες  Εισ Κατ Α Ε/Ζ ',103,0.00,5.73),
(1186,'Ντομάτες Εγχ Υδροπ Α ',103,0.00,0.00),
(1187,'Μελιτζάνες Φλάσκες Εγχ',103,5.96,5.77),
(1188,'Πατάτες  Ελλ Κατ Α Ε/Ζ',103,0.00,3.41),
(1189,'Αγγούρια Εγχ',103,4.54,5.26),
(1190,'Τοματίνια Βελανίδι Ε/Ζ',103,0.00,0.00),
(1191,'Πατάτες  Κύπρου  Κατ Α Συσκ/Νες',103,0.00,3.81),
(1192,'Πατάτες  Κύπρου  Κατ Α Ε/Ζ',103,3.81,4.19),
(1193,'Κρεμμύδια Κόκκινα Ξερά Εισ ',103,0.00,4.48),
(1194,'Κρεμμύδια Ξανθά Ξερά Εγχ',103,0.00,2.81),
(1195,'Κρεμμύδια Κόκκινα Ξερά Εγχ',103,8.15,5.97),
(1196,'Ντομάτες Εγχ Υπαιθρ Τσαμπί ',103,0.00,0.00),
(1197,'Αγγουράκια Κιλ Τυπ Νειλ – Τυπ Κνωσ',103,2.25,2.25),
(1198,'Καρότα Εγχ ',103,4.79,4.14),
(1199,'Ντομάτες Εγχ Υδροπ Κατ  Β.  ',103,0.00,4.90),
(1200,'Ντομάτες Εγχ Υπαιθρ Α ',103,0.00,5.15),
(1201,'Ντομάτες Τσαμπί Υδροπ Εγχ  Α',103,0.00,5.04),
(1202,'Μπρόκολα Πράσινα Εισ',103,4.65,4.18),
(1203,'Ντομάτες Εισ Α',103,0.00,0.00),
(1204,'Κολοκυθάκια Εγχ Με Ανθό',103,0.00,4.95),
(1205,'Πατάτες  Ελλ Κατ Β Ε/Ζ',103,0.00,0.00),
(1206,'Κρεμμύδια Ξανθά Ξερά Εισ',103,0.00,0.00),
(1207,'Ντομάτες Εγχ Υπαιθρ Β ',103,0.00,4.36),
(1208,'Μπρόκολα Πράσινα Εγχ',103,0.00,4.26),
(1209,'Αχλάδια Κρυσταλία Εισ Εξτρα',104,0.00,4.69),
(1210,'Πορτοκ Βαλέντσια Εγ Χυμ Συσκ/Να',104,5.67,5.94),
(1211,'Μπανάνες Chiquita Εισ',104,0.00,3.88),
(1212,'Ροδάκινα Εγχ',104,0.00,2.38),
(1213,'Αχλάδια Κρυσταλία Εγχ Εξτρα ',104,0.00,0.00),
(1214,'Μήλα Στάρκιν Κατ Έξτρα Εγχ',104,0.00,0.00),
(1215,'Μπανάνες Υπολ Μάρκες ',104,4.88,4.52),
(1216,'Μήλα Στάρκιν Ζαγορ Πηλίου ΠΟΠ Κατ Έξτρα',104,0.00,4.85),
(1217,'Φράουλες Εγχ',104,0.00,2.96),
(1218,'Μήλα Στάρκιν Ψιλά Συσκ/Να ',104,0.00,4.24),
(1219,'Μήλα Στάρκιν Εισ',104,0.00,0.00),
(1220,'Πορτοκάλια Βαλέντσια Εισ Ε/Ζ',104,0.00,3.85),
(1221,'Λεμόνια Εγχ',104,4.03,4.78),
(1222,'Καρπούζια Εγχ',104,0.00,5.12),
(1223,'Λεμόνια Εισ',104,0.00,0.00),
(1224,'Πορτοκ Βαλέντσια  Κατ Α Εγχ Ε/Ζ',104,3.80,3.80),
(1225,'Μπανάνες Dole Εισ',104,0.00,6.16),
(1226,'Νεκταρίνια Εγχ',104,0.00,0.00),
(1227,'Μήλα Φουτζι Εγχ ',104,0.00,4.64),
(1228,'Πορτοκ Μερλίν - Λανε Λειτ- Ναβελ Λειτ Εγχ Χυμ Συσκ/Να',104,0.00,3.77),
(1229,'Μήλα Στάρκιν Χύμα',104,0.00,0.00),
(1230,'Καρπούζια Μίνι Εγχ',104,4.32,4.32),
(1231,'Πορτοκ Μερλίν - Λανε Λειτ- Ναβελ Λειτ Κατ Α Εγχ Ε/Ζ',104,5.00,5.00),
(1232,'Dettol Κρεμ Sensitive Αντ/κο 750ml',105,2.76,4.28),
(1233,'Donna Οινόπνευμα Καθαρό 245ml',105,0.00,0.00),
(1234,'Activel Plus Αντισηπτικό Gel Χεριών 500ml',105,4.49,5.52),
(1235,'Intermed Reval Plus Gel Χεριών Lollipop 75ml',105,0.00,4.58),
(1236,'Dettol Αντιβ/κό Σπρέι 500ml',105,0.00,5.60),
(1237,'Dettol Κρεμ Relax Αντ/κο 750ml',105,0.00,3.91),
(1238,'Dettol Αντιβ Υγρό Κρεμοσ Ευαίσθ Επιδερμ Αντ/κο 250ml',105,0.00,2.60),
(1239,'Μάσκες Προστασ Προσώπου 50τεμ',106,0.00,3.90),
(1240,'Μάσκες Προστασ Προσώπου 50τεμ',106,4.89,5.00),
(1241,'Μάσκες Προστ Προσώπου 50τεμ Non-Woven',106,0.00,2.84),
(1242,'Μάσκες Προστ Προσώπου 50τεμ',106,4.54,4.78),
(1243,'Μάσκα προσώπου 10τεμ 1 χρήση',106,6.03,6.03),
(1244,'COVER 50τεμ Μάσκ Με Λάστιχο 1 Χρήση',106,0.00,2.73),
(1245,'Ready2U Μάσκες Προστ Προσώπου 50τεμ',106,6.22,4.70),
(1246,'COVER 10τεμ Μάσκ Με Λάστιχο 1 Χρήση',106,0.00,5.84),
(1247,'Μάσκα Προσ 10τεμ 1 Χρήση',106,0.00,4.55),
(1248,'Larisa Μάσκα χειρουργική 5τεμ 1 χρήση 3ply',106,0.00,4.50),
(1249,'Μάσκα Προσώπου Υφασμ 1τεμ',106,0.00,3.17),
(1250,'Friskies Άμμος Υγιεινής 5κιλ',107,0.00,4.01),
(1251,'Friskies Adult Ξηρά Γατ/Φή Βοδ/Συκ/Κοτ 400γρ',107,7.58,4.37),
(1252,'Friskies Adult Ξηρά Γατ/Φή Κουν/Κοτ/Λαχ 400γρ',107,0.00,5.96),
(1253,'Purina Gold Gourmet Γατ/Φή Βοδ/Κοτ 85γρ',107,0.00,4.82),
(1254,'Whiskas Γατ/Φή Κοτόπουλο 400γρ',107,0.00,7.32),
(1255,'Purina One Γατ/Φή Ξηρά Βοδ/Σιτ 800γρ',107,0.00,4.71),
(1256,'Purina Gold Gourmet Γατ/Φή Μους Ψάρι 85γρ',107,0.00,4.29),
(1257,'Friskies Γατ/Φή Πατέ Κοτ/Λαχ 400γρ',107,0.00,4.95),
(1258,'Friskies Γατ/Φή Πατέ Μοσχάρι 400γρ',107,0.00,2.48),
(1259,'Whiskas Γατ/Φή Πουλ Σε Σάλτσα 100γρ',107,0.00,5.21),
(1260,'Pedigree Rodeo Σκυλ/Φή Μοσχ 70γρ',108,0.00,3.35),
(1261,'Friskies Active Σκυλ/Φή Ξηρά Vital 1,5κιλ',108,0.00,4.05),
(1262,'Cesar Clasicos Σκυλ/Φή Μοσχ 150γρ',108,4.24,3.04),
(1263,'Friskies Σκυλ/Φή Βοδ/Κοτ/Λαχ 400γρ',108,0.00,5.49),
(1264,'Pedigree Σκυλ/Φή Πατέ Κοτοπ/Μοσχ 300γρ',108,0.00,0.00),
(1265,'Pedigree Υγ Σκυλ/Φή 3 Ποικ Πουλερικών 400γρ',108,0.00,4.51),
(1266,'Pedigree Denta Stix Small Σκύλου 110γρ',108,4.91,4.91),
(1267,'Pedigree Denta Stix Med Σκύλου 180γρ',108,0.00,3.67),
(1268,'Friskies Σκυλ/Φή Ξηρ Κοτ/Λαχ 1,5κιλ',108,0.00,4.79),
(1269,'Pedigree Σκυλ/Φή Μοσχάρι 400γρ',108,0.00,6.25),
(1270,'Pedigree Schmackos Μπισκότα Σκύλου 43γρ',108,0.00,0.00);
/*!40000 ALTER TABLE `products` ENABLE KEYS */;
UNLOCK TABLES;

--
-- Table structure for table `sales`
--

DROP TABLE IF EXISTS `sales`;
/*!40101 SET @saved_cs_client     = @@character_set_client */;
/*!40101 SET character_set_client = utf8 */;
CREATE TABLE `sales` (
  `id` int(10) unsigned NOT NULL AUTO_INCREMENT,
  `store_id` smallint(5) unsigned NOT NULL,
  `product_id` smallint(5) unsigned NOT NULL,
  `price` float(4,2) unsigned NOT NULL DEFAULT 0.00,
  `stock` tinyint(1) DEFAULT 1,
  `active` tinyint(1) DEFAULT 0,
  `date_created` date NOT NULL,
  `likes_num` int(10) unsigned NOT NULL,
  `dislikes_num` int(10) unsigned NOT NULL,
  `user_suggested` int(10) unsigned DEFAULT NULL,
  `criteria_ok` tinyint(1) DEFAULT NULL,
  PRIMARY KEY (`id`),
  KEY `sale_in_store` (`store_id`),
  KEY `sale_for_product` (`product_id`),
  KEY `sale_upby` (`user_suggested`),
  KEY `sale_creation_date` (`date_created`) USING BTREE,
  KEY `sale_activity` (`active`) USING BTREE,
  CONSTRAINT `sale_for_product` FOREIGN KEY (`product_id`) REFERENCES `products` (`id`) ON DELETE CASCADE ON UPDATE CASCADE,
  CONSTRAINT `sale_in_store` FOREIGN KEY (`store_id`) REFERENCES `stores` (`id`) ON DELETE CASCADE ON UPDATE CASCADE,
  CONSTRAINT `sale_upby` FOREIGN KEY (`user_suggested`) REFERENCES `users` (`id`) ON DELETE SET NULL ON UPDATE CASCADE
) ENGINE=InnoDB AUTO_INCREMENT=2401 DEFAULT CHARSET=utf8mb4 COLLATE=utf8mb4_general_ci;
/*!40101 SET character_set_client = @saved_cs_client */;

--
-- Dumping data for table `sales`
--

LOCK TABLES `sales` WRITE;
/*!40000 ALTER TABLE `sales` DISABLE KEYS */;
INSERT INTO `sales` VALUES
(1,22,152,3.68,0,1,'2023-01-01',28,6,16,0),
(2,6,820,3.41,0,1,'2022-12-29',28,4,38,1),
(3,26,347,2.46,0,1,'2022-12-28',24,6,23,1),
(4,39,1133,1.95,1,1,'2022-12-28',12,2,38,0),
(5,76,717,2.62,0,1,'2023-01-01',6,18,31,1),
(6,72,422,3.01,1,1,'2022-12-28',26,8,28,0),
(7,74,100,2.03,0,1,'2022-12-29',26,12,26,1),
(8,49,984,1.51,0,1,'2022-12-28',6,2,40,1),
(9,14,51,3.59,0,1,'2022-12-30',26,0,34,0),
(10,26,634,3.03,1,1,'2022-12-28',8,16,44,1),
(11,17,105,3.04,1,1,'2023-01-01',16,8,47,0),
(12,21,93,3.78,0,1,'2022-12-31',2,4,2,0),
(13,41,261,3.76,1,1,'2022-12-29',30,12,14,1),
(14,3,171,3.30,0,1,'2022-12-29',4,2,7,1),
(15,6,981,3.98,0,1,'2022-12-28',20,16,41,0),
(16,72,812,2.21,0,1,'2023-01-02',24,6,37,1),
(17,33,534,3.05,0,1,'2022-12-31',12,6,44,1),
(18,67,652,2.09,1,1,'2022-12-30',30,4,21,1),
(19,59,940,3.71,1,1,'2022-12-30',4,8,8,1),
(20,2,1092,3.23,1,1,'2022-12-29',10,8,1,1),
(21,12,592,3.31,1,1,'2022-12-28',18,6,9,1),
(22,56,233,3.16,1,1,'2022-12-31',8,2,35,1),
(23,72,68,2.79,1,1,'2023-01-01',24,16,48,1),
(24,35,1162,3.06,0,1,'2023-01-02',12,12,1,1),
(25,77,484,3.53,0,1,'2022-12-31',10,16,33,1),
(26,80,1075,4.16,0,1,'2022-12-30',6,4,41,0),
(27,30,1113,2.10,0,1,'2022-12-31',22,2,20,1),
(28,28,339,3.10,1,1,'2022-12-30',22,18,18,1),
(29,41,237,4.01,0,1,'2022-12-31',10,20,48,0),
(30,87,217,3.15,0,1,'2023-01-01',20,8,29,0),
(31,22,1146,3.27,0,1,'2022-12-28',26,10,47,1),
(32,52,816,3.56,0,1,'2022-12-29',6,8,49,1),
(33,31,1250,2.68,0,1,'2023-01-02',22,10,17,1),
(34,31,926,2.82,1,1,'2022-12-28',6,16,36,1),
(35,55,1244,2.90,1,1,'2022-12-28',22,16,27,0),
(36,33,1123,2.66,0,1,'2023-01-02',22,12,18,1),
(37,85,315,3.17,0,1,'2022-12-27',16,0,15,1),
(38,74,354,3.59,1,1,'2022-12-30',24,6,32,1),
(39,83,1184,4.00,1,1,'2022-12-29',20,8,42,0),
(40,81,213,2.66,0,1,'2023-01-01',28,8,10,1),
(41,57,949,3.09,1,1,'2022-12-28',4,16,33,0),
(42,5,250,1.34,1,1,'2023-01-02',10,16,21,1),
(43,48,1113,3.63,1,1,'2022-12-27',22,12,32,0),
(44,53,482,4.11,1,1,'2022-12-28',18,16,47,1),
(45,26,799,3.03,1,1,'2022-12-29',6,12,20,1),
(46,13,423,2.75,0,1,'2023-01-02',18,16,28,1),
(47,68,505,2.72,1,1,'2022-12-27',0,10,13,1),
(48,5,612,2.56,1,1,'2023-01-01',6,6,13,1),
(49,37,294,3.44,0,1,'2023-01-01',20,14,48,0),
(50,38,441,2.32,0,1,'2022-12-30',22,10,8,1),
(51,30,665,3.00,1,1,'2022-12-27',6,14,6,0),
(52,24,475,4.24,1,1,'2022-12-28',24,12,18,0),
(53,54,44,2.27,1,1,'2022-12-31',12,0,32,0),
(54,7,281,2.74,1,1,'2022-12-28',14,6,21,0),
(55,4,258,2.72,1,1,'2022-12-30',22,10,37,1),
(56,80,789,2.63,1,1,'2022-12-30',22,6,3,1),
(57,48,641,2.42,0,1,'2023-01-02',18,0,13,0),
(58,18,1192,2.64,1,1,'2022-12-28',6,12,7,1),
(59,20,1114,2.27,0,1,'2023-01-02',18,4,39,0),
(60,29,504,2.34,1,1,'2022-12-28',20,18,23,1),
(61,9,115,3.37,1,1,'2022-12-28',0,18,33,1),
(62,82,413,1.95,1,1,'2022-12-27',14,12,12,1),
(63,21,53,4.08,1,1,'2023-01-02',26,16,15,0),
(64,2,769,3.35,1,1,'2022-12-30',14,8,26,0),
(65,21,610,3.57,1,1,'2022-12-30',18,6,15,0),
(66,18,136,2.16,1,1,'2023-01-01',8,16,4,1),
(67,55,349,3.00,0,1,'2022-12-28',2,12,10,0),
(68,86,75,3.83,1,1,'2022-12-27',20,12,40,0),
(69,45,450,4.29,1,1,'2022-12-28',20,18,12,0),
(70,65,14,4.54,1,1,'2023-01-02',2,4,13,0),
(71,1,791,2.94,0,1,'2022-12-27',0,10,5,1),
(72,79,1016,2.41,1,1,'2022-12-28',28,4,5,1),
(73,15,140,2.24,1,1,'2023-01-01',20,4,8,1),
(74,4,205,3.60,0,1,'2023-01-01',0,12,33,1),
(75,64,37,3.09,0,1,'2022-12-29',10,18,15,0),
(76,63,446,2.24,1,1,'2023-01-02',20,14,19,1),
(77,8,681,1.28,1,1,'2022-12-27',8,12,43,1),
(78,16,78,3.31,1,1,'2022-12-27',20,4,12,1),
(79,48,879,4.01,0,1,'2023-01-02',8,10,44,0),
(80,20,919,2.25,0,1,'2022-12-31',12,12,10,1),
(81,62,247,2.92,1,1,'2022-12-28',26,8,3,1),
(82,79,458,2.17,0,1,'2023-01-01',24,10,48,1),
(83,29,1208,2.32,0,1,'2022-12-27',12,16,33,1),
(84,39,458,2.77,1,1,'2022-12-30',18,14,8,1),
(85,8,871,2.21,1,1,'2023-01-02',12,10,12,1),
(86,32,775,3.18,1,1,'2022-12-31',18,8,25,0),
(87,59,1176,2.76,0,1,'2022-12-31',24,4,42,1),
(88,30,347,2.87,0,1,'2023-01-02',12,8,22,1),
(89,44,1221,3.93,1,1,'2022-12-27',2,10,26,0),
(90,2,1017,3.96,1,1,'2023-01-01',26,18,36,0),
(91,82,1121,2.87,1,1,'2022-12-27',6,14,44,1),
(92,73,107,2.33,0,1,'2023-01-02',2,10,41,1),
(93,19,601,3.10,1,1,'2022-12-27',16,4,48,1),
(94,2,731,3.93,0,1,'2022-12-30',28,10,22,1),
(95,86,300,2.14,0,1,'2022-12-30',12,14,14,0),
(96,87,980,3.00,1,1,'2023-01-01',12,2,37,0),
(97,46,869,3.83,0,1,'2022-12-31',10,4,42,0),
(98,23,493,2.39,0,1,'2022-12-28',0,20,18,1),
(99,50,1112,2.76,1,1,'2022-12-30',16,10,47,1),
(100,86,616,2.93,1,1,'2022-12-31',24,16,39,1),
(101,68,358,3.52,0,1,'2023-01-02',30,2,4,1),
(102,20,29,2.98,0,1,'2023-01-01',16,6,28,1),
(103,51,905,1.49,0,1,'2022-12-29',30,18,20,0),
(104,58,1215,2.93,1,1,'2022-12-29',26,2,1,1),
(105,77,331,3.25,1,1,'2023-01-02',20,14,12,1),
(106,56,452,2.69,0,1,'2022-12-30',14,16,18,1),
(107,60,274,4.15,1,1,'2022-12-29',18,6,46,0),
(108,25,976,2.49,1,1,'2022-12-28',0,8,30,1),
(109,33,70,3.95,1,1,'2022-12-31',18,2,38,0),
(110,2,1063,3.54,0,1,'2022-12-31',18,6,8,1),
(111,39,826,4.01,1,1,'2022-12-29',24,2,31,0),
(112,35,487,3.16,1,1,'2022-12-29',14,20,33,1),
(113,12,282,3.52,0,1,'2022-12-30',18,10,27,1),
(114,22,767,1.66,0,1,'2022-12-27',20,2,22,1),
(115,20,1244,2.57,1,1,'2022-12-28',20,2,21,0),
(116,60,172,2.71,0,1,'2022-12-30',20,18,3,1),
(117,15,1212,2.38,0,1,'2022-12-30',14,18,28,0),
(118,74,1004,4.19,0,1,'2022-12-27',24,16,27,0),
(119,87,883,4.10,1,1,'2022-12-28',18,16,10,0),
(120,83,1218,4.33,0,1,'2022-12-29',16,16,2,0),
(121,42,241,2.30,0,1,'2023-01-01',14,8,33,0),
(122,20,716,2.50,1,1,'2022-12-29',28,10,9,1),
(123,50,165,3.06,0,1,'2022-12-29',14,16,49,1),
(124,3,1016,3.27,0,1,'2022-12-29',12,12,47,1),
(125,44,547,2.35,1,1,'2023-01-02',14,14,17,1),
(126,45,299,2.05,0,1,'2022-12-27',2,6,16,1),
(127,70,390,1.53,1,1,'2022-12-31',22,10,32,1),
(128,29,599,3.05,0,1,'2022-12-29',4,16,6,1),
(129,43,1188,2.91,0,1,'2022-12-30',14,2,27,0),
(130,56,937,2.87,0,1,'2022-12-27',24,8,41,1),
(131,26,821,2.41,1,1,'2022-12-28',16,0,27,0),
(132,60,997,2.51,1,1,'2022-12-30',2,20,25,0),
(133,85,367,2.60,1,1,'2022-12-27',14,6,35,1),
(134,61,1079,3.60,0,1,'2022-12-31',0,4,23,0),
(135,22,855,2.66,1,1,'2022-12-29',30,6,16,1),
(136,80,596,1.98,0,1,'2023-01-02',26,10,16,0),
(137,38,647,2.48,0,1,'2022-12-27',14,12,1,1),
(138,20,688,1.97,0,1,'2022-12-31',18,0,41,1),
(139,54,143,3.88,0,1,'2023-01-01',30,18,31,1),
(140,80,1249,3.17,0,1,'2022-12-30',18,2,30,0),
(141,16,1201,3.37,1,1,'2022-12-30',12,12,14,1),
(142,23,1021,2.94,1,1,'2022-12-27',10,2,26,0),
(143,69,731,2.86,1,1,'2023-01-02',12,12,12,1),
(144,5,562,3.93,0,1,'2022-12-28',22,10,31,0),
(145,18,549,3.18,0,1,'2022-12-28',24,14,10,1),
(146,64,1011,3.31,0,1,'2022-12-29',26,18,21,1),
(147,9,758,1.84,1,1,'2022-12-30',22,4,34,0),
(148,6,133,1.93,1,1,'2022-12-30',18,8,30,1),
(149,54,713,2.46,1,1,'2023-01-02',22,16,12,1),
(150,77,868,4.47,0,1,'2022-12-28',28,18,20,0),
(151,68,347,2.12,0,1,'2022-12-27',22,20,5,1),
(152,73,1157,2.97,0,1,'2022-12-30',6,6,14,0),
(153,19,572,3.40,0,1,'2022-12-29',14,2,29,1),
(154,39,1053,3.14,0,1,'2022-12-27',12,10,17,1),
(155,4,801,2.74,1,1,'2022-12-27',8,12,18,1),
(156,20,623,3.61,0,1,'2023-01-02',2,12,26,0),
(157,46,983,2.72,1,1,'2022-12-30',22,0,16,0),
(158,23,639,4.11,0,1,'2023-01-01',20,10,7,1),
(159,47,10,2.87,0,1,'2022-12-31',26,8,13,1),
(160,48,617,3.18,0,1,'2023-01-01',10,0,40,1),
(161,9,297,1.24,1,1,'2022-12-28',8,16,36,0),
(162,8,600,2.35,1,1,'2023-01-02',0,2,11,1),
(163,33,692,3.48,1,1,'2022-12-30',6,18,34,1),
(164,64,289,3.58,0,1,'2022-12-28',8,0,22,0),
(165,74,1068,4.37,0,1,'2023-01-02',26,6,30,0),
(166,17,459,2.70,1,1,'2023-01-02',4,8,29,1),
(167,36,745,2.25,1,1,'2023-01-01',8,10,5,1),
(168,25,1109,3.35,0,1,'2023-01-01',10,14,12,1),
(169,87,955,2.50,0,1,'2022-12-28',6,20,4,1),
(170,18,449,3.56,1,1,'2022-12-29',20,14,32,0),
(171,63,1211,3.63,1,1,'2022-12-28',8,4,21,0),
(172,79,59,2.67,1,1,'2022-12-28',10,6,38,1),
(173,52,457,2.99,0,1,'2023-01-01',8,18,3,0),
(174,35,31,3.81,0,1,'2023-01-02',14,0,8,0),
(175,44,403,3.67,1,1,'2022-12-30',0,14,50,1),
(176,28,91,3.63,1,1,'2022-12-29',0,8,19,0),
(177,12,920,1.93,0,1,'2022-12-28',10,16,22,1),
(178,48,613,3.05,1,1,'2022-12-30',22,4,38,1),
(179,16,1084,4.18,0,1,'2022-12-31',8,12,38,0),
(180,45,773,3.58,1,1,'2022-12-28',8,18,34,0),
(181,45,855,4.66,0,1,'2023-01-01',20,18,23,0),
(182,37,55,2.91,0,1,'2022-12-28',12,6,47,1),
(183,57,1037,3.55,0,1,'2022-12-27',22,6,42,0),
(184,16,102,3.79,1,1,'2022-12-30',18,6,8,0),
(185,31,653,2.52,0,1,'2023-01-01',6,12,8,0),
(186,19,667,3.93,0,1,'2023-01-02',20,18,14,1),
(187,64,997,2.90,0,1,'2022-12-27',8,12,9,0),
(188,80,1096,3.42,0,1,'2022-12-28',12,18,8,0),
(189,37,307,3.47,0,1,'2023-01-02',12,12,37,1),
(190,37,1175,3.99,1,1,'2022-12-30',14,4,23,0),
(191,81,809,4.10,1,1,'2022-12-30',2,12,8,0),
(192,45,208,2.57,1,1,'2022-12-31',20,20,10,0),
(193,75,299,2.60,0,1,'2022-12-31',8,18,49,1),
(194,13,730,1.88,0,1,'2022-12-27',6,8,45,1),
(195,23,819,2.22,0,1,'2022-12-29',14,2,19,1),
(196,61,1137,1.69,1,1,'2022-12-28',22,16,26,1),
(197,10,1107,3.01,0,1,'2023-01-02',10,0,36,1),
(198,2,914,3.03,0,1,'2022-12-30',30,4,50,0),
(199,64,852,2.78,1,1,'2023-01-02',22,4,2,1),
(200,31,616,2.78,1,1,'2022-12-29',4,14,46,1),
(201,17,410,4.13,0,1,'2023-01-01',10,12,49,0),
(202,12,1258,2.48,1,1,'2023-01-02',2,18,9,0),
(203,34,868,2.11,0,1,'2022-12-29',20,10,33,1),
(204,42,196,2.33,0,1,'2022-12-28',10,0,42,1),
(205,31,700,3.59,1,1,'2022-12-31',10,8,42,1),
(206,59,986,3.19,0,1,'2022-12-30',8,8,10,1),
(207,39,404,3.80,1,1,'2022-12-28',10,10,45,0),
(208,8,860,2.85,0,1,'2023-01-01',6,6,32,1),
(209,22,475,2.24,1,1,'2022-12-28',30,10,20,1),
(210,25,975,2.17,0,1,'2022-12-28',18,2,39,1),
(211,1,227,3.13,1,1,'2022-12-29',0,10,26,1),
(212,52,774,3.13,1,1,'2023-01-02',6,0,25,0),
(213,72,355,2.83,0,1,'2022-12-31',4,12,25,1),
(214,37,652,3.43,0,1,'2022-12-27',2,10,26,0),
(215,53,174,4.35,1,1,'2023-01-02',10,12,10,0),
(216,44,274,3.14,0,1,'2022-12-31',22,4,39,1),
(217,13,216,2.33,0,1,'2022-12-27',22,20,42,0),
(218,7,1228,2.66,1,1,'2022-12-27',10,8,38,1),
(219,19,1010,3.02,1,1,'2022-12-27',10,6,6,1),
(220,5,245,3.30,0,1,'2022-12-30',2,10,18,0),
(221,7,910,4.42,0,1,'2022-12-28',6,0,47,0),
(222,81,1079,2.18,1,1,'2023-01-01',18,18,33,1),
(223,44,1260,2.06,1,1,'2022-12-29',6,12,40,1),
(224,36,356,2.61,0,1,'2023-01-01',6,12,37,0),
(225,38,1178,2.47,0,1,'2022-12-31',14,16,27,0),
(226,70,1089,2.29,0,1,'2022-12-30',2,0,24,1),
(227,59,1077,3.47,1,1,'2022-12-31',30,12,5,0),
(228,20,1048,2.60,0,1,'2022-12-27',30,2,31,1),
(229,52,8,3.50,1,1,'2023-01-02',20,14,45,1),
(230,84,3,3.26,0,1,'2022-12-31',26,20,33,1),
(231,54,1042,3.33,1,1,'2022-12-27',0,20,15,0),
(232,82,796,3.94,0,1,'2023-01-02',18,12,16,0),
(233,54,686,2.92,0,1,'2023-01-02',28,20,27,1),
(234,23,1194,1.76,1,1,'2022-12-28',14,12,47,1),
(235,78,252,3.74,1,1,'2022-12-29',6,8,27,0),
(236,38,840,2.74,0,1,'2022-12-28',20,14,40,1),
(237,39,408,2.79,0,1,'2022-12-27',28,16,45,1),
(238,23,987,3.18,1,1,'2022-12-27',8,14,29,0),
(239,77,1081,3.78,0,1,'2022-12-30',2,8,38,0),
(240,62,1216,3.27,1,1,'2022-12-27',22,14,15,1),
(241,82,529,3.04,1,1,'2022-12-31',8,16,11,0),
(242,21,1150,2.62,0,1,'2022-12-29',20,8,14,1),
(243,29,287,3.93,1,1,'2023-01-01',18,14,43,1),
(244,60,407,3.00,0,1,'2022-12-30',20,6,9,1),
(245,59,284,1.65,1,1,'2023-01-02',4,8,13,1),
(246,31,124,3.50,1,1,'2023-01-01',10,18,20,1),
(247,54,1083,3.28,1,1,'2022-12-28',30,10,48,0),
(248,4,808,3.10,0,1,'2022-12-29',20,2,30,1),
(249,34,859,3.14,1,1,'2022-12-27',22,0,46,1),
(250,74,836,4.25,0,1,'2022-12-27',18,2,11,0),
(251,87,182,3.31,0,1,'2023-01-01',4,6,3,1),
(252,11,1251,1.16,1,1,'2022-12-28',6,4,40,1),
(253,1,648,3.22,0,1,'2023-01-02',14,8,17,1),
(254,82,575,3.56,1,1,'2022-12-27',8,18,6,0),
(255,45,1067,0.60,1,1,'2022-12-30',12,12,32,1),
(256,68,1076,3.48,0,1,'2022-12-27',2,18,1,1),
(257,43,268,3.17,0,1,'2022-12-29',8,10,3,1),
(258,53,325,3.45,1,1,'2022-12-29',12,14,12,1),
(259,79,723,1.97,1,1,'2022-12-28',22,14,10,1),
(260,9,963,2.74,1,1,'2022-12-27',30,6,10,1),
(261,32,520,3.96,0,1,'2023-01-02',20,16,23,0),
(262,44,1138,3.79,1,1,'2022-12-30',20,12,21,1),
(263,36,575,2.10,0,1,'2022-12-27',14,12,43,1),
(264,12,87,3.89,1,1,'2022-12-27',24,6,31,0),
(265,16,1095,3.31,0,1,'2022-12-27',24,14,34,0),
(266,56,151,3.18,1,1,'2022-12-31',24,18,43,0),
(267,28,439,2.36,0,1,'2023-01-02',30,2,23,0),
(268,73,775,2.30,1,1,'2022-12-27',24,6,47,1),
(269,68,570,3.26,1,1,'2022-12-29',2,2,16,1),
(270,36,9,2.41,0,1,'2022-12-29',2,8,20,1),
(271,39,94,3.20,0,1,'2022-12-30',4,14,21,0),
(272,60,424,1.64,1,1,'2022-12-29',12,12,26,1),
(273,80,347,2.65,1,1,'2022-12-28',26,2,49,1),
(274,9,673,3.48,0,1,'2022-12-27',2,18,21,1),
(275,20,996,2.77,1,1,'2023-01-02',20,12,12,1),
(276,31,1238,2.60,1,1,'2022-12-27',8,4,27,0),
(277,76,27,1.96,0,1,'2022-12-28',22,20,38,0),
(278,48,651,2.59,0,1,'2022-12-31',10,20,20,1),
(279,63,1058,3.18,0,1,'2022-12-27',10,8,12,1),
(280,56,911,3.67,0,1,'2022-12-31',0,2,34,1),
(281,18,1209,2.54,1,1,'2022-12-29',4,4,7,1),
(282,85,281,2.03,0,1,'2022-12-29',2,16,38,0),
(283,21,1059,3.01,0,1,'2022-12-27',18,6,36,1),
(284,37,380,3.25,1,1,'2023-01-02',22,12,5,0),
(285,14,460,1.91,0,1,'2022-12-30',28,18,15,1),
(286,23,386,3.36,1,1,'2022-12-31',12,10,12,0),
(287,12,399,3.33,1,1,'2022-12-30',8,18,8,1),
(288,74,449,1.86,0,1,'2022-12-27',8,16,11,1),
(289,57,174,3.49,1,1,'2022-12-28',6,4,49,1),
(290,51,786,1.77,0,1,'2022-12-30',22,14,45,0),
(291,81,132,2.27,0,1,'2022-12-31',6,4,41,0),
(292,77,349,1.91,0,1,'2022-12-30',22,16,18,1),
(293,44,692,2.66,0,1,'2022-12-31',2,16,37,1),
(294,65,1011,5.33,1,1,'2022-12-28',28,18,39,0),
(295,24,597,1.84,0,1,'2022-12-28',22,20,38,1),
(296,72,52,3.88,0,1,'2022-12-29',28,14,40,1),
(297,54,908,2.61,0,1,'2023-01-02',20,2,38,1),
(298,56,394,3.58,0,1,'2023-01-01',6,2,6,0),
(299,31,1260,2.39,0,1,'2022-12-29',2,10,26,1),
(300,15,187,2.32,0,1,'2022-12-27',14,12,44,1),
(301,16,1172,2.92,1,1,'2023-01-02',22,12,44,1),
(302,6,460,2.34,0,1,'2022-12-31',10,18,31,0),
(303,65,277,1.13,0,1,'2022-12-27',4,10,24,1),
(304,73,347,4.33,0,1,'2022-12-27',0,18,29,0),
(305,23,1090,3.21,1,1,'2022-12-27',26,18,29,0),
(306,10,155,2.36,1,1,'2022-12-28',4,10,7,1),
(307,32,619,3.22,1,1,'2022-12-27',26,16,36,0),
(308,82,629,2.54,0,1,'2022-12-30',14,14,35,1),
(309,62,446,3.51,0,1,'2023-01-01',14,18,11,0),
(310,30,797,3.93,1,1,'2022-12-29',30,12,33,0),
(311,61,990,3.51,1,1,'2022-12-29',6,18,30,0),
(312,33,50,3.51,1,1,'2023-01-01',2,2,33,1),
(313,41,723,2.45,0,1,'2022-12-30',22,12,25,0),
(314,30,35,3.70,0,1,'2023-01-01',12,8,26,0),
(315,56,862,2.89,0,1,'2022-12-29',28,4,50,1),
(316,86,1093,0.78,1,1,'2022-12-31',14,6,5,1),
(317,83,453,2.18,0,1,'2023-01-02',28,8,13,1),
(318,74,492,3.42,1,1,'2023-01-01',14,4,9,1),
(319,4,549,2.21,1,1,'2022-12-31',28,2,45,1),
(320,18,376,3.20,0,1,'2022-12-28',4,10,12,0),
(321,82,903,2.56,0,1,'2023-01-01',12,2,30,1),
(322,12,237,4.38,0,1,'2023-01-01',8,8,23,0),
(323,64,222,2.59,0,1,'2022-12-29',26,18,15,1),
(324,2,819,3.49,0,1,'2022-12-28',6,2,13,0),
(325,18,1118,2.56,1,1,'2023-01-02',6,10,44,0),
(326,29,722,3.84,0,1,'2022-12-30',6,8,14,1),
(327,81,902,1.45,0,1,'2023-01-01',18,20,47,1),
(328,56,997,2.50,1,1,'2022-12-28',24,14,47,1),
(329,14,390,3.22,0,1,'2022-12-28',12,10,37,1),
(330,13,57,4.35,1,1,'2022-12-31',14,14,37,1),
(331,66,449,2.33,0,1,'2022-12-31',12,2,50,0),
(332,14,925,2.74,0,1,'2022-12-31',10,4,30,1),
(333,36,229,2.55,0,1,'2022-12-30',28,18,29,1),
(334,51,1198,3.66,1,1,'2022-12-27',4,6,48,1),
(335,15,1217,2.96,1,1,'2022-12-31',24,20,17,0),
(336,64,433,1.84,0,1,'2023-01-01',4,16,48,1),
(337,18,879,3.43,0,1,'2022-12-28',14,20,12,0),
(338,29,1241,2.63,0,1,'2022-12-31',10,2,19,0),
(339,25,70,2.83,1,1,'2023-01-01',18,14,21,1),
(340,64,1137,2.53,0,1,'2022-12-31',22,16,25,1),
(341,27,1118,1.83,1,1,'2022-12-29',28,6,39,0),
(342,23,676,3.93,1,1,'2023-01-02',10,18,45,0),
(343,13,745,1.72,1,1,'2022-12-29',12,18,32,1),
(344,23,166,2.11,1,1,'2023-01-02',26,2,33,0),
(345,2,971,2.63,1,1,'2022-12-28',10,2,6,1),
(346,81,992,3.07,0,1,'2022-12-29',22,4,40,1),
(347,71,869,2.33,1,1,'2022-12-28',10,10,23,1),
(348,4,557,2.72,0,1,'2023-01-02',10,12,9,0),
(349,61,59,3.47,1,1,'2022-12-31',22,8,42,0),
(350,3,1072,4.06,1,1,'2022-12-27',14,6,26,1),
(351,24,1043,1.94,1,1,'2022-12-31',0,10,23,1),
(352,20,223,2.23,0,1,'2022-12-30',2,6,5,1),
(353,15,997,2.85,1,1,'2022-12-28',6,0,10,0),
(354,80,562,3.81,1,1,'2023-01-02',20,16,10,0),
(355,65,1148,5.19,0,1,'2023-01-02',4,8,45,1),
(356,69,331,3.91,0,1,'2023-01-01',30,20,39,0),
(357,37,199,2.57,0,1,'2022-12-27',8,16,29,0),
(358,18,4,2.70,0,1,'2023-01-02',2,10,44,1),
(359,41,625,2.34,0,1,'2023-01-01',18,16,16,1),
(360,61,1173,2.05,0,1,'2022-12-28',14,18,19,1),
(361,38,1262,1.83,0,1,'2022-12-30',24,4,20,1),
(362,39,870,2.91,0,1,'2022-12-29',16,18,20,0),
(363,57,542,2.39,1,1,'2023-01-01',26,12,20,0),
(364,47,453,4.61,1,1,'2022-12-31',14,0,9,0),
(365,66,638,1.99,0,1,'2023-01-01',30,14,39,0),
(366,2,108,3.89,1,1,'2022-12-27',22,12,21,0),
(367,18,153,2.54,1,1,'2023-01-02',8,6,46,1),
(368,16,1019,2.79,0,1,'2022-12-29',8,18,44,1),
(369,60,1081,3.45,1,1,'2022-12-27',26,14,35,0),
(370,60,626,2.54,0,1,'2022-12-31',20,8,2,1),
(371,74,1197,2.25,1,1,'2023-01-01',26,14,11,0),
(372,65,741,1.79,0,1,'2023-01-02',6,12,16,1),
(373,49,246,1.87,1,1,'2022-12-29',16,2,17,0),
(374,38,152,2.95,0,1,'2022-12-31',28,8,22,0),
(375,77,909,4.00,0,1,'2022-12-27',30,4,7,0),
(376,86,536,4.10,1,1,'2022-12-29',26,10,19,1),
(377,14,151,2.24,1,1,'2022-12-31',14,20,20,1),
(378,57,149,3.42,1,1,'2022-12-28',0,12,45,1),
(379,6,652,4.65,0,1,'2022-12-28',12,12,17,0),
(380,67,846,3.73,1,1,'2022-12-31',26,16,30,0),
(381,40,873,4.21,0,1,'2022-12-28',4,4,44,0),
(382,17,51,2.40,0,1,'2023-01-01',20,8,19,1),
(383,44,449,3.29,1,1,'2022-12-29',2,16,32,0),
(384,82,53,2.24,0,1,'2022-12-30',28,8,20,1),
(385,60,785,2.71,0,1,'2022-12-29',16,10,42,1),
(386,62,1211,1.77,0,1,'2023-01-02',18,12,21,1),
(387,78,26,2.89,1,1,'2023-01-01',16,14,37,1),
(388,81,299,2.37,1,1,'2022-12-30',22,6,6,1),
(389,68,305,2.39,1,1,'2023-01-02',6,2,12,1),
(390,23,65,2.64,1,1,'2022-12-29',28,10,8,1),
(391,9,1181,3.40,0,1,'2022-12-31',22,0,5,0),
(392,66,1085,3.67,0,1,'2022-12-27',10,10,9,1),
(393,75,915,2.21,1,1,'2022-12-27',14,6,22,1),
(394,3,243,2.99,0,1,'2022-12-30',12,4,34,1),
(395,41,534,2.90,0,1,'2022-12-31',28,10,33,1),
(396,75,496,2.94,0,1,'2023-01-02',12,14,34,0),
(397,81,1114,2.22,0,1,'2022-12-28',10,4,39,0),
(398,48,948,2.99,0,1,'2023-01-01',14,12,38,1),
(399,84,1019,2.67,1,1,'2022-12-28',4,4,21,1),
(400,35,1232,2.76,1,1,'2023-01-01',20,12,14,1),
(401,63,973,4.27,1,1,'2022-12-29',0,2,38,0),
(402,86,963,5.92,1,1,'2023-01-02',2,0,41,0),
(403,81,695,6.02,1,1,'2023-01-02',0,2,27,0),
(404,67,658,6.33,1,1,'2022-12-31',0,2,15,0),
(405,69,124,5.35,1,1,'2022-12-30',0,0,15,0),
(406,49,21,3.64,1,1,'2022-12-30',0,0,2,0),
(407,74,357,4.28,1,1,'2023-01-02',2,0,21,1),
(408,20,894,5.28,1,1,'2022-12-27',2,2,17,0),
(409,56,93,5.02,1,1,'2022-12-29',0,0,33,0),
(410,56,636,4.21,1,1,'2022-12-30',2,2,13,0),
(411,72,32,5.60,1,1,'2023-01-02',2,0,23,0),
(412,77,570,6.83,1,1,'2023-01-02',0,2,46,0),
(413,74,536,5.28,1,1,'2023-01-01',0,0,43,0),
(414,84,1124,5.17,1,1,'2022-12-28',0,0,24,0),
(415,45,763,5.99,1,1,'2022-12-30',0,2,5,0),
(416,81,348,4.90,1,1,'2022-12-28',2,0,2,0),
(417,48,233,4.30,1,1,'2023-01-02',2,2,29,0),
(418,14,1201,5.33,1,1,'2022-12-29',0,0,25,0),
(419,28,176,5.45,1,1,'2022-12-29',0,0,27,0),
(420,32,1053,4.02,1,1,'2022-12-29',2,0,30,0),
(421,2,642,4.90,1,1,'2022-12-29',0,0,43,0),
(422,72,445,5.83,1,1,'2023-01-01',0,2,20,0),
(423,68,926,5.01,1,1,'2022-12-27',0,2,36,0),
(424,60,648,4.94,1,1,'2022-12-31',0,0,4,0),
(425,88,455,5.43,1,1,'2022-12-31',2,0,38,0),
(426,18,534,4.66,1,1,'2023-01-01',2,2,23,0),
(427,11,395,6.16,1,1,'2022-12-31',2,0,36,0),
(428,9,1102,2.11,1,1,'2022-12-29',0,2,22,1),
(429,85,179,7.10,1,1,'2023-01-01',2,0,48,0),
(430,43,368,4.07,1,1,'2022-12-31',0,2,43,0),
(431,66,1053,5.35,1,1,'2022-12-28',0,2,37,0),
(432,70,1248,4.94,1,1,'2023-01-02',2,0,9,0),
(433,47,570,4.61,1,1,'2022-12-31',0,2,39,0),
(434,34,732,4.08,1,1,'2023-01-01',2,0,14,0),
(435,8,242,5.90,1,1,'2022-12-28',2,0,10,0),
(436,87,735,5.32,1,1,'2023-01-01',2,2,38,0),
(437,8,791,5.25,1,1,'2023-01-01',2,0,29,0),
(438,37,26,4.12,1,1,'2023-01-02',2,0,43,0),
(439,51,958,5.55,1,1,'2022-12-29',0,0,7,0),
(440,57,98,5.71,1,1,'2023-01-01',2,0,32,0),
(441,85,389,4.23,1,1,'2022-12-27',2,0,37,0),
(442,52,1076,5.78,1,1,'2022-12-27',2,0,21,0),
(443,72,1251,5.45,1,1,'2022-12-27',2,2,8,1),
(444,47,1065,6.86,1,1,'2022-12-29',0,2,9,0),
(445,47,1171,4.14,1,1,'2022-12-29',2,0,12,0),
(446,74,107,3.93,1,1,'2022-12-31',0,0,31,0),
(447,29,407,5.57,1,1,'2022-12-31',2,0,42,0),
(448,45,111,5.30,1,1,'2022-12-29',2,2,2,0),
(449,74,16,5.70,1,1,'2022-12-28',0,2,17,0),
(450,49,6,4.04,1,1,'2022-12-31',0,0,31,0),
(451,12,207,6.46,1,1,'2022-12-29',0,2,39,0),
(452,53,441,4.48,1,1,'2022-12-28',2,0,29,0),
(453,1,83,5.08,1,1,'2022-12-30',2,0,10,0),
(454,23,351,4.07,1,1,'2022-12-30',0,0,3,0),
(455,64,827,5.11,1,1,'2023-01-02',2,2,38,0),
(456,63,777,3.98,1,1,'2023-01-01',0,2,32,0),
(457,34,919,4.77,1,1,'2022-12-28',0,0,27,0),
(458,40,830,4.31,1,1,'2022-12-29',2,2,36,0),
(459,61,1168,4.89,1,1,'2023-01-02',2,2,36,0),
(460,77,499,3.83,1,1,'2022-12-31',0,2,24,1),
(461,30,273,5.03,1,1,'2022-12-27',0,0,26,0),
(462,58,212,4.71,1,1,'2022-12-27',0,0,43,0),
(463,8,908,3.86,1,1,'2022-12-29',0,2,19,0),
(464,68,258,4.86,1,1,'2023-01-01',0,0,33,0),
(465,49,151,4.09,1,1,'2022-12-31',2,0,49,0),
(466,50,570,5.81,1,1,'2022-12-28',2,0,40,0),
(467,71,85,4.36,1,1,'2022-12-29',2,0,18,0),
(468,8,730,2.83,1,1,'2022-12-27',2,2,21,1),
(469,88,660,3.89,1,1,'2022-12-31',0,0,35,1),
(470,72,991,3.80,1,1,'2022-12-28',2,2,20,1),
(471,25,945,5.34,1,1,'2022-12-28',2,2,23,0),
(472,66,951,4.10,1,1,'2022-12-31',2,0,33,0),
(473,21,381,6.41,1,1,'2022-12-30',0,2,4,0),
(474,39,438,3.29,1,1,'2023-01-01',0,0,49,1),
(475,12,800,6.03,1,1,'2023-01-01',0,2,20,0),
(476,85,349,4.54,1,1,'2022-12-30',2,0,6,0),
(477,74,43,4.73,1,1,'2023-01-02',2,2,24,0),
(478,64,891,3.68,1,1,'2023-01-02',0,0,49,0),
(479,53,491,4.91,1,1,'2022-12-30',0,2,33,0),
(480,55,1245,3.77,1,1,'2022-12-30',2,2,45,1),
(481,65,673,5.39,1,1,'2022-12-27',0,2,15,0),
(482,46,81,4.65,1,1,'2023-01-02',2,2,30,0),
(483,51,859,4.88,1,1,'2022-12-27',2,2,31,0),
(484,33,977,4.95,1,1,'2023-01-02',0,0,46,0),
(485,4,619,3.50,1,1,'2022-12-27',2,0,16,0),
(486,57,1243,6.03,1,1,'2023-01-01',2,2,32,0),
(487,33,627,5.64,1,1,'2022-12-28',2,0,13,0),
(488,11,328,2.64,1,1,'2023-01-02',0,0,20,0),
(489,34,316,5.22,1,1,'2022-12-27',0,2,43,0),
(490,86,724,4.80,1,1,'2022-12-29',0,2,21,0),
(491,62,1026,4.77,1,1,'2022-12-28',2,0,35,0),
(492,54,632,5.91,1,1,'2023-01-02',0,0,11,0),
(493,67,239,4.31,1,1,'2022-12-31',0,2,11,0),
(494,55,973,6.33,1,1,'2022-12-31',2,0,39,0),
(495,61,602,4.13,1,1,'2022-12-31',0,2,26,1),
(496,4,9,5.17,1,1,'2023-01-02',0,0,29,0),
(497,30,667,5.99,1,1,'2023-01-01',2,0,36,0),
(498,48,897,6.17,1,1,'2023-01-02',2,2,30,0),
(499,64,1175,3.67,1,1,'2022-12-29',2,0,25,0),
(500,89,1086,5.59,1,1,'2022-12-28',0,0,19,0),
(501,14,975,3.38,1,1,'2022-12-31',2,0,20,0),
(502,29,1055,3.98,1,1,'2023-01-02',2,2,43,1),
(503,82,129,6.55,1,1,'2022-12-27',0,2,22,0),
(504,1,977,4.69,1,1,'2022-12-27',2,0,20,0),
(505,10,928,6.00,1,1,'2022-12-29',0,0,35,0),
(506,60,692,5.59,1,1,'2023-01-01',2,2,5,0),
(507,21,212,4.07,1,1,'2023-01-01',2,2,26,1),
(508,32,532,4.97,1,1,'2022-12-27',2,2,31,0),
(509,27,452,5.39,1,1,'2022-12-29',0,0,46,0),
(510,58,360,5.14,1,1,'2022-12-30',0,2,7,0),
(511,35,73,5.97,1,1,'2022-12-30',2,2,29,0),
(512,8,810,5.09,1,1,'2022-12-27',0,2,15,0),
(513,63,109,5.26,1,1,'2022-12-28',2,2,4,0),
(514,74,531,4.19,1,1,'2022-12-28',2,2,20,0),
(515,11,713,4.70,1,1,'2022-12-27',2,2,26,0),
(516,81,390,6.39,1,1,'2023-01-01',2,2,39,0),
(517,31,451,2.05,1,1,'2022-12-30',2,2,10,1),
(518,29,803,4.92,1,1,'2023-01-02',2,2,33,0),
(519,70,712,3.24,1,1,'2022-12-30',2,2,10,0),
(520,80,630,4.54,1,1,'2022-12-27',2,2,11,1),
(521,54,285,4.43,1,1,'2023-01-01',2,0,30,0),
(522,56,616,5.19,1,1,'2022-12-30',0,2,20,0),
(523,23,969,5.31,1,1,'2023-01-02',2,0,3,0),
(524,56,311,4.46,1,1,'2022-12-29',2,0,32,0),
(525,37,85,5.13,1,1,'2022-12-29',2,0,14,0),
(526,23,69,8.19,1,1,'2022-12-30',0,2,44,0),
(527,34,574,5.44,1,1,'2023-01-01',0,0,39,0),
(528,7,510,3.62,1,1,'2022-12-27',2,2,10,1),
(529,2,1246,5.90,1,1,'2022-12-29',2,0,19,0),
(530,61,566,5.56,1,1,'2023-01-01',0,0,24,0),
(531,35,447,4.81,1,1,'2022-12-29',0,2,12,0),
(532,70,235,4.90,1,1,'2022-12-27',2,2,15,0),
(533,79,154,5.82,1,1,'2023-01-02',2,0,37,0),
(534,75,140,4.70,1,1,'2023-01-01',0,0,46,0),
(535,73,131,4.83,1,1,'2022-12-28',2,0,18,0),
(536,46,188,4.77,1,1,'2022-12-30',2,2,41,0),
(537,21,1058,5.10,1,1,'2022-12-31',0,2,15,0),
(538,9,568,6.25,1,1,'2022-12-30',0,2,8,0),
(539,54,874,5.50,1,1,'2023-01-02',2,0,17,0),
(540,24,549,6.55,1,1,'2022-12-31',0,0,24,0),
(541,86,1173,5.81,1,1,'2022-12-27',2,0,36,0),
(542,70,969,6.09,1,1,'2022-12-29',2,0,21,0),
(543,37,1232,2.89,1,1,'2022-12-27',0,0,20,1),
(544,36,707,5.00,1,1,'2022-12-30',0,2,45,0),
(545,11,1032,3.87,1,1,'2022-12-31',2,0,47,0),
(546,75,321,4.47,1,1,'2022-12-27',2,0,30,0),
(547,39,714,3.31,1,1,'2023-01-01',0,0,9,1),
(548,45,934,5.56,1,1,'2023-01-01',2,2,5,0),
(549,44,716,6.38,1,1,'2022-12-27',2,2,23,0),
(550,68,12,5.11,1,1,'2022-12-30',0,0,34,0),
(551,61,774,3.11,1,1,'2023-01-01',2,2,39,0),
(552,43,523,5.91,1,1,'2023-01-02',0,0,33,0),
(553,9,183,5.20,1,1,'2023-01-02',2,0,31,0),
(554,15,859,4.14,1,1,'2022-12-30',2,0,21,0),
(555,55,1262,4.24,1,1,'2023-01-01',0,0,40,0),
(556,53,1079,4.90,1,1,'2022-12-28',0,0,32,0),
(557,12,441,4.71,1,1,'2022-12-29',0,0,46,0),
(558,21,303,5.40,1,1,'2022-12-31',2,0,36,0),
(559,86,352,3.67,1,1,'2022-12-29',2,0,3,0),
(560,17,351,3.91,1,1,'2023-01-01',2,2,20,0),
(561,48,629,7.78,1,1,'2022-12-31',0,0,39,0),
(562,80,746,6.47,1,1,'2022-12-30',2,0,27,0),
(563,45,28,6.87,1,1,'2022-12-29',2,0,12,0),
(564,75,352,5.25,1,1,'2022-12-27',2,0,29,0),
(565,27,316,3.50,1,1,'2023-01-01',2,2,26,1),
(566,27,1166,4.53,1,1,'2023-01-01',2,2,14,0),
(567,2,1131,5.16,1,1,'2022-12-31',2,2,3,0),
(568,70,820,6.05,1,1,'2022-12-29',0,0,16,0),
(569,49,1225,6.93,1,1,'2022-12-31',0,2,36,0),
(570,44,394,3.82,1,1,'2022-12-30',2,2,6,0),
(571,43,1117,4.39,1,1,'2022-12-31',2,2,47,0),
(572,17,120,4.48,1,1,'2022-12-29',2,0,8,0),
(573,13,1211,4.91,1,1,'2022-12-30',2,2,29,0),
(574,75,469,4.63,1,1,'2022-12-29',0,0,13,0),
(575,85,185,4.05,1,1,'2022-12-27',0,0,40,0),
(576,36,434,4.08,1,1,'2023-01-01',0,0,24,0),
(577,54,1017,5.19,1,1,'2022-12-29',0,2,2,0),
(578,5,311,1.84,1,1,'2023-01-01',2,0,27,1),
(579,26,353,3.99,1,1,'2023-01-01',2,0,28,1),
(580,66,55,4.45,1,1,'2022-12-29',2,0,32,0),
(581,7,663,6.00,1,1,'2022-12-28',0,2,10,0),
(582,7,153,6.38,1,1,'2022-12-28',0,2,11,0),
(583,77,60,5.20,1,1,'2022-12-28',2,0,16,0),
(584,45,735,5.03,1,1,'2022-12-31',0,2,45,0),
(585,84,1165,3.49,1,1,'2022-12-31',0,0,13,0),
(586,27,275,4.81,1,1,'2023-01-02',2,0,24,0),
(587,84,869,5.44,1,1,'2022-12-27',2,2,25,0),
(588,53,1119,3.29,1,1,'2022-12-29',0,0,4,0),
(589,52,659,7.75,1,1,'2022-12-28',2,0,13,0),
(590,11,1210,6.06,1,1,'2023-01-02',0,0,15,0),
(591,52,263,4.51,1,1,'2022-12-27',2,0,12,0),
(592,85,137,4.25,1,1,'2022-12-28',0,0,27,1),
(593,85,16,5.00,1,1,'2023-01-02',2,0,34,0),
(594,22,116,6.20,1,1,'2023-01-01',0,2,11,0),
(595,35,1010,5.77,1,1,'2022-12-31',2,0,38,0),
(596,21,902,5.22,1,1,'2022-12-28',0,2,1,0),
(597,19,388,5.78,1,1,'2022-12-27',0,2,2,0),
(598,67,119,5.08,1,1,'2023-01-01',0,0,30,0),
(599,58,51,5.24,1,1,'2022-12-30',0,2,29,0),
(600,71,564,4.97,1,1,'2022-12-28',0,2,25,0),
(601,23,321,4.78,1,1,'2022-12-31',2,0,38,0),
(602,47,741,6.72,1,1,'2023-01-01',2,0,7,0),
(603,24,1092,4.97,1,1,'2022-12-27',2,0,24,0),
(604,46,360,4.12,1,1,'2022-12-30',0,2,13,0),
(605,79,1019,5.21,1,1,'2022-12-31',2,2,16,0),
(606,12,1130,4.23,1,1,'2022-12-30',0,0,43,0),
(607,74,5,5.71,1,1,'2022-12-28',2,2,23,0),
(608,54,1141,3.73,1,1,'2022-12-28',2,2,10,0),
(609,11,1003,3.73,1,1,'2023-01-02',0,0,49,0),
(610,73,381,3.35,1,1,'2022-12-30',2,0,25,1),
(611,64,1207,4.80,1,1,'2022-12-28',0,0,9,0),
(612,9,488,6.05,1,1,'2022-12-27',0,0,25,0),
(613,11,373,6.66,1,1,'2022-12-28',0,0,44,0),
(614,53,148,5.71,1,1,'2022-12-29',2,2,47,0),
(615,35,14,4.78,1,1,'2022-12-29',0,0,19,0),
(616,53,447,6.15,1,1,'2022-12-29',2,2,22,0),
(617,70,668,4.92,1,1,'2022-12-30',0,0,28,0),
(618,58,434,7.19,1,1,'2022-12-28',2,2,20,0),
(619,5,897,5.06,1,1,'2023-01-01',0,0,13,0),
(620,49,1094,5.76,1,1,'2022-12-31',2,2,39,0),
(621,71,338,4.27,1,1,'2022-12-31',2,0,40,0),
(622,49,51,3.94,1,1,'2022-12-29',2,2,23,0),
(623,67,869,4.01,1,1,'2022-12-27',0,0,5,0),
(624,63,1184,5.22,1,1,'2022-12-31',2,2,18,0),
(625,82,423,4.01,1,1,'2023-01-02',2,0,39,0),
(626,15,264,6.15,1,1,'2022-12-30',0,0,32,0),
(627,69,812,6.50,1,1,'2022-12-31',0,0,32,0),
(628,2,1034,4.07,1,1,'2022-12-29',2,2,18,0),
(629,23,228,4.47,1,1,'2022-12-31',0,0,40,0),
(630,62,789,6.46,1,1,'2022-12-28',0,2,41,0),
(631,87,619,2.92,1,1,'2022-12-28',0,2,18,0),
(632,55,12,3.58,1,1,'2022-12-30',2,2,43,1),
(633,20,948,5.34,1,1,'2022-12-30',2,2,32,0),
(634,65,233,4.28,1,1,'2023-01-02',2,0,48,0),
(635,1,463,5.06,1,1,'2022-12-28',0,2,3,1),
(636,34,50,4.64,1,1,'2023-01-02',2,2,20,0),
(637,22,620,3.62,1,1,'2022-12-31',0,2,27,0),
(638,70,564,3.72,1,1,'2022-12-30',0,2,7,0),
(639,85,806,4.34,1,1,'2022-12-29',0,0,43,0),
(640,63,338,4.98,1,1,'2022-12-27',0,2,37,0),
(641,73,690,5.55,1,1,'2022-12-31',0,0,6,0),
(642,72,350,4.39,1,1,'2022-12-30',2,2,27,0),
(643,53,320,4.89,1,1,'2023-01-01',0,2,36,0),
(644,81,1268,5.36,1,1,'2022-12-27',0,0,37,0),
(645,86,555,5.02,1,1,'2022-12-28',0,2,27,0),
(646,26,26,5.70,1,1,'2022-12-30',0,2,28,0),
(647,64,1010,6.84,1,1,'2022-12-27',2,0,36,0),
(648,83,485,4.67,1,1,'2022-12-30',0,2,49,0),
(649,86,885,4.17,1,1,'2022-12-31',0,0,7,0),
(650,80,555,6.03,1,1,'2022-12-27',2,2,38,0),
(651,44,543,4.12,1,1,'2022-12-29',2,0,30,0),
(652,79,506,5.58,1,1,'2022-12-27',0,2,47,0),
(653,25,1063,4.36,1,1,'2022-12-27',2,2,18,0),
(654,53,959,4.14,1,1,'2022-12-27',0,0,7,0),
(655,44,11,6.71,1,1,'2022-12-29',2,2,43,0),
(656,28,1072,6.40,1,1,'2022-12-27',2,0,9,0),
(657,88,90,5.37,1,1,'2022-12-30',0,2,38,0),
(658,81,444,4.76,1,1,'2022-12-28',2,2,48,0),
(659,11,682,4.83,1,1,'2022-12-28',2,2,36,0),
(660,85,497,4.33,1,1,'2022-12-29',2,0,32,0),
(661,15,212,6.41,1,1,'2023-01-02',0,2,32,0),
(662,58,639,5.78,1,1,'2022-12-27',2,0,18,0),
(663,55,104,5.14,1,1,'2022-12-30',0,0,42,0),
(664,6,122,4.22,1,1,'2022-12-31',2,2,4,0),
(665,47,944,3.29,1,1,'2023-01-02',2,2,1,0),
(666,26,482,4.82,1,1,'2022-12-30',0,0,18,0),
(667,24,339,5.58,1,1,'2022-12-27',2,0,15,0),
(668,73,319,4.52,1,1,'2022-12-30',2,2,6,0),
(669,24,1232,5.63,1,1,'2022-12-28',0,0,18,0),
(670,68,583,4.54,1,1,'2023-01-01',0,0,17,0),
(671,49,751,5.43,1,1,'2022-12-28',0,2,42,0),
(672,8,335,4.33,1,1,'2022-12-29',2,0,28,1),
(673,43,1215,5.02,1,1,'2022-12-27',2,2,47,0),
(674,37,751,5.56,1,1,'2022-12-29',2,2,2,0),
(675,84,61,5.51,1,1,'2022-12-28',0,2,43,0),
(676,3,336,4.03,1,1,'2022-12-30',0,2,1,0),
(677,63,424,5.78,1,1,'2023-01-02',0,0,41,0),
(678,29,701,5.44,1,1,'2023-01-01',0,2,43,0),
(679,62,795,5.60,1,1,'2022-12-30',2,2,34,0),
(680,40,321,5.69,1,1,'2022-12-27',0,0,37,0),
(681,17,737,5.58,1,1,'2022-12-27',0,0,38,0),
(682,43,566,4.44,1,1,'2023-01-02',2,2,30,1),
(683,11,838,5.89,1,1,'2022-12-30',0,0,22,0),
(684,5,340,3.61,1,1,'2022-12-31',2,2,33,0),
(685,47,873,5.52,1,1,'2022-12-30',0,0,31,0),
(686,37,936,5.76,1,1,'2023-01-02',2,0,4,0),
(687,60,1215,4.40,1,1,'2022-12-30',0,0,47,0),
(688,28,171,4.48,1,1,'2022-12-27',0,2,9,0),
(689,27,885,4.34,1,1,'2022-12-28',0,0,13,0),
(690,2,146,4.44,1,1,'2023-01-02',2,2,45,0),
(691,15,547,4.92,1,1,'2022-12-30',2,0,15,0),
(692,55,398,4.44,1,1,'2022-12-27',2,2,44,0),
(693,3,180,5.28,1,1,'2022-12-29',0,2,27,0),
(694,46,979,6.67,1,1,'2023-01-01',2,0,32,0),
(695,72,277,4.06,1,1,'2022-12-28',2,0,31,0),
(696,56,459,5.00,1,1,'2022-12-30',0,0,11,0),
(697,77,165,6.45,1,1,'2023-01-01',2,2,23,0),
(698,19,183,3.59,1,1,'2022-12-27',0,2,47,1),
(699,82,894,6.05,1,1,'2022-12-30',2,0,7,0),
(700,52,1255,4.71,1,1,'2022-12-28',0,2,32,0),
(701,24,403,4.66,1,1,'2022-12-30',0,2,48,0),
(702,10,913,4.46,1,1,'2022-12-29',2,2,18,0),
(703,82,348,4.79,1,1,'2022-12-31',2,0,34,0),
(704,79,222,6.24,1,1,'2023-01-02',2,0,1,0),
(705,31,433,5.40,1,1,'2023-01-02',2,2,5,0),
(706,74,234,5.98,1,1,'2022-12-27',0,2,10,0),
(707,38,827,6.02,1,1,'2022-12-29',2,2,3,0),
(708,41,743,6.74,1,1,'2022-12-29',2,2,16,0),
(709,46,838,4.05,1,1,'2022-12-28',0,2,43,0),
(710,60,1093,6.09,1,1,'2022-12-30',2,0,26,0),
(711,47,240,5.45,1,1,'2022-12-30',0,2,2,0),
(712,74,721,4.78,1,1,'2022-12-30',0,0,23,0),
(713,45,1241,3.05,1,1,'2022-12-29',0,2,32,0),
(714,16,98,4.46,1,1,'2022-12-29',2,0,47,1),
(715,60,1162,4.68,1,1,'2022-12-27',2,2,33,0),
(716,16,1029,5.00,1,1,'2022-12-31',0,0,9,0),
(717,6,219,4.47,1,1,'2022-12-27',2,0,17,0),
(718,16,790,6.04,1,1,'2022-12-31',0,0,9,0),
(719,9,665,4.36,1,1,'2022-12-31',0,0,9,0),
(720,15,1110,6.17,1,1,'2023-01-02',2,0,16,0),
(721,84,883,4.01,1,1,'2023-01-01',0,2,4,0),
(722,71,828,4.83,1,1,'2022-12-27',2,2,22,0),
(723,20,262,4.64,1,1,'2022-12-27',2,0,11,0),
(724,26,1059,6.13,1,1,'2022-12-31',2,2,15,0),
(725,49,1093,4.33,1,1,'2022-12-29',2,0,35,0),
(726,28,425,4.14,1,1,'2023-01-02',2,0,18,0),
(727,11,464,3.62,1,1,'2023-01-01',2,2,36,0),
(728,63,1016,6.11,1,1,'2022-12-27',2,2,8,0),
(729,75,969,5.14,1,1,'2022-12-28',2,2,16,0),
(730,51,954,5.25,1,1,'2022-12-28',2,2,22,0),
(731,24,1044,3.68,1,1,'2022-12-27',2,0,5,0),
(732,69,897,6.32,1,1,'2023-01-01',0,0,41,0),
(733,9,252,3.96,1,1,'2022-12-29',2,2,44,0),
(734,69,518,5.18,1,1,'2023-01-01',0,0,16,0),
(735,26,313,4.27,1,1,'2023-01-02',2,0,27,0),
(736,89,708,6.20,1,1,'2023-01-01',0,0,42,0),
(737,41,1050,4.43,1,1,'2023-01-02',0,2,8,0),
(738,69,1220,3.85,1,1,'2022-12-28',0,0,29,0),
(739,17,849,5.11,1,1,'2022-12-29',0,2,10,0),
(740,80,1008,5.95,1,1,'2023-01-01',2,2,15,0),
(741,34,907,5.14,1,1,'2022-12-27',0,0,47,0),
(742,66,63,4.18,1,1,'2022-12-31',2,2,19,0),
(743,23,659,6.23,1,1,'2022-12-29',2,2,12,0),
(744,2,969,6.08,1,1,'2022-12-30',0,0,47,0),
(745,28,1015,5.20,1,1,'2022-12-28',0,0,30,0),
(746,33,924,5.74,1,1,'2022-12-28',2,0,11,0),
(747,10,54,4.98,1,1,'2023-01-02',0,2,4,0),
(748,86,1191,3.81,1,1,'2022-12-28',2,2,26,0),
(749,25,403,5.32,1,1,'2023-01-01',2,0,21,0),
(750,58,70,6.21,1,1,'2022-12-31',0,0,8,0),
(751,51,473,6.21,1,1,'2023-01-01',2,0,10,0),
(752,79,284,4.13,1,1,'2022-12-27',0,0,20,0),
(753,29,902,4.78,1,1,'2022-12-29',0,0,21,0),
(754,28,872,5.05,1,1,'2022-12-30',0,0,8,0),
(755,27,189,5.12,1,1,'2022-12-28',2,2,25,0),
(756,20,69,5.09,1,1,'2023-01-02',0,2,38,0),
(757,33,995,5.48,1,1,'2022-12-31',0,2,8,0),
(758,44,1006,5.36,1,1,'2022-12-29',0,2,25,0),
(759,10,984,5.27,1,1,'2022-12-27',2,2,27,0),
(760,22,805,5.34,1,1,'2023-01-02',2,2,41,0),
(761,75,206,6.52,1,1,'2022-12-27',2,0,12,0),
(762,58,1200,4.22,1,1,'2022-12-30',0,2,44,0),
(763,17,28,4.13,1,1,'2022-12-27',2,0,45,1),
(764,6,1146,4.20,1,1,'2022-12-28',0,2,10,0),
(765,85,444,5.96,1,1,'2022-12-28',2,2,45,0),
(766,72,662,5.47,1,1,'2022-12-29',2,0,4,0),
(767,17,460,3.95,1,1,'2023-01-02',0,2,17,0),
(768,35,906,4.81,1,1,'2022-12-30',0,0,30,0),
(769,84,436,4.54,1,1,'2022-12-30',2,0,12,0),
(770,38,205,5.91,1,1,'2023-01-02',2,2,44,0),
(771,51,850,4.28,1,1,'2023-01-02',0,2,36,0),
(772,71,224,4.91,1,1,'2022-12-28',2,2,45,0),
(773,25,886,4.28,1,1,'2023-01-01',0,2,37,0),
(774,10,1076,3.48,1,1,'2022-12-31',0,0,44,1),
(775,38,207,5.35,1,1,'2022-12-28',0,2,15,0),
(776,32,814,3.62,1,1,'2022-12-27',0,0,8,0),
(777,15,903,5.82,1,1,'2022-12-31',2,0,23,0),
(778,70,995,5.92,1,1,'2022-12-31',0,2,17,0),
(779,75,353,6.05,1,1,'2022-12-28',0,2,35,0),
(780,51,769,4.45,1,1,'2023-01-02',2,2,37,0),
(781,24,942,4.81,1,1,'2022-12-31',0,2,46,0),
(782,38,279,5.26,1,1,'2022-12-27',2,2,36,0),
(783,87,68,5.25,1,1,'2022-12-30',2,2,31,0),
(784,58,582,5.35,1,1,'2023-01-01',2,0,5,0),
(785,53,243,4.51,1,1,'2022-12-31',0,2,44,0),
(786,3,71,4.66,1,1,'2022-12-27',2,2,46,0),
(787,60,700,5.12,1,1,'2022-12-27',0,0,31,0),
(788,30,190,5.63,1,1,'2023-01-01',0,2,13,0),
(789,56,448,5.00,1,1,'2022-12-27',2,0,14,0),
(790,7,886,4.02,1,1,'2023-01-02',2,2,43,0),
(791,74,1061,6.79,1,1,'2022-12-31',0,0,30,0),
(792,31,421,5.36,1,1,'2023-01-02',2,0,32,0),
(793,62,263,5.67,1,1,'2022-12-28',0,0,35,0),
(794,56,1137,5.85,1,1,'2022-12-29',0,2,8,0),
(795,59,523,4.99,1,1,'2022-12-30',2,2,30,0),
(796,18,230,4.52,1,1,'2023-01-01',0,2,39,0),
(797,26,249,4.82,1,1,'2023-01-01',2,2,9,0),
(798,48,316,5.66,1,1,'2023-01-01',2,0,11,0),
(799,75,1010,6.02,1,1,'2022-12-29',0,2,7,0),
(800,2,18,3.47,1,1,'2022-12-31',2,0,27,0),
(801,41,12,4.24,1,1,'2022-12-28',2,2,16,0),
(802,37,375,5.04,1,1,'2022-12-29',0,0,14,0),
(803,74,220,4.86,1,1,'2023-01-01',2,0,22,0),
(804,8,322,5.93,1,1,'2023-01-02',2,2,45,0),
(805,77,224,4.26,1,1,'2023-01-01',2,2,2,0),
(806,49,225,4.11,1,1,'2022-12-30',0,2,29,0),
(807,41,478,2.77,1,1,'2023-01-02',2,2,3,0),
(808,72,531,4.30,1,1,'2023-01-01',2,0,2,0),
(809,75,841,4.10,1,1,'2022-12-31',2,2,28,0),
(810,67,10,4.39,1,1,'2022-12-30',0,0,2,0),
(811,50,814,5.00,1,1,'2022-12-27',2,2,33,0),
(812,45,659,6.73,1,1,'2022-12-28',0,0,12,0),
(813,84,93,4.15,1,1,'2022-12-30',0,2,27,0),
(814,57,732,3.73,1,1,'2022-12-29',2,0,15,0),
(815,27,174,4.77,1,1,'2023-01-02',2,2,24,0),
(816,79,977,5.18,1,1,'2023-01-01',0,0,23,0),
(817,82,696,4.72,1,1,'2023-01-01',0,2,35,0),
(818,15,787,3.67,1,1,'2022-12-29',2,0,2,0),
(819,59,690,4.80,1,1,'2022-12-31',0,0,48,0),
(820,87,958,4.76,1,1,'2022-12-29',0,0,30,0),
(821,30,793,5.22,1,1,'2023-01-02',0,0,21,0),
(822,63,604,3.56,1,1,'2022-12-29',0,2,14,1),
(823,25,247,5.66,1,1,'2022-12-29',0,2,24,0),
(824,27,840,4.84,1,1,'2022-12-30',0,0,5,0),
(825,75,235,3.53,1,1,'2023-01-02',2,2,4,0),
(826,35,41,4.39,1,1,'2022-12-29',0,0,34,1),
(827,10,910,5.17,1,1,'2022-12-30',2,0,41,0),
(828,27,1024,6.87,1,1,'2022-12-30',0,2,10,0),
(829,22,528,4.06,1,1,'2022-12-31',0,2,32,0),
(830,40,421,4.33,1,1,'2023-01-02',2,2,46,0),
(831,32,940,6.08,1,1,'2023-01-01',0,2,21,0),
(832,9,1154,3.94,1,1,'2022-12-31',0,0,22,0),
(833,18,95,5.67,1,1,'2022-12-31',2,0,13,0),
(834,23,5,4.80,1,1,'2022-12-30',2,2,26,0),
(835,6,66,5.66,1,1,'2022-12-29',2,0,45,0),
(836,53,420,3.59,1,1,'2022-12-28',0,2,33,0),
(837,43,397,5.83,1,1,'2022-12-30',2,0,48,0),
(838,37,966,2.24,1,1,'2022-12-28',0,0,41,1),
(839,4,849,5.18,1,1,'2022-12-29',0,0,15,0),
(840,74,587,4.33,1,1,'2022-12-30',2,0,18,0),
(841,47,24,4.85,1,1,'2022-12-28',2,2,10,0),
(842,55,1137,4.25,1,1,'2023-01-01',0,2,12,0),
(843,32,340,3.67,1,1,'2022-12-27',0,2,16,0),
(844,59,959,5.13,1,1,'2022-12-30',0,2,25,0),
(845,6,198,4.82,1,1,'2022-12-28',2,0,28,0),
(846,75,176,5.41,1,1,'2022-12-29',0,0,11,0),
(847,50,198,4.13,1,1,'2022-12-27',0,0,41,1),
(848,50,1047,4.61,1,1,'2022-12-29',2,0,43,0),
(849,38,206,5.75,1,1,'2022-12-27',2,2,45,0),
(850,40,579,5.60,1,1,'2023-01-02',2,0,16,0),
(851,21,194,4.95,1,1,'2022-12-27',0,0,43,0),
(852,22,455,3.37,1,1,'2023-01-01',2,0,20,1),
(853,41,588,5.70,1,1,'2022-12-27',2,2,45,0),
(854,70,1248,4.06,1,1,'2022-12-28',2,2,14,0),
(855,86,1202,4.65,1,1,'2023-01-01',2,2,10,0),
(856,12,550,3.27,1,1,'2022-12-31',0,0,42,0),
(857,58,120,3.69,1,1,'2022-12-31',2,0,7,0),
(858,86,1085,4.86,1,1,'2023-01-01',0,2,4,0),
(859,74,1052,4.59,1,1,'2022-12-31',2,0,21,0),
(860,50,546,5.68,1,1,'2022-12-31',2,2,40,0),
(861,72,318,4.80,1,1,'2023-01-02',2,0,19,0),
(862,87,707,5.07,1,1,'2022-12-30',0,0,43,0),
(863,51,458,5.35,1,1,'2022-12-29',0,2,41,0),
(864,52,339,5.82,1,1,'2022-12-29',2,0,9,0),
(865,1,148,5.03,1,1,'2022-12-30',2,0,8,0),
(866,57,607,5.29,1,1,'2023-01-02',2,0,9,0),
(867,36,56,7.27,1,1,'2022-12-29',2,2,3,0),
(868,4,624,4.85,1,1,'2022-12-27',0,2,19,0),
(869,24,1136,4.91,1,1,'2022-12-30',0,0,5,0),
(870,19,636,4.20,1,1,'2022-12-27',2,0,7,0),
(871,3,808,6.03,1,1,'2022-12-31',0,0,2,0),
(872,53,359,6.07,1,1,'2022-12-28',0,2,19,0),
(873,51,801,4.46,1,1,'2023-01-02',2,2,27,0),
(874,35,822,4.36,1,1,'2022-12-30',0,0,19,0),
(875,46,604,4.94,1,1,'2022-12-28',2,2,20,0),
(876,5,14,5.21,1,1,'2022-12-30',2,2,32,0),
(877,63,1063,5.65,1,1,'2022-12-30',2,2,32,0),
(878,75,723,3.57,1,1,'2022-12-30',2,2,39,0),
(879,77,521,3.03,1,1,'2023-01-01',0,0,37,1),
(880,64,120,4.54,1,1,'2022-12-29',2,2,37,0),
(881,41,212,5.47,1,1,'2022-12-31',2,2,37,0),
(882,25,892,5.29,1,1,'2022-12-31',0,0,46,0),
(883,35,651,2.96,1,1,'2022-12-28',0,2,4,0),
(884,75,499,4.89,1,1,'2023-01-01',2,2,45,0),
(885,19,1138,3.74,1,1,'2022-12-29',0,2,24,1),
(886,70,1170,5.50,1,1,'2022-12-28',0,0,10,0),
(887,27,322,4.99,1,1,'2022-12-31',0,0,45,0),
(888,58,108,5.63,1,1,'2022-12-31',0,0,33,0),
(889,88,841,4.76,1,1,'2022-12-29',0,0,38,0),
(890,55,963,6.32,1,1,'2023-01-02',2,2,19,0),
(891,54,1051,3.89,1,1,'2022-12-27',2,2,19,0),
(892,22,1058,5.45,1,1,'2022-12-27',0,2,31,0),
(893,4,721,5.46,1,1,'2022-12-28',2,2,27,0),
(894,46,19,4.85,1,1,'2022-12-31',0,2,3,0),
(895,5,643,5.20,1,1,'2022-12-27',0,2,35,0),
(896,86,54,5.06,1,1,'2022-12-28',0,0,11,0),
(897,15,1006,4.37,1,1,'2022-12-30',2,0,42,0),
(898,76,700,5.04,1,1,'2022-12-31',0,0,42,0),
(899,77,332,6.07,1,1,'2023-01-01',0,0,19,0),
(900,18,1187,5.79,1,1,'2022-12-31',0,0,46,0),
(901,40,74,5.93,1,1,'2022-12-29',0,2,9,0),
(902,18,1239,2.98,1,1,'2022-12-29',2,2,15,1),
(903,25,404,4.32,1,1,'2022-12-31',2,0,13,0),
(904,59,522,5.62,1,1,'2022-12-27',0,0,1,0),
(905,24,854,3.37,1,1,'2022-12-31',0,0,31,0),
(906,83,728,6.87,1,1,'2022-12-31',2,0,13,0),
(907,28,428,3.87,1,1,'2022-12-29',2,0,5,1),
(908,73,1055,6.17,1,1,'2022-12-27',2,2,14,0),
(909,28,424,5.14,1,1,'2022-12-27',0,0,11,0),
(910,36,1138,5.62,1,1,'2022-12-27',0,0,23,0),
(911,71,517,4.77,1,1,'2022-12-29',2,0,42,0),
(912,63,868,5.69,1,1,'2023-01-02',0,0,21,0),
(913,64,1263,7.41,1,1,'2022-12-31',0,2,45,0),
(914,61,350,3.65,1,1,'2023-01-01',0,2,32,1),
(915,17,404,4.53,1,1,'2022-12-28',2,0,25,0),
(916,69,469,5.02,1,1,'2022-12-30',2,2,19,0),
(917,69,1121,5.24,1,1,'2022-12-30',2,0,39,1),
(918,84,25,5.73,1,1,'2023-01-01',0,0,44,0),
(919,10,269,3.90,1,1,'2022-12-29',0,2,15,0),
(920,78,41,6.71,1,1,'2023-01-02',2,0,34,0),
(921,7,78,5.39,1,1,'2023-01-01',0,2,11,0),
(922,24,138,3.92,1,1,'2022-12-27',0,2,28,0),
(923,86,1266,4.91,1,1,'2023-01-01',2,2,23,0),
(924,49,431,5.93,1,1,'2023-01-02',0,2,44,0),
(925,68,717,4.57,1,1,'2022-12-30',0,0,13,0),
(926,8,343,5.80,1,1,'2023-01-01',2,2,2,0),
(927,21,398,5.66,1,1,'2022-12-30',0,0,41,0),
(928,31,1237,4.34,1,1,'2022-12-29',0,0,21,0),
(929,26,1134,3.79,1,1,'2022-12-31',0,0,1,0),
(930,66,100,5.76,1,1,'2022-12-31',0,2,13,0),
(931,33,438,6.89,1,1,'2022-12-30',2,2,38,0),
(932,57,992,4.69,1,1,'2022-12-27',0,0,33,0),
(933,62,1260,4.06,1,1,'2022-12-27',2,2,21,0),
(934,59,388,3.29,1,1,'2023-01-01',2,0,29,1),
(935,34,243,6.71,1,1,'2022-12-27',2,2,41,0),
(936,8,956,7.09,1,1,'2023-01-02',2,0,7,0),
(937,50,452,5.62,1,1,'2022-12-29',2,2,34,0),
(938,41,347,4.34,1,1,'2022-12-29',2,0,47,0),
(939,71,169,5.30,1,1,'2022-12-28',2,2,5,0),
(940,11,555,4.54,1,1,'2022-12-31',2,2,47,0),
(941,85,314,4.79,1,1,'2022-12-27',2,0,21,1),
(942,77,219,6.16,1,1,'2022-12-29',0,0,36,0),
(943,37,493,5.18,1,1,'2023-01-01',0,2,29,0),
(944,42,8,6.86,1,1,'2023-01-02',2,2,10,0),
(945,77,814,6.81,1,1,'2023-01-02',0,2,19,0),
(946,19,429,3.52,1,1,'2023-01-02',2,0,48,0),
(947,45,563,3.56,1,1,'2022-12-31',0,0,46,0),
(948,89,421,4.86,1,1,'2022-12-29',0,2,25,0),
(949,11,609,4.34,1,1,'2022-12-28',2,2,24,0),
(950,52,966,5.03,1,1,'2023-01-02',0,2,23,0),
(951,5,214,3.62,1,1,'2022-12-28',2,0,8,1),
(952,45,859,5.03,1,1,'2022-12-30',0,0,26,0),
(953,63,816,5.15,1,1,'2022-12-28',0,0,6,0),
(954,43,168,6.15,1,1,'2022-12-29',0,0,47,0),
(955,80,646,4.52,1,1,'2022-12-31',0,2,45,0),
(956,49,364,6.04,1,1,'2022-12-31',2,2,21,0),
(957,45,63,3.37,1,1,'2023-01-02',0,0,39,0),
(958,85,925,5.38,1,1,'2022-12-30',0,0,26,0),
(959,79,423,5.26,1,1,'2022-12-31',2,2,45,0),
(960,54,350,5.45,1,1,'2022-12-28',0,2,13,0),
(961,35,752,5.71,1,1,'2022-12-31',2,0,34,0),
(962,81,81,4.62,1,1,'2022-12-27',0,2,32,0),
(963,8,13,4.83,1,1,'2022-12-29',2,2,18,0),
(964,41,270,5.41,1,1,'2022-12-30',0,2,29,0),
(965,86,210,5.08,1,1,'2022-12-29',0,0,11,0),
(966,48,1189,5.99,1,1,'2022-12-28',2,0,42,0),
(967,61,714,4.78,1,1,'2022-12-27',0,2,4,0),
(968,62,775,5.51,1,1,'2023-01-02',0,0,47,0),
(969,65,962,5.66,1,1,'2023-01-02',2,0,4,0),
(970,44,473,5.83,1,1,'2023-01-01',0,2,23,0),
(971,47,1017,5.05,1,1,'2022-12-27',2,0,37,0),
(972,11,1192,3.81,1,1,'2023-01-01',0,0,13,0),
(973,66,70,3.53,1,1,'2023-01-01',0,2,7,0),
(974,83,408,4.11,1,1,'2023-01-02',2,0,27,1),
(975,26,238,5.18,1,1,'2022-12-28',0,2,38,0),
(976,67,577,5.14,1,1,'2022-12-29',2,2,18,0),
(977,57,180,4.82,1,1,'2022-12-31',2,0,20,0),
(978,58,925,6.06,1,1,'2022-12-27',2,2,18,0),
(979,74,887,4.36,1,1,'2022-12-31',0,2,19,1),
(980,26,1135,3.62,1,1,'2022-12-31',2,2,33,1),
(981,54,1187,5.96,1,1,'2023-01-01',2,0,18,0),
(982,46,1227,3.27,1,1,'2022-12-29',0,0,37,1),
(983,53,1136,2.92,1,1,'2022-12-27',2,0,35,1),
(984,9,953,3.64,1,1,'2023-01-01',0,0,27,0),
(985,5,811,4.39,1,1,'2022-12-31',0,2,44,0),
(986,10,625,4.56,1,1,'2023-01-02',0,0,9,0),
(987,21,111,4.26,1,1,'2022-12-30',2,0,14,0),
(988,12,1112,5.20,1,1,'2023-01-01',0,0,13,0),
(989,20,355,4.53,1,1,'2022-12-29',2,2,31,0),
(990,20,1044,4.54,1,1,'2022-12-30',0,0,9,0),
(991,6,1102,5.41,1,1,'2022-12-29',0,0,24,0),
(992,23,231,5.98,1,1,'2022-12-31',2,0,6,0),
(993,69,407,4.79,1,1,'2023-01-02',2,2,44,1),
(994,7,1168,6.91,1,1,'2022-12-27',2,0,47,0),
(995,51,931,7.99,1,1,'2022-12-27',2,0,3,0),
(996,9,143,5.40,1,1,'2023-01-01',2,0,40,0),
(997,5,475,4.38,1,1,'2022-12-30',0,2,18,0),
(998,20,626,5.02,1,1,'2023-01-02',0,0,18,0),
(999,77,503,4.47,1,1,'2022-12-31',0,2,23,0),
(1000,12,374,5.73,1,1,'2023-01-01',0,2,20,0),
(1001,57,520,3.93,1,1,'2022-12-30',0,0,34,0),
(1002,75,359,6.22,1,1,'2022-12-29',0,2,43,0),
(1003,69,308,4.56,1,1,'2023-01-01',2,2,27,0),
(1004,6,770,6.61,1,1,'2022-12-28',0,0,24,0),
(1005,47,149,6.29,1,1,'2023-01-02',2,0,31,0),
(1006,82,1002,4.46,1,1,'2022-12-31',0,0,7,0),
(1007,17,1228,4.88,1,1,'2022-12-28',2,2,2,0),
(1008,52,762,5.50,1,1,'2023-01-02',2,0,40,0),
(1009,18,890,5.73,1,1,'2022-12-29',2,2,33,0),
(1010,65,1209,6.83,1,1,'2022-12-27',2,0,33,0),
(1011,50,318,5.42,1,1,'2022-12-31',0,0,23,0),
(1012,87,752,7.09,1,1,'2022-12-29',2,0,24,0),
(1013,60,1268,4.21,1,1,'2022-12-29',2,0,35,0),
(1014,28,513,3.88,1,1,'2023-01-01',0,2,42,0),
(1015,78,335,7.33,1,1,'2022-12-28',0,2,18,0),
(1016,28,285,4.98,1,1,'2022-12-29',2,2,40,0),
(1017,10,1170,4.51,1,1,'2023-01-02',0,2,26,0),
(1018,49,464,4.47,1,1,'2022-12-29',0,2,7,0),
(1019,26,288,5.30,1,1,'2023-01-01',2,2,26,0),
(1020,22,1265,5.22,1,1,'2022-12-30',0,2,11,0),
(1021,23,251,5.36,1,1,'2022-12-29',0,0,10,0),
(1022,15,444,4.93,1,1,'2023-01-01',0,0,17,0),
(1023,55,364,3.97,1,1,'2023-01-01',2,0,31,1),
(1024,23,1234,4.49,1,1,'2023-01-01',2,2,5,0),
(1025,18,469,4.84,1,1,'2023-01-01',0,0,13,0),
(1026,27,1002,5.91,1,1,'2022-12-30',0,0,4,0),
(1027,88,971,4.59,1,1,'2022-12-29',0,2,25,0),
(1028,81,373,3.05,1,1,'2022-12-27',2,2,20,1),
(1029,13,829,4.83,1,1,'2022-12-27',2,2,46,0),
(1030,20,142,5.28,1,1,'2022-12-31',0,2,24,0),
(1031,11,271,3.36,1,1,'2022-12-29',0,2,23,1),
(1032,40,51,5.19,1,1,'2023-01-01',0,0,32,0),
(1033,67,303,6.43,1,1,'2022-12-28',0,2,32,0),
(1034,44,703,4.22,1,1,'2022-12-28',0,0,31,0),
(1035,19,189,5.93,1,1,'2022-12-30',2,2,38,0),
(1036,38,891,5.04,1,1,'2022-12-31',2,2,11,0),
(1037,5,710,5.02,1,1,'2022-12-28',0,0,23,0),
(1038,8,1198,4.79,1,1,'2023-01-01',0,0,24,0),
(1039,63,319,4.59,1,1,'2022-12-31',0,0,33,0),
(1040,53,288,3.97,1,1,'2022-12-29',2,0,27,1),
(1041,74,1198,3.97,1,1,'2023-01-02',0,2,24,0),
(1042,12,815,4.56,1,1,'2022-12-30',0,0,49,0),
(1043,51,696,5.12,1,1,'2022-12-28',0,2,38,0),
(1044,51,5,4.73,1,1,'2022-12-28',2,0,24,0),
(1045,22,247,6.34,1,1,'2023-01-01',0,0,41,0),
(1046,61,288,6.68,1,1,'2022-12-30',0,0,49,0),
(1047,47,60,2.72,1,1,'2022-12-29',0,0,45,1),
(1048,19,1030,6.09,1,1,'2023-01-02',0,2,32,0),
(1049,39,121,6.12,1,1,'2022-12-28',2,0,21,0),
(1050,37,1235,5.04,1,1,'2022-12-27',0,0,23,0),
(1051,39,268,5.75,1,1,'2022-12-28',0,2,38,0),
(1052,64,1000,5.19,1,1,'2022-12-30',2,2,10,0),
(1053,55,400,5.21,1,1,'2022-12-28',2,0,48,0),
(1054,72,796,4.47,1,1,'2023-01-01',0,0,41,0),
(1055,51,767,4.93,1,1,'2022-12-29',0,2,18,0),
(1056,82,1127,5.14,1,1,'2022-12-27',2,0,15,0),
(1057,32,684,4.79,1,1,'2023-01-02',0,2,11,0),
(1058,35,17,4.29,1,1,'2022-12-29',0,2,13,0),
(1059,20,897,6.48,1,1,'2022-12-29',2,2,25,0),
(1060,68,781,4.31,1,1,'2022-12-30',0,2,37,0),
(1061,68,590,3.58,1,1,'2022-12-30',2,0,2,1),
(1062,39,366,5.65,1,1,'2022-12-31',2,0,18,0),
(1063,10,1074,4.45,1,1,'2022-12-31',2,2,27,0),
(1064,58,174,5.25,1,1,'2022-12-28',2,0,12,0),
(1065,48,223,4.22,1,1,'2022-12-28',0,2,17,0),
(1066,85,1135,5.92,1,1,'2022-12-29',2,0,35,0),
(1067,46,327,4.59,1,1,'2022-12-27',2,0,30,0),
(1068,69,546,5.82,1,1,'2022-12-30',2,0,45,0),
(1069,79,484,5.40,1,1,'2022-12-28',0,0,32,0),
(1070,25,920,6.40,1,1,'2022-12-30',2,0,37,0),
(1071,72,1265,2.65,1,1,'2022-12-29',0,2,29,1),
(1072,89,264,4.56,1,1,'2022-12-30',0,2,37,0),
(1073,68,1020,5.78,1,1,'2022-12-28',2,0,29,0),
(1074,83,793,3.68,1,1,'2022-12-29',0,2,33,0),
(1075,68,1215,4.54,1,1,'2022-12-27',2,2,10,0),
(1076,32,500,5.29,1,1,'2023-01-01',2,0,41,0),
(1077,15,756,6.10,1,1,'2022-12-30',0,2,6,0),
(1078,49,231,4.05,1,1,'2023-01-02',2,2,47,0),
(1079,5,737,5.83,1,1,'2023-01-02',0,0,30,0),
(1080,8,466,5.38,1,1,'2022-12-31',0,0,43,0),
(1081,68,494,5.53,1,1,'2023-01-01',2,2,20,0),
(1082,13,1110,4.93,1,1,'2022-12-28',2,2,28,0),
(1083,15,446,5.26,1,1,'2023-01-01',0,2,10,0),
(1084,28,578,5.59,1,1,'2022-12-27',0,0,1,0),
(1085,66,252,4.74,1,1,'2023-01-02',0,0,34,0),
(1086,83,1242,3.38,1,1,'2022-12-29',0,0,28,1),
(1087,9,1167,2.75,1,1,'2023-01-02',2,2,6,1),
(1088,70,215,5.42,1,1,'2022-12-28',2,2,22,0),
(1089,75,951,4.20,1,1,'2023-01-02',2,0,21,0),
(1090,74,503,5.74,1,1,'2022-12-28',0,0,19,0),
(1091,75,954,5.77,1,1,'2022-12-30',2,2,4,0),
(1092,71,1207,5.01,1,1,'2022-12-29',0,2,46,0),
(1093,27,683,6.85,1,1,'2022-12-30',0,0,44,0),
(1094,19,339,3.73,1,1,'2022-12-29',2,2,5,1),
(1095,13,1039,4.99,1,1,'2022-12-29',0,2,38,0),
(1096,33,68,4.83,1,1,'2022-12-31',2,2,41,0),
(1097,85,214,3.51,1,1,'2023-01-01',2,2,9,1),
(1098,34,808,3.27,1,1,'2022-12-30',0,0,18,1),
(1099,44,455,5.02,1,1,'2022-12-29',0,0,44,0),
(1100,34,1125,4.77,1,1,'2023-01-02',2,0,37,0),
(1101,61,109,5.10,1,1,'2023-01-01',2,0,46,0),
(1102,69,1245,4.12,1,1,'2022-12-28',0,0,40,1),
(1103,33,628,4.12,1,1,'2023-01-02',0,0,26,0),
(1104,18,648,4.66,1,1,'2022-12-30',0,2,10,0),
(1105,8,797,4.49,1,1,'2022-12-27',0,0,20,0),
(1106,3,188,5.96,1,1,'2022-12-27',2,2,42,0),
(1107,69,128,4.12,1,1,'2022-12-27',0,2,9,0),
(1108,84,60,5.83,1,1,'2022-12-29',0,2,37,0),
(1109,40,1145,4.31,1,1,'2022-12-31',0,0,36,1),
(1110,19,634,6.80,1,1,'2023-01-01',0,2,4,0),
(1111,38,789,5.42,1,1,'2023-01-02',0,0,2,0),
(1112,21,209,3.94,1,1,'2023-01-02',0,0,15,0),
(1113,26,1106,4.30,1,1,'2022-12-27',0,2,46,0),
(1114,43,347,4.97,1,1,'2023-01-01',2,2,4,0),
(1115,25,154,5.03,1,1,'2023-01-02',0,0,1,0),
(1116,29,1103,4.46,1,1,'2022-12-29',2,2,39,0),
(1117,42,526,4.90,1,1,'2022-12-29',2,2,26,0),
(1118,36,525,5.16,1,1,'2022-12-31',0,2,40,0),
(1119,36,1146,4.54,1,1,'2023-01-01',2,0,31,0),
(1120,39,1160,5.40,1,1,'2023-01-02',2,0,24,0),
(1121,85,1043,4.09,1,1,'2022-12-28',2,2,29,0),
(1122,67,394,5.83,1,1,'2022-12-31',0,2,24,0),
(1123,56,860,5.20,1,1,'2022-12-31',0,2,43,0),
(1124,61,274,5.87,1,1,'2022-12-27',0,0,39,0),
(1125,72,1125,4.49,1,1,'2022-12-31',2,2,4,0),
(1126,21,86,3.21,1,1,'2023-01-01',2,2,13,1),
(1127,83,410,3.41,1,1,'2023-01-01',2,2,36,1),
(1128,88,1172,4.18,1,1,'2023-01-02',2,0,20,0),
(1129,42,394,3.25,1,1,'2022-12-27',2,0,12,1),
(1130,31,846,4.36,1,1,'2022-12-30',0,0,5,0),
(1131,26,1240,5.08,1,1,'2022-12-31',2,2,28,0),
(1132,62,1200,6.51,1,1,'2023-01-02',2,0,40,0),
(1133,19,969,5.33,1,1,'2022-12-27',0,2,16,0),
(1134,86,772,4.40,1,1,'2022-12-27',2,0,8,0),
(1135,37,680,3.70,1,1,'2023-01-02',0,2,42,0),
(1136,78,1107,4.95,1,1,'2022-12-31',0,0,37,1),
(1137,52,608,8.25,1,1,'2023-01-01',2,0,19,0),
(1138,1,540,5.48,1,1,'2023-01-02',0,0,36,0),
(1139,84,1139,5.59,1,1,'2022-12-29',0,0,18,0),
(1140,24,11,4.95,1,1,'2022-12-28',2,0,34,0),
(1141,71,531,5.97,1,1,'2022-12-28',0,0,36,0),
(1142,33,776,3.64,1,1,'2022-12-30',2,2,49,0),
(1143,43,125,4.95,1,1,'2022-12-28',2,2,48,0),
(1144,67,562,4.09,1,1,'2023-01-02',0,2,45,0),
(1145,71,168,5.63,1,1,'2022-12-30',0,2,11,0),
(1146,55,977,4.42,1,1,'2022-12-29',2,2,31,0),
(1147,86,10,3.87,1,1,'2023-01-01',2,2,36,0),
(1148,50,1222,5.12,1,1,'2022-12-28',0,0,10,0),
(1149,56,3,5.48,1,1,'2023-01-01',2,2,35,0),
(1150,64,444,3.97,1,1,'2022-12-28',2,2,42,1),
(1151,29,240,5.69,1,1,'2022-12-28',2,0,39,0),
(1152,8,273,6.61,1,1,'2022-12-30',2,0,35,0),
(1153,85,79,5.98,1,1,'2022-12-28',0,0,31,0),
(1154,45,537,5.62,1,1,'2022-12-29',0,0,17,0),
(1155,39,547,7.49,1,1,'2022-12-30',0,2,7,0),
(1156,51,961,4.59,1,1,'2022-12-28',2,0,33,0),
(1157,74,1240,5.75,1,1,'2022-12-27',2,2,45,0),
(1158,80,1063,5.23,1,1,'2022-12-30',0,2,17,0),
(1159,2,22,4.93,1,1,'2022-12-27',2,0,10,0),
(1160,4,881,4.60,1,1,'2022-12-27',2,0,8,0),
(1161,21,1092,5.85,1,1,'2022-12-29',0,0,27,0),
(1162,18,969,5.67,1,1,'2022-12-31',2,2,37,0),
(1163,48,527,4.92,1,1,'2022-12-30',2,0,45,0),
(1164,59,896,4.56,1,1,'2022-12-28',0,0,6,0),
(1165,7,554,5.77,1,1,'2022-12-30',0,2,25,0),
(1166,17,608,5.14,1,1,'2022-12-28',2,2,39,1),
(1167,68,1179,4.63,1,1,'2023-01-01',2,2,48,0),
(1168,48,916,4.67,1,1,'2023-01-02',0,2,11,0),
(1169,31,1116,3.99,1,1,'2022-12-30',2,2,9,0),
(1170,86,472,5.51,1,1,'2022-12-31',2,0,2,0),
(1171,14,31,4.94,1,1,'2022-12-27',0,2,20,0),
(1172,43,856,3.98,1,1,'2022-12-29',2,2,7,0),
(1173,26,220,5.53,1,1,'2022-12-30',0,2,21,0),
(1174,64,12,4.76,1,1,'2022-12-28',2,2,41,0),
(1175,52,378,4.94,1,1,'2022-12-31',0,2,26,0),
(1176,69,1006,5.11,1,1,'2023-01-01',2,0,8,0),
(1177,73,978,6.01,1,1,'2022-12-28',2,0,43,0),
(1178,87,229,5.56,1,1,'2022-12-31',2,2,42,0),
(1179,43,691,4.41,1,1,'2023-01-02',2,2,13,0),
(1180,57,686,5.83,1,1,'2023-01-01',2,2,20,0),
(1181,78,385,2.91,1,1,'2022-12-31',2,2,44,0),
(1182,87,68,5.36,1,1,'2023-01-02',2,2,7,0),
(1183,10,47,5.59,1,1,'2022-12-28',0,0,24,0),
(1184,35,1242,4.54,1,1,'2023-01-01',2,2,35,0),
(1185,12,1208,3.58,1,1,'2022-12-28',0,0,44,0),
(1186,67,149,5.00,1,1,'2022-12-27',2,0,22,0),
(1187,82,1057,4.90,1,1,'2022-12-29',2,2,29,0),
(1188,15,507,4.56,1,1,'2022-12-30',2,0,9,0),
(1189,84,165,5.05,1,1,'2022-12-30',2,2,16,1),
(1190,31,882,6.79,1,1,'2023-01-01',0,0,2,0),
(1191,20,34,5.50,1,1,'2022-12-28',0,0,19,0),
(1192,38,504,5.15,1,1,'2022-12-30',2,0,44,0),
(1193,59,408,6.47,1,1,'2023-01-01',0,2,38,0),
(1194,24,620,1.55,1,1,'2022-12-27',0,2,6,1),
(1195,62,1173,5.89,1,1,'2022-12-29',0,0,20,0),
(1196,71,999,4.86,1,1,'2022-12-30',2,0,48,0),
(1197,60,76,5.41,1,1,'2023-01-02',2,2,10,0),
(1198,20,548,2.99,1,1,'2023-01-01',2,2,10,0),
(1199,77,1107,6.37,1,1,'2023-01-01',2,0,36,0),
(1200,49,500,5.67,1,1,'2022-12-28',0,2,36,0),
(1201,61,1020,5.78,1,1,'2022-12-27',0,2,33,0),
(1202,69,890,4.62,1,1,'2022-12-28',2,2,33,0),
(1203,32,864,5.02,1,1,'2023-01-02',0,2,49,0),
(1204,21,641,2.91,1,1,'2023-01-02',2,0,20,0),
(1205,18,168,5.49,1,1,'2023-01-02',0,0,29,0),
(1206,82,90,6.64,1,1,'2022-12-27',2,2,32,0),
(1207,59,254,5.14,1,1,'2022-12-28',2,2,28,0),
(1208,15,733,4.17,1,1,'2022-12-27',0,2,12,0),
(1209,77,1032,5.47,1,1,'2022-12-30',2,0,4,0),
(1210,21,228,3.85,1,1,'2023-01-01',2,2,22,0),
(1211,1,688,4.44,1,1,'2022-12-28',0,0,5,0),
(1212,3,215,3.91,1,1,'2022-12-28',2,2,8,1),
(1213,33,1188,3.91,1,1,'2022-12-30',2,2,8,0),
(1214,8,1216,6.04,1,1,'2022-12-28',2,0,37,0),
(1215,57,547,2.88,1,1,'2022-12-28',0,0,37,1),
(1216,16,93,4.25,1,1,'2022-12-29',0,2,31,0),
(1217,27,662,4.98,1,1,'2023-01-01',2,2,6,0),
(1218,47,807,4.79,1,1,'2023-01-02',2,0,49,0),
(1219,9,148,4.20,1,1,'2023-01-01',0,2,46,0),
(1220,67,875,4.63,1,1,'2022-12-30',2,2,9,0),
(1221,85,826,4.50,1,1,'2023-01-01',2,0,29,0),
(1222,58,677,5.18,1,1,'2022-12-30',0,0,18,0),
(1223,85,988,3.98,1,1,'2023-01-01',2,0,36,1),
(1224,21,581,5.01,1,1,'2022-12-31',0,2,6,0),
(1225,49,561,6.10,1,1,'2022-12-31',0,2,24,0),
(1226,85,122,2.98,1,1,'2022-12-28',0,2,19,0),
(1227,47,1031,6.39,1,1,'2022-12-27',2,2,30,0),
(1228,4,1174,5.39,1,1,'2022-12-31',2,2,14,0),
(1229,38,811,3.04,1,1,'2022-12-27',0,2,17,1),
(1230,50,319,5.48,1,1,'2022-12-30',2,2,28,0),
(1231,26,12,4.56,1,1,'2023-01-01',0,2,19,0),
(1232,8,284,3.32,1,1,'2022-12-29',0,2,13,0),
(1233,18,133,5.07,1,1,'2022-12-28',0,2,40,0),
(1234,56,348,4.89,1,1,'2022-12-28',0,0,42,0),
(1235,31,354,7.52,1,1,'2023-01-01',2,0,27,0),
(1236,36,1236,5.60,1,1,'2022-12-29',0,0,33,0),
(1237,80,292,4.65,1,1,'2022-12-27',2,0,34,0),
(1238,10,929,6.20,1,1,'2023-01-01',0,2,43,0),
(1239,33,1166,6.59,1,1,'2022-12-30',0,2,46,0),
(1240,25,541,5.08,1,1,'2022-12-31',2,0,23,0),
(1241,28,179,4.95,1,1,'2022-12-27',2,2,9,1),
(1242,76,137,5.60,1,1,'2022-12-27',0,2,48,0),
(1243,17,102,3.89,1,1,'2022-12-29',2,0,41,0),
(1244,86,995,4.47,1,1,'2022-12-30',2,0,19,0),
(1245,77,572,4.35,1,1,'2022-12-29',2,2,17,0),
(1246,28,145,3.24,1,1,'2022-12-28',2,2,49,0),
(1247,79,1252,7.00,1,1,'2022-12-28',0,2,33,0),
(1248,64,1167,6.91,1,1,'2022-12-31',0,2,37,0),
(1249,15,971,4.34,1,1,'2022-12-31',0,2,2,0),
(1250,35,363,3.43,1,1,'2022-12-27',2,2,39,1),
(1251,5,422,3.60,1,1,'2023-01-01',2,0,23,0),
(1252,80,748,5.96,1,1,'2023-01-01',2,2,20,0),
(1253,16,450,4.32,1,1,'2023-01-02',0,0,32,0),
(1254,80,742,4.38,1,1,'2022-12-31',0,0,34,0),
(1255,35,726,4.25,1,1,'2023-01-02',0,2,30,0),
(1256,20,601,6.93,1,1,'2022-12-29',0,0,27,0),
(1257,9,101,6.42,1,1,'2022-12-31',0,2,18,0),
(1258,79,520,4.62,1,1,'2023-01-01',2,2,24,0),
(1259,87,1126,4.77,1,1,'2022-12-29',0,2,48,0),
(1260,64,593,4.73,1,1,'2022-12-28',2,2,33,0),
(1261,26,1070,5.69,1,1,'2023-01-01',0,2,48,0),
(1262,47,1120,3.82,1,1,'2022-12-30',2,2,28,0),
(1263,64,930,5.30,1,1,'2023-01-01',0,0,10,0),
(1264,88,149,5.11,1,1,'2022-12-30',0,0,4,0),
(1265,82,957,4.66,1,1,'2022-12-31',2,0,42,0),
(1266,47,915,5.77,1,1,'2022-12-30',0,2,10,0),
(1267,84,689,5.13,1,1,'2022-12-29',2,2,43,0),
(1268,10,183,5.57,1,1,'2022-12-27',0,2,31,0),
(1269,79,277,5.83,1,1,'2022-12-27',0,2,49,0),
(1270,84,148,4.14,1,1,'2023-01-02',0,0,23,0),
(1271,23,637,6.02,1,1,'2022-12-27',0,0,15,0),
(1272,71,637,5.46,1,1,'2022-12-27',0,2,13,0),
(1273,56,1020,8.24,1,1,'2022-12-27',0,2,12,0),
(1274,30,648,4.72,1,1,'2023-01-01',0,0,16,0),
(1275,82,142,5.10,1,1,'2022-12-28',0,0,47,0),
(1276,54,1208,4.82,1,1,'2023-01-02',0,2,15,0),
(1277,44,485,4.15,1,1,'2022-12-29',2,0,39,0),
(1278,20,561,4.17,1,1,'2023-01-01',2,0,25,0),
(1279,65,576,5.15,1,1,'2023-01-02',2,2,2,0),
(1280,50,685,4.64,1,1,'2022-12-27',2,0,23,0),
(1281,50,1193,4.48,1,1,'2022-12-29',2,0,13,0),
(1282,66,306,4.58,1,1,'2022-12-31',0,0,4,0),
(1283,55,141,5.46,1,1,'2022-12-31',2,2,38,0),
(1284,4,577,4.66,1,1,'2023-01-02',2,0,46,0),
(1285,6,702,4.29,1,1,'2022-12-31',2,2,44,0),
(1286,87,150,4.24,1,1,'2022-12-30',2,2,45,0),
(1287,67,1069,4.02,1,1,'2022-12-28',0,0,33,0),
(1288,6,730,6.90,1,1,'2022-12-27',2,0,20,0),
(1289,15,368,4.32,1,1,'2022-12-27',0,0,25,0),
(1290,45,265,3.57,1,1,'2022-12-31',0,2,41,0),
(1291,23,80,4.93,1,1,'2022-12-29',0,2,25,0),
(1292,30,817,4.99,1,1,'2023-01-02',2,2,18,0),
(1293,2,127,5.28,1,1,'2023-01-01',2,0,41,0),
(1294,21,1265,6.34,1,1,'2022-12-29',2,0,43,0),
(1295,49,384,4.25,1,1,'2022-12-28',0,0,5,0),
(1296,16,974,5.62,1,1,'2023-01-01',2,2,20,0),
(1297,83,760,5.64,1,1,'2022-12-30',0,2,13,0),
(1298,85,242,6.74,1,1,'2022-12-27',0,0,2,0),
(1299,32,33,5.88,1,1,'2022-12-31',0,0,12,0),
(1300,38,299,6.12,1,1,'2022-12-28',0,2,23,0),
(1301,40,324,5.24,1,1,'2022-12-31',2,2,7,0),
(1302,78,647,4.22,1,1,'2022-12-29',2,2,4,0),
(1303,43,171,6.59,1,1,'2022-12-28',2,0,23,0),
(1304,24,224,5.58,1,1,'2023-01-02',2,2,5,0),
(1305,27,1047,3.96,1,1,'2023-01-02',0,2,23,0),
(1306,42,800,6.72,1,1,'2022-12-28',0,0,26,0),
(1307,49,955,6.89,1,1,'2023-01-01',0,0,47,0),
(1308,41,794,7.02,1,1,'2022-12-30',2,0,7,0),
(1309,49,931,2.93,1,1,'2023-01-01',2,0,20,1),
(1310,47,939,6.30,1,1,'2022-12-29',2,0,24,0),
(1311,18,514,6.72,1,1,'2023-01-02',0,2,41,0),
(1312,71,1109,5.03,1,1,'2022-12-30',0,0,40,0),
(1313,40,511,3.85,1,1,'2022-12-30',0,0,38,0),
(1314,10,793,3.91,1,1,'2022-12-28',2,2,6,0),
(1315,21,855,4.34,1,1,'2022-12-31',0,2,48,0),
(1316,26,637,5.14,1,1,'2023-01-01',0,2,24,0),
(1317,35,463,4.43,1,1,'2023-01-02',2,0,16,1),
(1318,57,1115,6.72,1,1,'2022-12-28',0,2,27,0),
(1319,15,901,4.15,1,1,'2022-12-28',0,2,37,0),
(1320,27,502,4.01,1,1,'2022-12-27',2,2,9,0),
(1321,68,934,5.62,1,1,'2022-12-27',0,0,2,0),
(1322,3,920,4.66,1,1,'2022-12-30',2,0,14,0),
(1323,27,768,4.22,1,1,'2022-12-28',0,2,8,0),
(1324,72,359,6.20,1,1,'2022-12-28',2,2,40,0),
(1325,49,978,5.14,1,1,'2022-12-30',0,2,26,0),
(1326,52,4,4.93,1,1,'2023-01-01',0,0,29,0),
(1327,79,14,5.06,1,1,'2022-12-31',2,2,11,0),
(1328,77,927,2.39,1,1,'2022-12-27',0,2,17,0),
(1329,83,483,3.99,1,1,'2023-01-02',0,0,29,0),
(1330,86,1239,5.61,1,1,'2022-12-27',0,0,8,0),
(1331,33,101,5.45,1,1,'2022-12-28',2,0,22,0),
(1332,20,1269,6.25,1,1,'2022-12-31',2,0,46,0),
(1333,11,189,3.00,1,1,'2022-12-27',0,2,32,1),
(1334,77,1242,4.87,1,1,'2023-01-02',2,2,41,0),
(1335,47,129,4.99,1,1,'2023-01-01',2,0,31,0),
(1336,38,1227,6.01,1,1,'2022-12-27',0,0,8,0),
(1337,55,835,4.66,1,1,'2023-01-01',0,2,39,0),
(1338,1,829,2.83,1,1,'2022-12-31',2,0,41,1),
(1339,36,1210,5.67,1,1,'2023-01-01',2,2,13,0),
(1340,51,992,5.41,1,1,'2023-01-02',2,2,23,0),
(1341,43,373,3.98,1,1,'2022-12-31',2,2,7,1),
(1342,20,115,5.20,1,1,'2022-12-27',0,2,42,0),
(1343,43,806,5.18,1,1,'2022-12-29',2,2,16,0),
(1344,31,532,4.41,1,1,'2022-12-27',0,2,22,0),
(1345,31,261,6.00,1,1,'2022-12-29',0,0,13,0),
(1346,44,920,6.35,1,1,'2022-12-30',0,2,10,0),
(1347,22,814,3.90,1,1,'2023-01-02',0,2,32,0),
(1348,85,811,4.37,1,1,'2023-01-01',0,0,19,0),
(1349,23,766,5.94,1,1,'2023-01-02',2,0,9,0),
(1350,68,1259,5.40,1,1,'2022-12-30',0,2,4,0),
(1351,27,1142,5.11,1,1,'2022-12-27',0,0,46,0),
(1352,32,1145,6.62,1,1,'2023-01-02',0,2,20,0),
(1353,13,960,4.83,1,1,'2022-12-30',0,2,14,0),
(1354,40,389,6.01,1,1,'2022-12-31',0,2,5,0),
(1355,8,572,5.53,1,1,'2022-12-29',2,2,48,0),
(1356,59,366,3.97,1,1,'2022-12-29',0,2,45,0),
(1357,88,1265,3.78,1,1,'2023-01-02',2,0,36,0),
(1358,34,777,4.70,1,1,'2022-12-29',0,2,42,0),
(1359,26,714,5.37,1,1,'2022-12-31',0,2,19,0),
(1360,39,833,4.87,1,1,'2022-12-30',0,2,2,0),
(1361,62,601,5.31,1,1,'2023-01-02',0,2,35,0),
(1362,42,1126,5.89,1,1,'2022-12-27',2,0,11,0),
(1363,69,326,6.27,1,1,'2023-01-01',0,0,40,0),
(1364,45,704,3.46,1,1,'2022-12-29',2,2,7,1),
(1365,23,1124,3.43,1,1,'2023-01-01',2,2,11,1),
(1366,3,1017,5.25,1,1,'2022-12-30',0,2,39,0),
(1367,36,731,5.76,1,1,'2023-01-01',0,2,13,0),
(1368,37,560,5.57,1,1,'2022-12-28',0,0,18,0),
(1369,35,899,6.35,1,1,'2022-12-30',0,0,31,0),
(1370,74,1204,5.87,1,1,'2022-12-27',2,0,15,0),
(1371,44,717,5.22,1,1,'2022-12-30',2,0,17,0),
(1372,61,918,5.23,1,1,'2022-12-31',2,0,13,0),
(1373,51,278,2.23,1,1,'2022-12-27',0,2,18,0),
(1374,2,325,6.31,1,1,'2023-01-02',0,2,16,0),
(1375,40,362,4.69,1,1,'2022-12-29',0,0,45,0),
(1376,59,902,2.44,1,1,'2022-12-30',2,0,3,1),
(1377,83,1199,5.31,1,1,'2022-12-28',2,2,48,0),
(1378,13,900,3.41,1,1,'2022-12-28',2,2,2,0),
(1379,13,105,4.30,1,1,'2022-12-30',0,2,43,0),
(1380,32,371,4.22,1,1,'2022-12-30',2,2,2,0),
(1381,50,964,4.68,1,1,'2023-01-02',0,2,36,0),
(1382,7,492,6.09,1,1,'2022-12-27',0,2,29,0),
(1383,49,317,5.01,1,1,'2022-12-28',0,2,14,0),
(1384,73,827,5.36,1,1,'2022-12-30',0,2,17,0),
(1385,84,757,5.81,1,1,'2022-12-28',2,2,2,0),
(1386,15,1076,5.49,1,1,'2023-01-02',2,0,41,0),
(1387,30,1056,5.85,1,1,'2022-12-30',2,0,21,0),
(1388,26,1045,5.41,1,1,'2022-12-30',2,2,21,0),
(1389,22,714,6.55,1,1,'2022-12-29',0,2,45,0),
(1390,15,860,6.29,1,1,'2023-01-01',0,2,6,0),
(1391,27,427,4.40,1,1,'2023-01-01',2,2,11,0),
(1392,62,691,3.76,1,1,'2023-01-02',2,0,31,0),
(1393,53,451,5.18,1,1,'2022-12-29',2,0,48,0),
(1394,19,646,5.95,1,1,'2023-01-02',0,0,7,0),
(1395,62,419,3.84,1,1,'2022-12-29',0,0,8,0),
(1396,14,835,7.16,1,1,'2022-12-28',0,0,43,0),
(1397,14,1148,5.60,1,1,'2023-01-02',2,2,18,0),
(1398,14,1098,3.79,1,1,'2022-12-28',2,2,25,0),
(1399,40,287,5.26,1,1,'2022-12-30',2,0,6,0),
(1400,53,428,5.48,1,1,'2022-12-29',2,2,22,0),
(1401,76,67,6.24,1,1,'2023-01-01',2,2,44,0),
(1402,5,137,6.28,1,1,'2022-12-29',0,2,31,0),
(1403,15,780,4.63,1,1,'2022-12-29',0,0,49,0),
(1404,14,522,6.12,1,1,'2023-01-01',2,2,13,0),
(1405,86,913,5.47,1,1,'2023-01-02',2,2,29,0),
(1406,80,291,4.47,1,1,'2022-12-31',0,0,2,0),
(1407,17,531,6.04,1,1,'2022-12-29',2,0,4,0),
(1408,23,525,4.91,1,1,'2022-12-27',2,2,9,0),
(1409,79,759,4.90,1,1,'2022-12-30',2,0,32,0),
(1410,5,487,4.76,1,1,'2022-12-27',2,2,24,0),
(1411,14,948,3.73,1,1,'2022-12-31',0,2,3,0),
(1412,25,158,2.89,1,1,'2022-12-27',0,0,46,1),
(1413,64,918,2.91,1,1,'2023-01-01',0,2,12,1),
(1414,74,398,5.93,1,1,'2022-12-27',0,0,43,0),
(1415,59,337,4.12,1,1,'2022-12-29',2,0,16,0),
(1416,43,397,5.22,1,1,'2022-12-30',2,2,35,0),
(1417,58,671,5.57,1,1,'2022-12-29',2,0,18,0),
(1418,37,1106,5.18,1,1,'2022-12-29',0,0,46,0),
(1419,16,1221,4.03,1,1,'2023-01-01',2,0,5,0),
(1420,43,482,5.57,1,1,'2022-12-30',2,2,10,0),
(1421,15,806,3.48,1,1,'2022-12-29',0,2,45,0),
(1422,65,628,5.16,1,1,'2022-12-28',2,2,44,0),
(1423,49,694,5.88,1,1,'2022-12-31',2,2,32,0),
(1424,72,1134,3.47,1,1,'2023-01-01',0,2,34,0),
(1425,45,526,6.50,1,1,'2023-01-02',0,2,35,0),
(1426,79,378,5.95,1,1,'2022-12-30',2,2,38,0),
(1427,40,1016,4.05,1,1,'2022-12-31',0,2,37,1),
(1428,26,943,5.91,1,1,'2023-01-02',2,2,8,0),
(1429,62,639,5.45,1,1,'2023-01-02',0,0,34,0),
(1430,75,497,3.16,1,1,'2022-12-27',0,2,22,1),
(1431,26,826,3.85,1,1,'2022-12-31',0,0,3,0),
(1432,56,1216,5.25,1,1,'2022-12-31',2,0,17,0),
(1433,56,1185,5.08,1,1,'2022-12-29',0,0,21,0),
(1434,51,1066,3.73,1,1,'2022-12-30',2,0,12,0),
(1435,32,1230,5.12,1,1,'2023-01-01',2,2,26,0),
(1436,32,99,5.61,1,1,'2022-12-31',2,0,9,0),
(1437,65,65,4.63,1,1,'2023-01-02',2,2,36,0),
(1438,32,845,6.28,1,1,'2023-01-01',0,0,32,0),
(1439,63,699,5.16,1,1,'2022-12-27',0,2,17,0),
(1440,39,313,6.66,1,1,'2022-12-28',2,0,30,0),
(1441,74,111,5.61,1,1,'2022-12-29',2,2,14,0),
(1442,16,817,6.01,1,1,'2022-12-29',2,2,15,0),
(1443,63,510,4.57,1,1,'2022-12-29',2,0,42,0),
(1444,55,295,3.46,1,1,'2023-01-01',0,0,27,0),
(1445,25,8,5.33,1,1,'2023-01-02',2,2,34,0),
(1446,69,1127,5.57,1,1,'2022-12-31',0,2,48,0),
(1447,40,694,5.95,1,1,'2023-01-01',2,0,34,0),
(1448,43,780,4.87,1,1,'2022-12-27',0,2,31,0),
(1449,16,730,5.48,1,1,'2023-01-02',2,0,46,0),
(1450,77,123,7.85,1,1,'2022-12-27',0,0,8,0),
(1451,23,1215,4.05,1,1,'2022-12-28',0,0,45,0),
(1452,25,1215,4.88,1,1,'2023-01-01',2,0,18,0),
(1453,60,1102,5.99,1,1,'2022-12-29',2,0,8,0),
(1454,18,1007,5.48,1,1,'2023-01-02',2,0,34,0),
(1455,5,988,3.99,1,1,'2022-12-31',2,2,48,1),
(1456,56,1024,6.41,1,1,'2022-12-29',2,2,39,0),
(1457,9,1225,5.38,1,1,'2022-12-31',0,0,2,0),
(1458,25,198,6.59,1,1,'2022-12-30',2,0,23,0),
(1459,22,525,6.30,1,1,'2022-12-31',2,0,10,0),
(1460,31,695,5.84,1,1,'2022-12-28',2,0,10,0),
(1461,19,413,4.52,1,1,'2023-01-01',2,2,25,0),
(1462,28,381,3.41,1,1,'2022-12-28',0,2,25,1),
(1463,56,755,4.27,1,1,'2022-12-31',2,2,15,0),
(1464,52,736,4.72,1,1,'2023-01-02',0,0,15,0),
(1465,78,900,5.06,1,1,'2022-12-28',0,2,24,0),
(1466,19,123,4.74,1,1,'2023-01-01',2,0,2,1),
(1467,31,375,5.68,1,1,'2022-12-27',0,2,40,0),
(1468,61,872,5.48,1,1,'2022-12-31',2,0,47,0),
(1469,40,689,5.19,1,1,'2022-12-29',2,0,23,0),
(1470,50,463,6.42,1,1,'2023-01-01',0,0,18,0),
(1471,88,467,5.68,1,1,'2022-12-28',2,0,43,0),
(1472,38,744,4.89,1,1,'2023-01-01',0,2,2,0),
(1473,15,951,5.38,1,1,'2022-12-28',2,0,15,0),
(1474,75,1040,6.23,1,1,'2022-12-28',2,0,1,0),
(1475,46,1234,6.10,1,1,'2022-12-29',2,2,8,0),
(1476,40,171,6.35,1,1,'2022-12-31',0,0,19,0),
(1477,55,387,4.51,1,1,'2022-12-28',0,0,36,0),
(1478,22,373,5.93,1,1,'2022-12-29',2,0,44,0),
(1479,45,107,3.89,1,1,'2022-12-29',2,0,29,0),
(1480,27,99,5.68,1,1,'2022-12-27',0,0,7,0),
(1481,35,137,5.92,1,1,'2022-12-30',2,0,12,0),
(1482,39,82,3.42,1,1,'2023-01-01',2,0,24,1),
(1483,45,1068,4.43,1,1,'2022-12-29',0,0,27,0),
(1484,60,1181,3.83,1,1,'2023-01-01',0,0,36,0),
(1485,23,472,4.27,1,1,'2023-01-01',0,2,12,0),
(1486,75,1043,4.82,1,1,'2023-01-02',2,0,39,0),
(1487,68,754,3.87,1,1,'2023-01-02',0,0,17,0),
(1488,70,635,5.03,1,1,'2022-12-31',2,0,3,0),
(1489,76,337,5.69,1,1,'2022-12-27',2,0,14,0),
(1490,38,399,4.65,1,1,'2023-01-02',0,2,21,0),
(1491,16,510,6.31,1,1,'2022-12-30',0,2,38,0),
(1492,15,978,5.74,1,1,'2022-12-30',0,0,24,0),
(1493,39,633,3.68,1,1,'2023-01-02',0,2,14,0),
(1494,81,133,6.62,1,1,'2022-12-31',0,0,43,0),
(1495,19,627,3.07,1,1,'2022-12-31',0,0,4,1),
(1496,25,952,6.57,1,1,'2022-12-29',0,2,3,0),
(1497,26,585,3.98,1,1,'2022-12-30',2,2,16,0),
(1498,87,312,4.85,1,1,'2022-12-29',2,2,4,0),
(1499,67,930,5.36,1,1,'2022-12-31',0,2,2,0),
(1500,25,1199,4.10,1,1,'2022-12-29',2,2,47,0),
(1501,17,226,5.80,1,1,'2022-12-30',0,2,5,0),
(1502,39,1098,4.66,1,1,'2022-12-28',2,2,15,0),
(1503,88,1140,5.81,1,1,'2022-12-27',0,0,43,0),
(1504,26,308,5.70,1,1,'2023-01-02',0,2,17,0),
(1505,42,522,5.88,1,1,'2023-01-01',2,2,9,0),
(1506,47,326,4.43,1,1,'2022-12-28',2,0,24,1),
(1507,16,1195,4.63,1,1,'2022-12-27',2,2,34,1),
(1508,3,572,6.37,1,1,'2022-12-30',2,0,15,0),
(1509,84,1049,5.88,1,1,'2023-01-02',2,2,32,0),
(1510,5,748,5.99,1,1,'2022-12-31',0,2,38,0),
(1511,69,719,5.76,1,1,'2022-12-29',0,0,28,0),
(1512,56,1090,3.10,1,1,'2023-01-02',2,0,12,0),
(1513,22,794,5.29,1,1,'2022-12-30',0,2,46,0),
(1514,73,687,3.71,1,1,'2022-12-30',2,2,47,0),
(1515,51,424,5.41,1,1,'2022-12-28',0,0,37,0),
(1516,39,737,3.37,1,1,'2022-12-27',0,2,42,1),
(1517,86,1049,4.45,1,1,'2022-12-29',2,0,28,0),
(1518,47,525,5.35,1,1,'2023-01-01',2,0,10,0),
(1519,81,783,2.91,1,1,'2022-12-27',0,2,11,1),
(1520,83,939,5.52,1,1,'2022-12-27',2,2,27,0),
(1521,39,989,4.93,1,1,'2022-12-28',0,2,15,0),
(1522,86,186,6.66,1,1,'2022-12-27',2,2,3,0),
(1523,2,1265,4.58,1,1,'2022-12-31',2,2,30,0),
(1524,69,92,4.13,1,1,'2023-01-01',2,0,30,0),
(1525,87,29,3.18,1,1,'2022-12-31',2,0,6,1),
(1526,43,845,4.91,1,1,'2022-12-29',0,0,28,1),
(1527,40,741,3.16,1,1,'2022-12-29',0,2,16,1),
(1528,88,206,4.91,1,1,'2022-12-29',2,0,37,0),
(1529,59,695,6.19,1,1,'2023-01-01',0,2,31,0),
(1530,6,1254,7.32,1,1,'2022-12-27',0,0,21,0),
(1531,26,1247,5.22,1,1,'2022-12-27',0,2,22,0),
(1532,82,225,3.87,1,1,'2023-01-01',0,2,44,0),
(1533,20,198,5.78,1,1,'2022-12-27',0,2,23,0),
(1534,74,409,6.14,1,1,'2022-12-31',2,0,19,0),
(1535,13,410,5.42,1,1,'2022-12-28',0,0,1,0),
(1536,5,1182,5.72,1,1,'2022-12-30',0,0,16,0),
(1537,38,1192,6.11,1,1,'2023-01-02',0,2,40,0),
(1538,36,1169,6.16,1,1,'2022-12-30',2,2,44,0),
(1539,20,354,5.43,1,1,'2023-01-02',2,2,30,1),
(1540,89,1237,3.47,1,1,'2022-12-29',2,0,33,0),
(1541,17,148,4.50,1,1,'2022-12-28',0,2,34,0),
(1542,64,915,5.01,1,1,'2022-12-28',0,2,35,0),
(1543,58,816,4.32,1,1,'2023-01-02',2,2,13,0),
(1544,8,551,5.43,1,1,'2022-12-31',2,0,34,0),
(1545,63,619,4.91,1,1,'2022-12-29',0,2,19,0),
(1546,72,976,4.59,1,1,'2022-12-28',2,0,23,0),
(1547,31,682,5.13,1,1,'2022-12-27',0,2,42,0),
(1548,2,458,5.71,1,1,'2022-12-28',2,2,26,0),
(1549,25,1122,5.35,1,1,'2022-12-31',2,2,11,0),
(1550,30,1160,3.93,1,1,'2022-12-29',2,2,26,0),
(1551,35,286,4.71,1,1,'2022-12-28',0,0,4,0),
(1552,75,51,4.34,1,1,'2022-12-31',2,2,47,0),
(1553,88,296,6.40,1,1,'2022-12-29',2,0,28,0),
(1554,13,169,5.33,1,1,'2023-01-01',0,0,8,0),
(1555,9,308,5.93,1,1,'2022-12-31',0,0,12,0),
(1556,58,585,4.98,1,1,'2022-12-29',0,2,10,0),
(1557,41,156,5.44,1,1,'2023-01-02',2,0,32,0),
(1558,29,320,3.88,1,1,'2023-01-01',2,0,14,0),
(1559,53,916,6.44,1,1,'2023-01-02',2,2,44,0),
(1560,28,71,5.22,1,1,'2023-01-01',0,2,7,0),
(1561,87,168,3.87,1,1,'2022-12-28',0,2,13,1),
(1562,74,697,7.16,1,1,'2023-01-01',2,0,43,0),
(1563,36,978,5.69,1,1,'2022-12-29',2,0,48,0),
(1564,7,752,5.87,1,1,'2022-12-30',2,0,26,0),
(1565,30,158,5.45,1,1,'2022-12-28',0,0,30,0),
(1566,31,437,5.66,1,1,'2022-12-31',2,0,13,0),
(1567,40,986,6.71,1,1,'2023-01-02',2,2,27,0),
(1568,68,178,4.22,1,1,'2023-01-01',0,2,25,0),
(1569,25,294,4.94,1,1,'2023-01-02',2,2,35,0),
(1570,70,392,4.93,1,1,'2022-12-30',2,0,46,0),
(1571,51,333,4.35,1,1,'2022-12-30',0,2,32,0),
(1572,47,1008,5.38,1,1,'2023-01-01',2,0,47,0),
(1573,40,659,5.94,1,1,'2022-12-28',2,2,43,0),
(1574,30,360,4.99,1,1,'2022-12-27',0,2,39,0),
(1575,33,201,3.97,1,1,'2022-12-31',2,0,3,0),
(1576,23,694,4.31,1,1,'2023-01-02',2,2,37,1),
(1577,14,4,4.96,1,1,'2023-01-01',2,2,24,0),
(1578,87,628,5.29,1,1,'2022-12-31',2,0,45,0),
(1579,49,202,4.76,1,1,'2022-12-29',0,2,6,0),
(1580,67,799,6.34,1,1,'2022-12-27',2,2,37,0),
(1581,26,427,6.19,1,1,'2023-01-01',2,0,7,0),
(1582,25,13,4.06,1,1,'2022-12-29',2,0,27,0),
(1583,46,228,5.20,1,1,'2023-01-01',0,0,38,0),
(1584,75,591,5.59,1,1,'2022-12-28',2,2,3,0),
(1585,79,971,3.78,1,1,'2022-12-27',0,0,48,0),
(1586,81,1251,5.06,1,1,'2022-12-27',0,2,9,1),
(1587,60,1071,4.22,1,1,'2023-01-02',2,0,16,0),
(1588,78,275,5.61,1,1,'2022-12-27',2,0,39,0),
(1589,37,962,5.82,1,1,'2022-12-30',2,2,41,0),
(1590,86,957,5.02,1,1,'2022-12-28',2,2,23,0),
(1591,47,465,2.83,1,1,'2022-12-31',0,2,42,0),
(1592,40,407,4.57,1,1,'2022-12-27',2,0,11,1),
(1593,80,477,6.53,1,1,'2022-12-27',2,2,9,0),
(1594,43,106,5.19,1,1,'2022-12-27',2,0,14,0),
(1595,6,770,4.64,1,1,'2022-12-28',2,2,47,0),
(1596,24,902,6.29,1,1,'2022-12-28',0,2,42,0),
(1597,16,651,4.31,1,1,'2023-01-02',0,0,48,0),
(1598,89,29,6.20,1,1,'2022-12-28',2,2,35,0),
(1599,57,56,4.68,1,1,'2022-12-30',2,2,45,1),
(1600,78,1051,5.26,1,1,'2022-12-28',0,0,3,0),
(1601,58,53,5.70,1,1,'2023-01-02',0,0,37,0),
(1602,28,1034,5.33,1,1,'2023-01-01',2,0,41,0),
(1603,51,1240,5.48,1,1,'2022-12-30',2,2,40,0),
(1604,31,403,6.00,1,1,'2022-12-31',2,2,27,0),
(1605,64,604,3.60,1,1,'2022-12-29',2,2,38,0),
(1606,78,59,6.53,1,1,'2023-01-02',2,2,20,0),
(1607,47,642,5.63,1,1,'2023-01-02',2,0,33,0),
(1608,19,705,5.45,1,1,'2023-01-01',0,0,7,0),
(1609,33,490,4.81,1,1,'2023-01-01',0,2,5,0),
(1610,85,710,6.36,1,1,'2022-12-29',2,2,4,0),
(1611,50,57,7.26,1,1,'2022-12-27',2,2,4,0),
(1612,6,780,3.77,1,1,'2022-12-27',2,0,1,0),
(1613,5,322,5.26,1,1,'2022-12-27',0,2,41,0),
(1614,25,417,4.04,1,1,'2023-01-02',0,2,6,1),
(1615,62,406,4.80,1,1,'2022-12-30',0,2,3,0),
(1616,20,862,6.25,1,1,'2023-01-02',0,0,35,0),
(1617,67,599,4.12,1,1,'2022-12-28',2,0,47,0),
(1618,25,1070,5.14,1,1,'2023-01-02',2,2,24,0),
(1619,68,984,5.23,1,1,'2022-12-30',2,0,29,0),
(1620,60,860,4.81,1,1,'2022-12-31',0,2,46,0),
(1621,81,334,5.80,1,1,'2022-12-31',2,2,28,0),
(1622,81,515,6.76,1,1,'2022-12-28',0,2,21,0),
(1623,43,7,6.35,1,1,'2022-12-30',0,0,34,0),
(1624,56,1107,5.87,1,1,'2022-12-31',2,2,22,0),
(1625,78,743,5.73,1,1,'2023-01-01',2,2,31,0),
(1626,27,993,5.78,1,1,'2023-01-01',0,0,9,0),
(1627,82,521,5.31,1,1,'2023-01-01',2,0,21,0),
(1628,58,82,7.04,1,1,'2022-12-31',0,0,38,0),
(1629,18,988,6.09,1,1,'2023-01-01',2,0,3,0),
(1630,57,871,4.51,1,1,'2022-12-30',0,2,30,0),
(1631,8,655,5.37,1,1,'2022-12-28',0,0,45,0),
(1632,60,316,4.23,1,1,'2023-01-02',0,2,13,0),
(1633,86,945,6.14,1,1,'2023-01-02',0,2,21,0),
(1634,69,752,5.02,1,1,'2022-12-28',0,0,7,0),
(1635,79,888,4.73,1,1,'2022-12-28',0,0,3,0),
(1636,52,769,4.98,1,1,'2022-12-29',2,2,3,0),
(1637,82,1094,3.75,1,1,'2022-12-29',2,0,38,1),
(1638,81,524,5.24,1,1,'2022-12-30',2,0,35,0),
(1639,58,222,5.90,1,1,'2023-01-02',2,2,14,0),
(1640,24,607,5.94,1,1,'2022-12-30',2,2,36,0),
(1641,68,892,4.64,1,1,'2022-12-30',0,2,36,0),
(1642,23,427,3.49,1,1,'2023-01-01',2,2,23,1),
(1643,62,736,5.73,1,1,'2023-01-02',0,2,28,0),
(1644,76,994,5.65,1,1,'2022-12-27',0,0,43,0),
(1645,59,442,6.33,1,1,'2022-12-29',2,0,3,0),
(1646,16,932,3.95,1,1,'2022-12-30',0,2,15,0),
(1647,35,1016,5.31,1,1,'2023-01-01',0,2,1,0),
(1648,20,136,6.12,1,1,'2022-12-28',0,0,47,0),
(1649,73,196,3.58,1,1,'2023-01-02',0,0,3,0),
(1650,41,841,5.76,1,1,'2022-12-27',0,2,18,0),
(1651,53,144,3.26,1,1,'2022-12-31',0,0,27,1),
(1652,26,875,3.63,1,1,'2022-12-28',2,2,47,0),
(1653,20,404,5.73,1,1,'2022-12-27',2,0,9,0),
(1654,46,525,5.70,1,1,'2022-12-28',0,2,48,0),
(1655,81,696,4.16,1,1,'2022-12-28',2,0,12,0),
(1656,50,1016,4.80,1,1,'2022-12-31',2,2,42,0),
(1657,31,284,3.88,1,1,'2023-01-01',0,2,34,0),
(1658,52,608,4.63,1,1,'2023-01-01',2,0,35,1),
(1659,69,47,3.47,1,1,'2023-01-02',2,2,10,1),
(1660,77,667,4.39,1,1,'2022-12-27',2,2,10,1),
(1661,51,597,5.75,1,1,'2022-12-31',2,0,2,0),
(1662,20,1070,5.71,1,1,'2022-12-27',0,2,44,0),
(1663,31,1125,6.03,1,1,'2022-12-27',2,2,35,0),
(1664,23,310,3.47,1,1,'2023-01-02',2,0,46,0),
(1665,67,735,3.97,1,1,'2022-12-29',0,2,43,1),
(1666,6,29,5.06,1,1,'2023-01-02',0,0,14,0),
(1667,8,602,6.05,1,1,'2022-12-29',2,2,19,0),
(1668,32,520,2.61,1,1,'2022-12-29',2,2,33,1),
(1669,22,505,5.68,1,1,'2022-12-27',0,0,42,0),
(1670,85,517,3.99,1,1,'2022-12-30',0,2,39,0),
(1671,79,1138,4.90,1,1,'2022-12-29',2,0,20,0),
(1672,34,974,3.56,1,1,'2022-12-31',0,0,26,1),
(1673,40,126,5.08,1,1,'2022-12-30',2,2,42,0),
(1674,72,1169,6.69,1,1,'2022-12-28',2,2,47,0),
(1675,81,1240,4.89,1,1,'2023-01-01',2,0,44,0),
(1676,55,811,5.25,1,1,'2022-12-29',0,2,35,0),
(1677,50,479,3.40,1,1,'2022-12-31',2,2,3,0),
(1678,80,428,5.73,1,1,'2022-12-28',2,0,30,0),
(1679,10,1112,4.22,1,1,'2022-12-28',0,0,12,0),
(1680,21,388,5.21,1,1,'2022-12-30',2,0,39,0),
(1681,42,686,6.77,1,1,'2022-12-27',0,2,14,0),
(1682,47,650,6.09,1,1,'2022-12-31',0,2,25,0),
(1683,16,26,5.81,1,1,'2023-01-02',2,0,27,0),
(1684,3,757,4.60,1,1,'2022-12-30',2,0,40,0),
(1685,4,495,5.32,1,1,'2022-12-28',0,2,13,0),
(1686,85,472,4.32,1,1,'2022-12-31',0,0,24,0),
(1687,64,1004,5.98,1,1,'2022-12-28',0,0,39,0),
(1688,79,910,5.58,1,1,'2022-12-27',0,2,37,0),
(1689,10,475,4.44,1,1,'2022-12-29',0,0,35,0),
(1690,84,214,6.49,1,1,'2022-12-30',2,2,38,0),
(1691,60,658,3.89,1,1,'2023-01-01',0,0,25,1),
(1692,40,42,4.06,1,1,'2022-12-28',2,0,41,0),
(1693,9,696,4.57,1,1,'2023-01-02',0,0,18,0),
(1694,83,231,5.01,1,1,'2023-01-02',2,2,23,0),
(1695,75,125,4.66,1,1,'2022-12-29',0,0,22,0),
(1696,61,790,6.33,1,1,'2023-01-02',0,0,8,0),
(1697,61,277,4.35,1,1,'2023-01-01',0,0,13,0),
(1698,70,896,5.78,1,1,'2022-12-27',2,0,48,0),
(1699,47,1211,5.20,1,1,'2022-12-29',2,0,10,0),
(1700,42,373,5.84,1,1,'2022-12-29',2,2,20,0),
(1701,12,697,2.93,1,1,'2022-12-30',2,0,26,1),
(1702,64,993,6.27,1,1,'2022-12-29',2,0,29,0),
(1703,84,92,4.22,1,1,'2023-01-01',0,2,19,0),
(1704,38,332,3.54,1,1,'2022-12-30',2,0,6,1),
(1705,17,359,5.67,1,1,'2023-01-01',0,2,46,0),
(1706,21,1201,4.50,1,1,'2023-01-02',2,0,6,0),
(1707,28,1218,4.14,1,1,'2022-12-27',2,0,24,0),
(1708,61,1221,6.38,1,1,'2022-12-28',2,2,48,0),
(1709,22,648,4.39,1,1,'2022-12-27',0,0,33,0),
(1710,40,617,3.66,1,1,'2022-12-30',2,2,11,0),
(1711,28,615,4.32,1,1,'2022-12-28',0,0,46,0),
(1712,1,215,6.58,1,1,'2022-12-27',2,0,15,0),
(1713,61,947,4.89,1,1,'2022-12-31',2,0,22,0),
(1714,88,1034,4.70,1,1,'2023-01-01',2,0,14,0),
(1715,64,692,4.92,1,1,'2022-12-27',0,2,15,0),
(1716,60,243,4.60,1,1,'2023-01-02',0,2,33,0),
(1717,27,592,4.48,1,1,'2022-12-28',2,0,3,0),
(1718,29,413,3.28,1,1,'2022-12-30',0,2,36,1),
(1719,67,392,3.67,1,1,'2022-12-31',2,0,13,0),
(1720,17,753,7.18,1,1,'2023-01-02',0,2,31,0),
(1721,6,1109,4.46,1,1,'2022-12-29',0,2,41,0),
(1722,45,800,4.99,1,1,'2022-12-30',0,0,19,0),
(1723,6,954,4.57,1,1,'2022-12-31',2,0,3,0),
(1724,13,991,5.29,1,1,'2022-12-27',0,0,45,0),
(1725,14,492,4.86,1,1,'2023-01-01',0,0,30,0),
(1726,26,83,4.11,1,1,'2022-12-29',2,0,10,0),
(1727,3,63,4.30,1,1,'2022-12-29',0,0,9,0),
(1728,15,965,5.79,1,1,'2022-12-29',0,2,40,0),
(1729,41,783,5.50,1,1,'2022-12-31',0,2,37,0),
(1730,16,994,6.69,1,1,'2023-01-01',2,0,47,0),
(1731,45,467,4.04,1,1,'2023-01-02',0,2,31,0),
(1732,76,306,6.08,1,1,'2022-12-31',0,2,39,0),
(1733,7,614,6.33,1,1,'2022-12-30',2,2,14,0),
(1734,47,559,5.37,1,1,'2022-12-27',0,0,46,0),
(1735,49,282,4.34,1,1,'2022-12-28',2,2,6,0),
(1736,11,666,4.72,1,1,'2022-12-30',2,2,39,0),
(1737,48,357,5.45,1,1,'2023-01-01',2,2,21,0),
(1738,46,173,4.73,1,1,'2022-12-28',2,2,17,0),
(1739,19,558,6.41,1,1,'2022-12-28',2,0,37,0),
(1740,50,790,5.96,1,1,'2022-12-28',2,2,14,0),
(1741,25,938,5.55,1,1,'2022-12-28',2,0,23,0),
(1742,39,112,4.21,1,1,'2022-12-27',0,2,46,0),
(1743,60,615,5.03,1,1,'2022-12-29',0,2,20,0),
(1744,67,1056,3.00,1,1,'2022-12-29',0,2,27,1),
(1745,38,616,2.39,1,1,'2023-01-01',2,2,9,1),
(1746,24,507,3.15,1,1,'2023-01-01',0,2,10,1),
(1747,41,517,5.73,1,1,'2022-12-31',2,0,8,0),
(1748,60,986,5.42,1,1,'2022-12-27',2,0,10,0),
(1749,46,227,3.56,1,1,'2023-01-02',0,0,37,1),
(1750,76,602,5.73,1,1,'2023-01-02',0,2,46,0),
(1751,70,1049,5.78,1,1,'2022-12-31',0,2,8,0),
(1752,22,696,5.47,1,1,'2022-12-30',0,2,45,0),
(1753,46,1064,5.50,1,1,'2022-12-29',0,2,6,0),
(1754,30,396,6.61,1,1,'2023-01-01',2,2,1,0),
(1755,85,877,4.57,1,1,'2023-01-02',2,2,21,0),
(1756,58,358,3.36,1,1,'2022-12-27',0,0,9,1),
(1757,65,866,6.53,1,1,'2023-01-01',2,2,37,0),
(1758,66,285,4.38,1,1,'2022-12-27',0,0,35,0),
(1759,66,1134,5.42,1,1,'2022-12-28',0,0,44,0),
(1760,72,1047,5.82,1,1,'2022-12-30',2,2,29,0),
(1761,20,1123,6.13,1,1,'2022-12-31',0,0,23,0),
(1762,9,1251,2.60,1,1,'2022-12-31',0,2,14,1),
(1763,19,1086,4.70,1,1,'2022-12-28',0,0,7,0),
(1764,36,797,3.23,1,1,'2022-12-31',0,2,7,1),
(1765,74,1251,7.58,1,1,'2023-01-01',2,2,8,0),
(1766,66,323,6.12,1,1,'2022-12-30',2,0,26,0),
(1767,38,759,4.08,1,1,'2022-12-31',2,2,23,1),
(1768,9,867,3.72,1,1,'2023-01-02',0,0,8,0),
(1769,83,329,3.46,1,1,'2022-12-29',2,2,11,0),
(1770,5,737,4.03,1,1,'2022-12-27',0,2,4,0),
(1771,41,528,4.85,1,1,'2022-12-28',2,0,4,0),
(1772,7,266,3.29,1,1,'2023-01-02',2,0,20,0),
(1773,86,696,5.28,1,1,'2022-12-29',2,2,4,0),
(1774,34,459,5.71,1,1,'2022-12-27',2,0,42,0),
(1775,44,1059,3.39,1,1,'2022-12-28',2,0,29,0),
(1776,84,637,5.33,1,1,'2022-12-27',0,0,27,0),
(1777,57,1024,4.67,1,1,'2022-12-29',0,2,4,1),
(1778,53,338,5.03,1,1,'2022-12-29',2,0,25,0),
(1779,62,629,4.94,1,1,'2023-01-01',0,2,44,0),
(1780,41,495,5.67,1,1,'2022-12-29',0,0,45,0),
(1781,42,970,3.37,1,1,'2022-12-27',2,2,36,0),
(1782,82,681,5.05,1,1,'2022-12-27',0,2,46,0),
(1783,14,592,5.54,1,1,'2022-12-28',0,0,29,0),
(1784,52,304,4.87,1,1,'2022-12-27',0,0,35,0),
(1785,84,359,6.25,1,1,'2022-12-29',2,2,14,0),
(1786,64,784,3.98,1,1,'2022-12-28',0,0,47,0),
(1787,82,470,5.22,1,1,'2022-12-30',2,0,48,0),
(1788,21,866,4.21,1,1,'2022-12-28',2,2,32,1),
(1789,27,1117,5.21,1,1,'2022-12-31',2,2,43,0),
(1790,73,791,5.54,1,1,'2023-01-02',2,2,39,0),
(1791,73,136,7.06,1,1,'2022-12-29',2,2,8,0),
(1792,7,1156,2.79,1,1,'2022-12-30',2,2,30,0),
(1793,22,575,6.52,1,1,'2022-12-27',2,2,4,0),
(1794,52,110,5.20,1,1,'2023-01-01',0,0,15,0),
(1795,70,187,7.45,1,1,'2022-12-29',0,2,44,0),
(1796,34,410,6.34,1,1,'2022-12-27',0,2,14,0),
(1797,15,593,5.71,1,1,'2022-12-27',2,2,29,0),
(1798,60,804,5.60,1,1,'2022-12-27',0,2,3,0),
(1799,64,469,5.09,1,1,'2023-01-02',2,0,12,0),
(1800,5,824,6.54,1,1,'2023-01-02',2,2,48,0),
(1801,52,2,4.90,1,1,'2022-12-31',2,2,35,0),
(1802,54,790,6.17,1,1,'2022-12-30',2,2,2,0),
(1803,72,351,3.33,1,1,'2022-12-30',2,0,20,0),
(1804,61,667,4.15,1,1,'2022-12-27',0,0,43,1),
(1805,11,644,4.42,1,1,'2022-12-31',0,0,1,0),
(1806,11,883,4.81,1,1,'2022-12-29',2,2,49,0),
(1807,79,695,5.73,1,1,'2022-12-30',2,0,38,0),
(1808,53,498,5.12,1,1,'2023-01-01',0,2,14,0),
(1809,82,827,5.38,1,1,'2022-12-31',0,2,5,0),
(1810,84,1002,3.39,1,1,'2023-01-01',2,0,29,1),
(1811,61,40,5.53,1,1,'2022-12-29',2,2,41,0),
(1812,48,917,4.53,1,1,'2022-12-28',0,2,46,0),
(1813,35,1252,4.91,1,1,'2022-12-30',0,2,37,0),
(1814,31,158,5.84,1,1,'2023-01-01',2,0,36,0),
(1815,19,1176,4.59,1,1,'2023-01-02',0,0,4,0),
(1816,13,909,3.91,1,1,'2022-12-30',0,0,12,0),
(1817,14,273,5.78,1,1,'2022-12-27',0,2,39,0),
(1818,36,1234,5.97,1,1,'2022-12-29',2,0,9,0),
(1819,31,350,6.31,1,1,'2022-12-29',2,0,21,0),
(1820,34,1124,5.33,1,1,'2022-12-27',0,2,24,0),
(1821,48,736,3.89,1,1,'2023-01-01',0,0,33,0),
(1822,64,18,3.79,1,1,'2022-12-30',0,2,42,0),
(1823,7,797,3.90,1,1,'2022-12-29',2,0,32,0),
(1824,84,177,4.13,1,1,'2022-12-29',0,0,47,0),
(1825,6,955,3.60,1,1,'2022-12-28',2,0,27,1),
(1826,87,417,4.61,1,1,'2022-12-28',2,0,19,0),
(1827,9,510,3.84,1,1,'2022-12-27',0,2,31,0),
(1828,84,78,3.88,1,1,'2022-12-31',0,0,10,1),
(1829,75,980,3.91,1,1,'2022-12-31',2,2,1,0),
(1830,36,454,3.19,1,1,'2023-01-02',0,2,16,0),
(1831,13,784,5.19,1,1,'2022-12-27',0,2,40,0),
(1832,24,759,7.36,1,1,'2022-12-29',0,2,30,0),
(1833,43,1025,4.99,1,1,'2022-12-27',0,2,12,0),
(1834,63,197,5.22,1,1,'2023-01-02',0,0,28,0),
(1835,89,740,5.04,1,1,'2022-12-27',0,2,33,0),
(1836,15,179,5.53,1,1,'2022-12-30',0,2,16,1),
(1837,46,1009,4.77,1,1,'2022-12-28',2,0,7,0),
(1838,19,477,5.52,1,1,'2022-12-30',2,0,27,0),
(1839,11,225,3.50,1,1,'2022-12-31',0,0,10,0),
(1840,87,710,4.89,1,1,'2023-01-02',0,2,34,0),
(1841,28,634,4.23,1,1,'2023-01-01',0,0,40,1),
(1842,46,769,3.97,1,1,'2023-01-02',0,2,35,0),
(1843,1,589,5.84,1,1,'2022-12-31',2,2,12,0),
(1844,61,902,5.04,1,1,'2023-01-02',2,2,23,0),
(1845,73,1210,6.75,1,1,'2022-12-29',2,2,6,0),
(1846,52,580,3.56,1,1,'2022-12-30',2,0,31,0),
(1847,54,1045,3.26,1,1,'2023-01-02',2,2,15,1),
(1848,22,50,5.29,1,1,'2022-12-27',2,2,35,0),
(1849,54,140,5.39,1,1,'2022-12-27',0,0,27,0),
(1850,41,418,6.16,1,1,'2022-12-28',2,0,46,0),
(1851,1,679,4.31,1,1,'2022-12-28',2,2,38,0),
(1852,59,1001,4.98,1,1,'2023-01-02',2,0,44,0),
(1853,28,783,5.84,1,1,'2022-12-31',0,0,35,0),
(1854,8,836,3.24,1,1,'2022-12-27',2,0,32,0),
(1855,89,165,4.55,1,1,'2022-12-30',2,2,5,1),
(1856,86,124,5.85,1,1,'2023-01-01',0,2,1,0),
(1857,17,182,5.73,1,1,'2022-12-31',0,2,44,0),
(1858,20,556,5.36,1,1,'2022-12-27',0,0,10,0),
(1859,28,563,4.66,1,1,'2022-12-31',0,2,28,0),
(1860,2,292,5.34,1,1,'2022-12-30',0,2,35,0),
(1861,41,990,3.57,1,1,'2022-12-31',2,2,11,0),
(1862,48,672,6.54,1,1,'2022-12-28',2,2,2,0),
(1863,20,1046,3.68,1,1,'2023-01-02',0,2,43,0),
(1864,8,509,4.35,1,1,'2023-01-01',2,2,38,0),
(1865,70,693,5.04,1,1,'2022-12-30',2,0,41,0),
(1866,49,492,4.06,1,1,'2022-12-29',0,2,3,0),
(1867,17,1247,3.88,1,1,'2022-12-27',0,2,24,0),
(1868,82,7,3.94,1,1,'2022-12-27',2,2,15,1),
(1869,52,1174,5.64,1,1,'2022-12-27',0,2,46,0),
(1870,31,165,4.66,1,1,'2023-01-02',2,2,33,1),
(1871,78,319,5.52,1,1,'2022-12-28',0,0,20,0),
(1872,71,256,6.08,1,1,'2022-12-30',2,0,36,0),
(1873,56,698,4.25,1,1,'2022-12-28',2,2,1,0),
(1874,45,175,5.40,1,1,'2022-12-30',0,0,8,0),
(1875,70,1001,4.84,1,1,'2022-12-27',0,2,9,0),
(1876,15,528,4.99,1,1,'2023-01-02',2,2,29,0),
(1877,54,724,5.73,1,1,'2023-01-01',0,2,20,0),
(1878,48,756,6.16,1,1,'2022-12-28',0,2,26,0),
(1879,2,244,4.55,1,1,'2022-12-27',2,0,24,0),
(1880,10,362,3.16,1,1,'2022-12-29',2,2,15,0),
(1881,28,1045,5.33,1,1,'2022-12-27',0,2,46,0),
(1882,8,974,5.49,1,1,'2022-12-31',0,2,3,0),
(1883,69,660,6.09,1,1,'2022-12-28',2,2,7,0),
(1884,9,399,5.22,1,1,'2022-12-31',0,2,2,0),
(1885,76,1245,6.22,1,1,'2023-01-01',2,0,47,0),
(1886,21,1257,4.95,1,1,'2022-12-29',2,2,18,0),
(1887,45,522,3.37,1,1,'2023-01-02',2,0,6,1),
(1888,5,330,4.71,1,1,'2023-01-01',2,0,22,0),
(1889,31,514,7.23,1,1,'2022-12-28',0,0,4,0),
(1890,14,119,4.57,1,1,'2022-12-29',2,2,34,0),
(1891,29,419,1.88,1,1,'2022-12-30',0,0,29,1),
(1892,32,737,4.20,1,1,'2022-12-29',2,0,19,0),
(1893,79,681,3.55,1,1,'2022-12-27',2,0,3,0),
(1894,41,1097,4.62,1,1,'2022-12-31',2,0,23,0),
(1895,9,730,3.73,1,1,'2022-12-30',0,2,4,0),
(1896,36,305,4.58,1,1,'2023-01-01',0,0,44,0),
(1897,48,938,5.10,1,1,'2023-01-02',2,0,9,0),
(1898,36,37,4.18,1,1,'2023-01-02',2,2,19,0),
(1899,70,1242,4.97,1,1,'2023-01-02',0,0,42,0),
(1900,57,405,3.99,1,1,'2022-12-31',2,0,18,0),
(1901,8,745,5.21,1,1,'2022-12-30',0,0,46,0),
(1902,7,1013,3.09,1,1,'2022-12-30',2,2,23,0),
(1903,87,1199,5.28,1,1,'2022-12-29',0,2,12,0),
(1904,46,908,4.62,1,1,'2022-12-28',2,2,45,0),
(1905,25,311,4.03,1,1,'2023-01-02',2,2,44,0),
(1906,45,649,3.94,1,1,'2022-12-30',0,2,18,0),
(1907,33,416,3.63,1,1,'2023-01-02',0,2,9,0),
(1908,3,277,4.59,1,1,'2022-12-28',2,0,3,0),
(1909,82,608,5.43,1,1,'2022-12-27',2,0,13,0),
(1910,61,1102,3.71,1,1,'2022-12-28',2,2,25,0),
(1911,62,863,5.92,1,1,'2023-01-02',2,2,13,0),
(1912,72,316,6.44,1,1,'2022-12-31',2,2,3,0),
(1913,14,93,5.75,1,1,'2022-12-28',0,2,47,0),
(1914,16,414,5.07,1,1,'2022-12-31',2,2,10,0),
(1915,35,20,4.89,1,1,'2023-01-02',2,0,34,0),
(1916,88,973,3.56,1,1,'2023-01-01',0,2,22,1),
(1917,58,203,3.42,1,1,'2022-12-29',2,0,1,0),
(1918,29,40,4.87,1,1,'2022-12-28',2,2,34,0),
(1919,83,911,6.98,1,1,'2022-12-30',0,2,17,0),
(1920,49,1077,3.77,1,1,'2023-01-01',2,2,15,0),
(1921,60,668,4.93,1,1,'2023-01-02',2,2,3,0),
(1922,88,896,4.61,1,1,'2023-01-02',0,0,4,0),
(1923,41,436,3.62,1,1,'2022-12-27',0,0,3,0),
(1924,77,751,3.87,1,1,'2022-12-29',0,2,28,1),
(1925,74,252,5.26,1,1,'2022-12-29',0,0,2,0),
(1926,41,835,3.73,1,1,'2022-12-30',2,2,37,1),
(1927,53,269,4.80,1,1,'2022-12-30',2,0,18,0),
(1928,59,948,4.45,1,1,'2023-01-02',0,0,45,0),
(1929,15,37,3.45,1,1,'2022-12-30',0,2,26,0),
(1930,13,361,5.05,1,1,'2022-12-31',2,0,40,0),
(1931,52,826,5.08,1,1,'2022-12-29',0,2,32,0),
(1932,16,303,6.04,1,1,'2022-12-28',2,2,4,0),
(1933,22,1144,5.99,1,1,'2022-12-29',0,2,49,0),
(1934,33,611,4.23,1,1,'2023-01-01',2,0,15,0),
(1935,61,1166,4.16,1,1,'2022-12-30',2,2,18,1),
(1936,35,590,5.75,1,1,'2022-12-30',2,0,29,0),
(1937,68,120,5.59,1,1,'2022-12-28',0,2,21,0),
(1938,69,497,4.20,1,1,'2022-12-29',2,0,48,0),
(1939,60,566,5.50,1,1,'2022-12-31',0,0,17,0),
(1940,31,11,4.26,1,1,'2022-12-30',2,2,41,1),
(1941,55,929,4.83,1,1,'2022-12-31',0,0,5,1),
(1942,70,331,5.64,1,1,'2022-12-28',2,2,6,0),
(1943,63,288,4.55,1,1,'2022-12-28',2,2,27,0),
(1944,53,925,5.22,1,1,'2022-12-27',0,0,2,0),
(1945,22,957,3.66,1,1,'2022-12-30',0,2,38,0),
(1946,30,69,4.00,1,1,'2022-12-31',0,2,40,1),
(1947,85,860,6.02,1,1,'2022-12-30',2,0,40,0),
(1948,48,600,4.42,1,1,'2022-12-29',0,0,19,0),
(1949,30,200,6.59,1,1,'2022-12-29',2,0,35,0),
(1950,11,1050,4.85,1,1,'2023-01-01',2,0,38,0),
(1951,10,512,2.90,1,1,'2023-01-02',2,0,39,1),
(1952,21,286,5.52,1,1,'2022-12-27',0,0,25,0),
(1953,83,145,4.07,1,1,'2022-12-29',2,0,3,0),
(1954,22,1210,5.29,1,1,'2022-12-28',0,2,4,0),
(1955,8,616,4.39,1,1,'2022-12-29',2,2,29,0),
(1956,9,334,5.00,1,1,'2022-12-28',2,0,17,0),
(1957,67,865,5.44,1,1,'2022-12-28',0,2,43,0),
(1958,32,639,5.89,1,1,'2023-01-01',2,0,33,0),
(1959,44,894,4.93,1,1,'2023-01-02',2,2,17,0),
(1960,15,589,5.66,1,1,'2023-01-01',2,2,41,0),
(1961,73,486,4.77,1,1,'2022-12-29',2,2,35,0),
(1962,7,827,5.18,1,1,'2022-12-27',0,2,14,0),
(1963,63,797,6.52,1,1,'2022-12-27',0,0,30,0),
(1964,29,249,4.61,1,1,'2022-12-29',2,2,45,0),
(1965,51,36,5.71,1,1,'2022-12-29',2,0,28,0),
(1966,57,1208,6.08,1,1,'2022-12-29',0,0,38,0),
(1967,87,237,5.97,1,1,'2022-12-31',2,2,32,0),
(1968,6,1067,4.39,1,1,'2023-01-01',0,2,29,0),
(1969,9,1174,5.40,1,1,'2022-12-31',0,0,5,0),
(1970,17,83,6.11,1,1,'2022-12-30',0,0,9,0),
(1971,66,101,5.61,1,1,'2022-12-29',2,2,31,0),
(1972,68,659,7.61,1,1,'2022-12-29',2,0,11,0),
(1973,83,938,4.02,1,1,'2022-12-30',2,0,40,0),
(1974,38,326,5.35,1,1,'2022-12-27',0,0,34,0),
(1975,20,53,4.08,1,1,'2022-12-30',2,2,46,0),
(1976,46,271,4.33,1,1,'2022-12-27',0,0,13,0),
(1977,48,1224,3.80,1,1,'2023-01-01',0,2,10,0),
(1978,35,523,5.79,1,1,'2022-12-28',0,0,19,0),
(1979,68,50,6.79,1,1,'2022-12-29',2,2,23,0),
(1980,71,234,3.78,1,1,'2022-12-27',0,2,7,0),
(1981,71,814,3.27,1,1,'2022-12-31',0,0,7,1),
(1982,88,959,5.97,1,1,'2022-12-30',0,0,41,0),
(1983,15,315,5.83,1,1,'2023-01-02',0,2,20,0),
(1984,40,1138,5.72,1,1,'2023-01-01',0,2,38,0),
(1985,14,1103,4.47,1,1,'2022-12-31',2,2,10,0),
(1986,66,1089,3.92,1,1,'2022-12-27',2,2,13,0),
(1987,82,722,5.85,1,1,'2022-12-28',2,0,46,0),
(1988,16,637,4.91,1,1,'2023-01-01',2,2,16,0),
(1989,69,945,5.45,1,1,'2023-01-02',0,0,41,0),
(1990,55,107,3.18,1,1,'2023-01-01',2,2,37,0),
(1991,9,982,5.24,1,1,'2023-01-01',2,2,8,0),
(1992,48,569,5.96,1,1,'2022-12-30',2,0,40,0),
(1993,70,429,4.20,1,1,'2023-01-02',0,0,10,0),
(1994,69,890,4.36,1,1,'2022-12-30',2,2,43,0),
(1995,61,183,4.99,1,1,'2022-12-31',0,2,16,0),
(1996,40,497,5.07,1,1,'2022-12-28',0,2,39,0),
(1997,61,249,4.62,1,1,'2022-12-31',2,2,44,0),
(1998,67,282,5.13,1,1,'2022-12-30',2,0,37,0),
(1999,42,837,3.28,1,1,'2022-12-30',2,2,8,0),
(2000,56,345,4.33,1,1,'2022-12-30',2,0,39,0),
(2001,8,292,3.89,1,1,'2022-12-28',0,2,31,0),
(2002,17,314,7.76,1,1,'2022-12-27',0,2,9,0),
(2003,14,1200,4.73,1,1,'2022-12-28',0,0,7,0),
(2004,32,428,6.00,1,1,'2023-01-02',0,2,10,0),
(2005,49,895,5.01,1,1,'2022-12-27',0,2,22,0),
(2006,28,169,4.70,1,1,'2022-12-30',2,0,10,0),
(2007,73,724,5.11,1,1,'2022-12-29',2,0,39,0),
(2008,54,409,6.68,1,1,'2022-12-27',2,0,40,0),
(2009,15,1043,7.84,1,1,'2022-12-27',2,0,49,0),
(2010,60,875,5.11,1,1,'2022-12-27',2,0,14,0),
(2011,56,996,5.62,1,1,'2022-12-28',0,0,48,0),
(2012,6,1141,4.30,1,1,'2022-12-28',2,0,9,0),
(2013,39,475,5.11,1,1,'2022-12-27',2,0,43,0),
(2014,33,604,5.87,1,1,'2022-12-30',2,0,32,0),
(2015,50,699,3.29,1,1,'2022-12-27',2,0,45,1),
(2016,42,528,3.94,1,1,'2023-01-01',2,2,13,0),
(2017,29,581,5.63,1,1,'2022-12-27',0,2,11,0),
(2018,42,864,5.06,1,1,'2022-12-29',0,0,47,0),
(2019,20,997,4.88,1,1,'2022-12-28',2,0,36,0),
(2020,57,1155,4.76,1,1,'2022-12-28',2,0,25,0),
(2021,50,1112,4.39,1,1,'2022-12-29',2,0,5,0),
(2022,71,504,5.31,1,1,'2022-12-30',0,0,11,0),
(2023,27,160,4.60,1,1,'2022-12-29',0,2,30,0),
(2024,76,252,4.82,1,1,'2022-12-30',2,0,35,0),
(2025,40,676,5.41,1,1,'2022-12-29',0,0,29,0),
(2026,40,610,4.77,1,1,'2022-12-30',2,2,22,0),
(2027,57,640,5.20,1,1,'2022-12-31',0,0,6,0),
(2028,23,809,5.79,1,1,'2023-01-02',0,2,36,0),
(2029,53,705,5.61,1,1,'2022-12-31',0,0,4,0),
(2030,39,1242,6.15,1,1,'2022-12-30',0,0,42,0),
(2031,67,1038,4.47,1,1,'2022-12-28',2,0,46,0),
(2032,10,930,5.69,1,1,'2022-12-31',2,2,35,0),
(2033,28,169,5.15,1,1,'2022-12-31',0,0,29,0),
(2034,67,140,4.71,1,1,'2022-12-27',2,2,37,0),
(2035,86,144,5.04,1,1,'2022-12-29',0,2,26,0),
(2036,26,86,5.56,1,1,'2022-12-29',2,2,44,0),
(2037,51,816,6.06,1,1,'2023-01-02',2,2,38,0),
(2038,88,865,6.10,1,1,'2023-01-01',0,2,7,0),
(2039,2,363,5.29,1,1,'2022-12-28',2,2,24,0),
(2040,11,116,6.93,1,1,'2022-12-29',0,0,11,0),
(2041,36,1,5.19,1,1,'2023-01-01',2,0,34,0),
(2042,63,1194,3.85,1,1,'2022-12-30',0,0,40,0),
(2043,77,874,3.88,1,1,'2022-12-28',2,0,10,0),
(2044,55,796,3.52,1,1,'2022-12-28',2,0,44,1),
(2045,70,1259,4.70,1,1,'2022-12-27',2,0,15,0),
(2046,55,326,5.17,1,1,'2022-12-30',0,0,3,0),
(2047,55,285,3.74,1,1,'2022-12-27',2,0,13,0),
(2048,46,180,6.58,1,1,'2022-12-29',2,0,13,0),
(2049,52,60,4.48,1,1,'2023-01-02',0,0,43,0),
(2050,77,358,6.97,1,1,'2022-12-30',0,2,21,0),
(2051,27,689,3.88,1,1,'2022-12-28',0,2,8,0),
(2052,20,78,3.39,1,1,'2023-01-02',0,2,16,1),
(2053,9,591,3.84,1,1,'2023-01-01',0,2,48,0),
(2054,65,1169,6.23,1,1,'2023-01-02',2,2,44,0),
(2055,44,327,5.70,1,1,'2022-12-31',2,2,16,0),
(2056,66,1040,5.07,1,1,'2022-12-30',0,0,31,0),
(2057,35,1195,8.15,1,1,'2023-01-01',0,0,6,0),
(2058,50,754,5.78,1,1,'2022-12-29',0,2,40,0),
(2059,30,1099,5.48,1,1,'2023-01-02',2,0,3,0),
(2060,85,162,4.15,1,1,'2022-12-30',0,2,18,0),
(2061,67,888,5.03,1,1,'2023-01-01',0,2,43,0),
(2062,5,1256,4.29,1,1,'2022-12-27',0,0,46,0),
(2063,82,824,5.57,1,1,'2022-12-27',0,0,26,0),
(2064,71,698,3.51,1,1,'2022-12-29',2,0,48,0),
(2065,54,390,5.88,1,1,'2022-12-31',0,0,41,0),
(2066,8,155,5.19,1,1,'2022-12-27',0,2,47,0),
(2067,79,380,4.78,1,1,'2022-12-29',2,2,32,0),
(2068,15,902,4.09,1,1,'2022-12-31',2,0,38,0),
(2069,12,1207,3.27,1,1,'2022-12-27',2,0,14,1),
(2070,72,381,5.08,1,1,'2022-12-31',0,2,4,0),
(2071,74,520,4.87,1,1,'2022-12-29',2,0,33,0),
(2072,55,572,6.30,1,1,'2022-12-29',2,2,20,0),
(2073,17,1189,4.54,1,1,'2023-01-01',2,0,24,0),
(2074,72,1028,4.70,1,1,'2022-12-29',0,0,4,0),
(2075,64,517,4.87,1,1,'2023-01-01',0,0,13,0),
(2076,48,52,6.32,1,1,'2023-01-01',2,2,49,0),
(2077,60,8,5.17,1,1,'2022-12-29',0,0,37,0),
(2078,55,748,5.26,1,1,'2023-01-01',0,0,17,0),
(2079,21,427,4.96,1,1,'2022-12-29',0,2,7,0),
(2080,42,367,5.58,1,1,'2022-12-29',0,0,24,0),
(2081,80,1240,3.80,1,1,'2022-12-27',2,0,12,1),
(2082,33,1137,5.99,1,1,'2022-12-27',0,0,19,0),
(2083,7,17,3.14,1,1,'2022-12-27',2,0,2,0),
(2084,6,172,5.73,1,1,'2022-12-31',2,2,24,0),
(2085,5,547,5.24,1,1,'2022-12-27',2,2,22,0),
(2086,42,519,4.44,1,1,'2022-12-27',2,2,11,0),
(2087,47,857,4.41,1,1,'2023-01-01',0,0,40,0),
(2088,9,1185,6.38,1,1,'2022-12-27',0,0,30,0),
(2089,13,302,4.46,1,1,'2022-12-30',0,2,34,0),
(2090,73,852,4.28,1,1,'2023-01-02',2,2,26,0),
(2091,35,1235,4.11,1,1,'2023-01-02',2,0,36,0),
(2092,42,630,5.78,1,1,'2023-01-01',2,2,20,0),
(2093,55,70,4.14,1,1,'2022-12-31',0,0,40,0),
(2094,70,338,3.18,1,1,'2023-01-01',0,0,11,1),
(2095,48,815,4.69,1,1,'2022-12-28',2,2,24,0),
(2096,77,293,6.04,1,1,'2023-01-01',2,0,6,0),
(2097,67,152,3.74,1,1,'2022-12-27',2,2,12,0),
(2098,67,699,5.86,1,1,'2023-01-01',2,2,43,0),
(2099,88,22,5.82,1,1,'2022-12-30',2,0,14,0),
(2100,35,802,6.14,1,1,'2023-01-01',0,2,1,0),
(2101,37,1004,3.69,1,1,'2022-12-31',0,2,29,1),
(2102,34,1127,5.34,1,1,'2022-12-27',0,2,42,0),
(2103,41,1250,5.34,1,1,'2022-12-28',2,0,22,0),
(2104,5,1172,5.43,1,1,'2022-12-29',2,0,17,0),
(2105,41,1053,3.91,1,1,'2023-01-01',0,2,41,0),
(2106,25,833,6.38,1,1,'2023-01-02',2,0,7,0),
(2107,57,751,5.84,1,1,'2022-12-31',2,2,21,0),
(2108,85,788,5.12,1,1,'2023-01-02',0,0,26,0),
(2109,3,318,3.94,1,1,'2022-12-30',2,0,35,0),
(2110,41,785,3.89,1,1,'2022-12-27',0,0,41,0),
(2111,53,930,5.31,1,1,'2022-12-30',2,2,21,0),
(2112,18,618,4.84,1,1,'2022-12-31',0,0,39,0),
(2113,35,1065,5.15,1,1,'2022-12-29',2,2,47,0),
(2114,28,1204,4.03,1,1,'2022-12-30',0,2,36,0),
(2115,78,553,5.06,1,1,'2022-12-27',0,0,10,0),
(2116,59,669,5.53,1,1,'2023-01-01',0,2,41,0),
(2117,50,799,5.24,1,1,'2022-12-30',2,2,38,0),
(2118,5,482,7.25,1,1,'2022-12-31',0,0,28,0),
(2119,9,233,4.30,1,1,'2023-01-01',2,0,38,0),
(2120,55,486,4.27,1,1,'2023-01-02',2,2,8,0),
(2121,38,14,4.61,1,1,'2022-12-28',0,0,6,0),
(2122,76,78,5.55,1,1,'2022-12-29',2,2,39,0),
(2123,44,347,6.21,1,1,'2022-12-29',0,2,45,0),
(2124,9,534,4.76,1,1,'2023-01-02',0,2,23,0),
(2125,43,991,5.52,1,1,'2023-01-01',2,2,26,0),
(2126,18,421,5.21,1,1,'2023-01-01',0,2,32,0),
(2127,65,372,6.65,1,1,'2022-12-29',2,0,26,0),
(2128,81,155,2.98,1,1,'2022-12-30',0,0,35,0),
(2129,18,81,6.43,1,1,'2022-12-29',2,0,43,0),
(2130,18,717,5.31,1,1,'2022-12-27',2,2,11,0),
(2131,27,313,4.44,1,1,'2022-12-27',2,0,29,0),
(2132,52,678,4.22,1,1,'2022-12-31',2,0,41,0),
(2133,17,489,5.13,1,1,'2022-12-31',2,2,27,0),
(2134,27,447,4.28,1,1,'2022-12-31',0,2,5,0),
(2135,58,1260,4.90,1,1,'2023-01-02',2,0,2,0),
(2136,75,127,4.53,1,1,'2022-12-27',0,2,9,0),
(2137,23,60,4.98,1,1,'2022-12-29',2,0,7,0),
(2138,4,704,6.45,1,1,'2022-12-28',0,2,3,0),
(2139,86,180,5.02,1,1,'2023-01-02',2,0,16,0),
(2140,54,915,5.88,1,1,'2023-01-01',2,0,15,0),
(2141,15,10,7.07,1,1,'2022-12-30',0,2,2,0),
(2142,43,624,4.68,1,1,'2022-12-28',2,0,27,0),
(2143,45,932,5.22,1,1,'2022-12-30',2,0,15,0),
(2144,64,210,4.80,1,1,'2023-01-02',0,2,37,0),
(2145,4,479,3.42,1,1,'2023-01-02',2,2,30,0),
(2146,82,761,3.74,1,1,'2022-12-31',2,2,31,0),
(2147,70,507,4.05,1,1,'2023-01-01',0,0,48,0),
(2148,14,599,5.54,1,1,'2023-01-02',0,2,22,0),
(2149,6,1267,3.67,1,1,'2022-12-29',0,0,24,0),
(2150,17,1150,6.33,1,1,'2022-12-27',2,2,19,0),
(2151,60,674,7.55,1,1,'2023-01-02',2,0,10,0),
(2152,11,1106,4.86,1,1,'2022-12-31',2,2,18,0),
(2153,65,507,5.65,1,1,'2022-12-27',0,2,47,0),
(2154,47,407,6.37,1,1,'2023-01-01',0,2,6,0),
(2155,82,70,4.16,1,1,'2023-01-01',0,2,13,0),
(2156,38,287,5.64,1,1,'2022-12-27',2,2,7,0),
(2157,46,922,6.38,1,1,'2022-12-29',2,0,9,0),
(2158,24,1011,5.15,1,1,'2022-12-30',0,2,33,0),
(2159,76,341,5.12,1,1,'2022-12-29',2,0,31,0),
(2160,39,537,3.50,1,1,'2022-12-31',0,0,35,1),
(2161,11,851,5.29,1,1,'2023-01-02',0,0,30,0),
(2162,53,443,3.68,1,1,'2022-12-27',2,0,23,0),
(2163,46,296,5.51,1,1,'2022-12-28',2,0,46,0),
(2164,33,1093,5.08,1,1,'2022-12-29',0,2,6,0),
(2165,28,316,5.75,1,1,'2022-12-28',2,2,12,0),
(2166,59,229,4.04,1,1,'2022-12-27',2,0,41,0),
(2167,52,560,4.03,1,1,'2022-12-28',0,0,12,0),
(2168,85,125,4.96,1,1,'2022-12-30',0,2,46,0),
(2169,50,595,4.75,1,1,'2022-12-27',0,2,39,0),
(2170,17,136,5.28,1,1,'2022-12-31',0,2,16,0),
(2171,72,466,4.70,1,1,'2023-01-02',2,2,14,0),
(2172,60,458,4.84,1,1,'2022-12-27',2,2,4,0),
(2173,35,4,3.50,1,1,'2022-12-30',2,0,6,1),
(2174,17,5,5.20,1,1,'2022-12-28',2,2,21,0),
(2175,9,1187,5.56,1,1,'2022-12-28',0,2,8,0),
(2176,33,224,4.71,1,1,'2023-01-02',0,0,22,0),
(2177,67,1263,3.57,1,1,'2022-12-27',0,2,16,1),
(2178,28,939,5.24,1,1,'2022-12-28',0,2,44,0),
(2179,71,617,5.95,1,1,'2023-01-02',2,0,36,0),
(2180,42,887,6.66,1,1,'2022-12-27',2,2,23,0),
(2181,56,345,4.35,1,1,'2022-12-30',2,0,2,0),
(2182,88,464,5.95,1,1,'2023-01-01',2,2,35,0),
(2183,39,1230,3.51,1,1,'2023-01-01',2,2,34,0),
(2184,6,432,3.53,1,1,'2022-12-29',0,2,22,0),
(2185,19,574,5.65,1,1,'2022-12-28',0,0,40,0),
(2186,79,187,4.76,1,1,'2022-12-28',0,2,46,0),
(2187,67,1224,3.79,1,1,'2022-12-28',0,0,15,0),
(2188,81,143,5.38,1,1,'2022-12-29',2,0,41,0),
(2189,21,201,2.96,1,1,'2022-12-31',2,0,49,1),
(2190,16,234,4.33,1,1,'2022-12-27',2,0,35,0),
(2191,8,869,5.79,1,1,'2022-12-29',0,0,45,0),
(2192,21,719,3.22,1,1,'2022-12-28',2,0,43,1),
(2193,62,230,5.68,1,1,'2022-12-28',2,0,10,0),
(2194,63,963,3.88,1,1,'2023-01-01',2,2,18,0),
(2195,56,365,4.35,1,1,'2022-12-30',2,0,4,0),
(2196,84,544,3.85,1,1,'2022-12-29',2,2,13,0),
(2197,26,831,4.75,1,1,'2022-12-28',0,0,40,0),
(2198,61,719,5.40,1,1,'2022-12-29',0,0,7,0),
(2199,22,464,3.88,1,1,'2023-01-01',0,2,31,0),
(2200,83,330,6.35,1,1,'2023-01-02',0,2,48,0),
(2201,82,555,5.27,1,1,'2022-12-30',0,2,40,0),
(2202,31,958,4.49,1,1,'2022-12-29',0,0,41,0),
(2203,15,851,5.39,1,1,'2022-12-29',0,0,42,0),
(2204,83,555,4.93,1,1,'2022-12-27',0,0,16,0),
(2205,44,271,4.25,1,1,'2023-01-01',2,0,3,0),
(2206,14,282,7.30,1,1,'2022-12-31',0,0,24,0),
(2207,18,517,4.52,1,1,'2022-12-29',0,2,38,0),
(2208,14,194,5.04,1,1,'2023-01-01',0,0,5,0),
(2209,65,1253,4.82,1,1,'2022-12-27',2,2,21,0),
(2210,76,50,6.03,1,1,'2022-12-27',2,0,13,0),
(2211,6,138,5.09,1,1,'2022-12-30',2,0,44,0),
(2212,85,201,5.54,1,1,'2023-01-02',0,0,40,0),
(2213,37,966,4.65,1,1,'2022-12-30',0,0,17,0),
(2214,63,480,5.28,1,1,'2023-01-02',0,2,29,0),
(2215,12,583,5.17,1,1,'2022-12-27',2,2,19,0),
(2216,74,307,7.91,1,1,'2023-01-01',0,2,2,0),
(2217,38,95,6.21,1,1,'2023-01-01',2,2,11,0),
(2218,8,165,6.01,1,1,'2022-12-30',0,0,25,0),
(2219,6,934,4.75,1,1,'2022-12-27',2,0,36,0),
(2220,41,845,3.67,1,1,'2022-12-31',0,2,45,1),
(2221,28,249,5.48,1,1,'2023-01-02',2,0,3,0),
(2222,41,50,6.27,1,1,'2023-01-02',2,0,19,0),
(2223,27,190,3.93,1,1,'2023-01-01',0,2,29,0),
(2224,52,692,6.65,1,1,'2022-12-31',0,2,46,0),
(2225,72,519,4.92,1,1,'2023-01-01',2,2,39,0),
(2226,48,629,4.09,1,1,'2023-01-02',0,0,7,0),
(2227,3,581,5.87,1,1,'2022-12-28',0,0,30,0),
(2228,88,520,3.69,1,1,'2023-01-01',2,0,40,0),
(2229,31,1179,5.16,1,1,'2023-01-02',0,2,28,0),
(2230,50,657,4.59,1,1,'2022-12-29',0,0,26,0),
(2231,13,1129,4.45,1,1,'2022-12-27',0,2,5,0),
(2232,4,521,6.47,1,1,'2022-12-30',0,0,15,0),
(2233,61,29,3.90,1,1,'2023-01-02',0,2,21,0),
(2234,58,346,4.59,1,1,'2023-01-02',2,0,9,0),
(2235,14,1208,4.51,1,1,'2022-12-30',0,0,18,0),
(2236,54,733,3.82,1,1,'2022-12-31',0,2,43,0),
(2237,7,719,2.64,1,1,'2023-01-02',2,0,43,1),
(2238,2,86,5.36,1,1,'2022-12-30',2,0,27,0),
(2239,80,1121,6.90,1,1,'2023-01-01',0,2,45,0),
(2240,2,293,5.32,1,1,'2022-12-29',2,0,40,0),
(2241,5,1148,6.59,1,1,'2023-01-01',2,0,34,0),
(2242,8,1012,4.31,1,1,'2023-01-02',0,2,33,0),
(2243,26,972,4.87,1,1,'2022-12-27',0,0,27,0),
(2244,40,642,2.53,1,1,'2022-12-28',2,0,10,1),
(2245,73,537,4.94,1,1,'2022-12-28',2,0,19,0),
(2246,69,568,3.95,1,1,'2023-01-01',0,2,25,1),
(2247,38,161,6.30,1,1,'2022-12-27',2,0,13,0),
(2248,41,1261,4.05,1,1,'2022-12-31',2,0,8,0),
(2249,51,569,4.57,1,1,'2022-12-27',2,0,4,0),
(2250,51,1045,4.37,1,1,'2022-12-29',0,2,34,0),
(2251,58,904,5.42,1,1,'2022-12-29',2,2,1,0),
(2252,48,387,5.71,1,1,'2022-12-29',0,2,40,0),
(2253,37,1202,3.72,1,1,'2023-01-02',2,0,11,0),
(2254,25,1,5.82,1,1,'2023-01-01',0,2,23,0),
(2255,40,613,5.55,1,1,'2022-12-30',0,2,31,0),
(2256,18,213,4.97,1,1,'2022-12-28',2,2,28,0),
(2257,17,1073,3.81,1,1,'2022-12-31',2,2,3,0),
(2258,36,662,4.48,1,1,'2023-01-02',2,0,17,0),
(2259,74,744,3.66,1,1,'2022-12-31',0,0,3,1),
(2260,4,1048,4.95,1,1,'2023-01-01',2,2,31,0),
(2261,56,994,5.70,1,1,'2022-12-31',2,0,28,0),
(2262,20,642,3.50,1,1,'2022-12-28',0,2,38,0),
(2263,86,907,5.92,1,1,'2022-12-30',2,2,31,0),
(2264,47,330,4.39,1,1,'2022-12-28',2,2,34,0),
(2265,34,957,3.02,1,1,'2022-12-29',0,2,5,1),
(2266,11,1073,2.84,1,1,'2023-01-01',2,0,2,0),
(2267,84,848,4.60,1,1,'2023-01-02',0,2,11,0),
(2268,22,355,5.42,1,1,'2022-12-30',2,2,34,0),
(2269,82,390,3.10,1,1,'2023-01-02',2,0,31,1),
(2270,7,463,4.30,1,1,'2023-01-02',2,0,17,1),
(2271,72,444,5.73,1,1,'2022-12-31',2,2,43,0),
(2272,20,1088,6.42,1,1,'2022-12-27',0,0,12,0),
(2273,44,836,3.10,1,1,'2022-12-27',0,0,26,0),
(2274,79,1201,7.33,1,1,'2023-01-02',0,2,30,0),
(2275,36,896,5.18,1,1,'2022-12-29',2,2,26,0),
(2276,66,153,4.89,1,1,'2022-12-29',0,2,39,0),
(2277,3,480,3.10,1,1,'2022-12-29',2,0,35,1),
(2278,2,263,4.66,1,1,'2022-12-31',0,2,1,0),
(2279,41,1094,5.83,1,1,'2022-12-30',2,0,7,0),
(2280,51,749,5.04,1,1,'2022-12-27',2,0,46,0),
(2281,50,417,7.23,1,1,'2022-12-27',0,2,39,0),
(2282,23,204,6.01,1,1,'2023-01-01',2,0,8,0),
(2283,73,716,5.48,1,1,'2022-12-30',0,0,47,0),
(2284,38,614,4.64,1,1,'2022-12-27',0,0,45,0),
(2285,21,147,4.37,1,1,'2022-12-27',2,0,12,0),
(2286,63,227,7.54,1,1,'2022-12-30',0,2,23,0),
(2287,45,1060,4.87,1,1,'2023-01-01',2,0,12,0),
(2288,50,419,5.99,1,1,'2022-12-29',0,2,9,0),
(2289,6,64,2.75,1,1,'2022-12-27',0,2,24,0),
(2290,28,283,3.99,1,1,'2023-01-02',0,2,4,0),
(2291,56,939,6.22,1,1,'2022-12-28',2,2,30,0),
(2292,88,1163,5.29,1,1,'2022-12-29',2,0,17,0),
(2293,88,816,4.48,1,1,'2022-12-31',2,2,46,0),
(2294,21,396,4.65,1,1,'2022-12-31',2,0,44,1),
(2295,85,868,5.30,1,1,'2023-01-01',0,2,3,0),
(2296,36,66,4.85,1,1,'2022-12-28',0,2,45,0),
(2297,30,952,5.21,1,1,'2022-12-27',0,0,26,0),
(2298,65,426,5.15,1,1,'2022-12-29',2,2,48,0),
(2299,74,630,6.79,1,1,'2022-12-30',0,0,3,0),
(2300,45,138,3.63,1,1,'2022-12-30',2,0,11,0),
(2301,58,512,3.68,1,1,'2023-01-01',2,0,49,0),
(2302,64,186,6.07,1,1,'2022-12-28',2,0,38,0),
(2303,4,238,4.04,1,1,'2022-12-31',0,0,7,1),
(2304,7,785,4.36,1,1,'2022-12-28',0,2,6,0),
(2305,66,977,4.22,1,1,'2022-12-31',2,0,45,0),
(2306,47,1029,4.79,1,1,'2023-01-01',2,2,3,0),
(2307,38,11,6.05,1,1,'2022-12-30',0,0,47,0),
(2308,51,889,4.34,1,1,'2022-12-29',2,2,39,0),
(2309,73,284,6.60,1,1,'2022-12-30',0,0,7,0),
(2310,77,62,5.73,1,1,'2022-12-31',2,2,33,0),
(2311,20,94,4.15,1,1,'2022-12-30',0,2,7,0),
(2312,39,765,4.25,1,1,'2023-01-02',0,0,5,0),
(2313,17,10,5.12,1,1,'2022-12-28',2,2,45,0),
(2314,26,494,4.69,1,1,'2022-12-31',0,0,35,0),
(2315,37,1259,5.54,1,1,'2022-12-30',2,0,42,0),
(2316,68,1201,4.67,1,1,'2023-01-02',0,0,1,0),
(2317,56,769,3.06,1,1,'2022-12-29',0,2,44,1),
(2318,22,431,3.98,1,1,'2023-01-01',0,0,10,0),
(2319,11,1231,5.00,1,1,'2023-01-01',0,0,14,0),
(2320,75,966,5.35,1,1,'2023-01-02',0,0,20,0),
(2321,37,339,5.55,1,1,'2022-12-31',2,0,8,0),
(2322,49,734,3.82,1,1,'2022-12-29',2,0,9,0),
(2323,67,445,5.79,1,1,'2022-12-27',0,0,2,0),
(2324,51,289,5.32,1,1,'2022-12-29',0,0,37,0),
(2325,9,1042,4.50,1,1,'2022-12-27',0,2,22,0),
(2326,21,307,5.00,1,1,'2022-12-31',0,0,41,1),
(2327,62,445,5.21,1,1,'2022-12-29',2,0,19,0),
(2328,5,616,5.15,1,1,'2022-12-31',0,2,2,0),
(2329,49,446,5.71,1,1,'2022-12-30',2,0,33,0),
(2330,42,933,3.72,1,1,'2022-12-27',2,2,19,0),
(2331,69,579,5.13,1,1,'2022-12-28',2,0,15,0),
(2332,58,1112,6.58,1,1,'2022-12-27',0,0,2,0),
(2333,22,357,6.63,1,1,'2022-12-30',2,2,19,0),
(2334,68,250,4.40,1,1,'2022-12-28',2,2,2,0),
(2335,68,274,3.65,1,1,'2022-12-27',0,2,19,0),
(2336,5,299,5.55,1,1,'2023-01-01',0,0,12,0),
(2337,24,1246,5.79,1,1,'2022-12-29',0,0,29,0),
(2338,65,534,5.84,1,1,'2022-12-29',0,2,1,0),
(2339,11,830,3.89,1,1,'2022-12-27',2,0,46,0),
(2340,61,1183,4.67,1,1,'2022-12-30',0,0,21,0),
(2341,34,620,4.99,1,1,'2022-12-27',2,0,32,0),
(2342,25,107,4.63,1,1,'2022-12-29',2,0,31,0),
(2343,9,38,4.43,1,1,'2022-12-28',0,2,49,0),
(2344,74,264,5.73,1,1,'2023-01-02',0,0,47,0),
(2345,23,509,2.79,1,1,'2022-12-29',2,2,34,1),
(2346,41,537,5.59,1,1,'2022-12-31',0,0,8,0),
(2347,64,379,4.00,1,1,'2022-12-28',2,2,20,1),
(2348,64,827,3.07,1,1,'2022-12-28',0,0,21,1),
(2349,27,118,6.48,1,1,'2022-12-27',0,2,23,0),
(2350,6,1122,3.90,1,1,'2022-12-28',2,2,45,0),
(2351,11,1232,5.84,1,1,'2022-12-30',2,0,28,0),
(2352,72,888,3.85,1,1,'2022-12-30',2,0,42,1),
(2353,67,883,5.90,1,1,'2022-12-29',0,2,17,0),
(2354,72,652,4.59,1,1,'2023-01-02',0,0,46,0),
(2355,12,886,5.79,1,1,'2022-12-30',0,2,6,0),
(2356,82,434,3.12,1,1,'2022-12-28',0,0,46,1),
(2357,69,258,6.28,1,1,'2022-12-28',0,0,23,0),
(2358,26,779,3.93,1,1,'2023-01-01',0,0,24,0),
(2359,42,898,3.42,1,1,'2022-12-28',0,2,22,0),
(2360,16,1239,3.12,1,1,'2023-01-02',0,2,18,0),
(2361,20,323,5.89,1,1,'2022-12-28',0,2,34,0),
(2362,36,1061,6.64,1,1,'2023-01-01',2,2,37,0),
(2363,40,101,4.09,1,1,'2022-12-30',2,2,34,1),
(2364,53,1087,5.83,1,1,'2022-12-27',0,2,21,0),
(2365,6,612,5.82,1,1,'2022-12-30',2,0,22,0),
(2366,47,321,5.08,1,1,'2022-12-30',2,2,34,0),
(2367,16,598,6.19,1,1,'2022-12-27',2,0,22,0),
(2368,43,298,4.21,1,1,'2023-01-02',2,0,24,0),
(2369,71,765,5.91,1,1,'2022-12-31',2,0,28,0),
(2370,41,656,3.25,1,1,'2022-12-27',0,2,20,0),
(2371,89,1215,5.79,1,1,'2022-12-29',2,2,7,0),
(2372,41,23,5.80,1,1,'2023-01-01',2,2,5,0),
(2373,46,981,3.42,1,1,'2022-12-30',2,0,21,0),
(2374,64,424,3.95,1,1,'2023-01-01',2,0,42,0),
(2375,32,104,7.19,1,1,'2022-12-30',2,0,42,0),
(2376,12,672,3.95,1,1,'2022-12-30',2,2,35,1),
(2377,35,1195,5.14,1,1,'2022-12-31',0,2,47,1),
(2378,85,238,6.82,1,1,'2022-12-27',0,0,43,0),
(2379,49,944,3.57,1,1,'2022-12-27',2,0,37,0),
(2380,2,750,3.74,1,1,'2023-01-01',0,0,32,0),
(2381,49,1166,6.70,1,1,'2022-12-30',2,2,27,0),
(2382,53,461,2.27,1,1,'2023-01-02',0,0,34,0),
(2383,66,93,3.85,1,1,'2022-12-29',0,0,48,0),
(2384,57,310,5.07,1,1,'2022-12-27',2,2,37,0),
(2385,2,379,6.07,1,1,'2022-12-31',2,2,33,0),
(2386,88,480,5.73,1,1,'2023-01-01',0,0,27,0),
(2387,27,835,5.33,1,1,'2023-01-02',2,0,3,0),
(2388,2,629,5.25,1,1,'2022-12-29',0,2,24,0),
(2389,66,338,5.15,1,1,'2023-01-01',0,0,31,0),
(2390,86,1130,5.78,1,1,'2022-12-31',2,0,38,0),
(2391,4,743,5.01,1,1,'2022-12-29',2,2,36,0),
(2392,32,937,6.09,1,1,'2022-12-27',2,2,22,0),
(2393,82,452,4.19,1,1,'2022-12-29',2,2,20,0),
(2394,53,652,5.62,1,1,'2022-12-31',2,2,49,0),
(2395,34,295,4.31,1,1,'2022-12-27',0,0,6,0),
(2396,89,611,3.17,1,1,'2023-01-01',0,2,28,0),
(2397,59,663,6.35,1,1,'2022-12-30',2,0,4,0),
(2398,5,578,4.10,1,1,'2022-12-27',2,0,27,0),
(2399,65,1064,4.22,1,1,'2023-01-01',0,0,4,0),
(2400,50,1145,5.44,1,1,'2022-12-27',2,2,41,0);
/*!40000 ALTER TABLE `sales` ENABLE KEYS */;
UNLOCK TABLES;
/*!50003 SET @saved_cs_client      = @@character_set_client */ ;
/*!50003 SET @saved_cs_results     = @@character_set_results */ ;
/*!50003 SET @saved_col_connection = @@collation_connection */ ;
/*!50003 SET character_set_client  = utf8mb3 */ ;
/*!50003 SET character_set_results = utf8mb3 */ ;
/*!50003 SET collation_connection  = utf8mb3_general_ci */ ;
/*!50003 SET @saved_sql_mode       = @@sql_mode */ ;
/*!50003 SET sql_mode              = 'IGNORE_SPACE,STRICT_TRANS_TABLES,ERROR_FOR_DIVISION_BY_ZERO,NO_AUTO_CREATE_USER,NO_ENGINE_SUBSTITUTION' */ ;
DELIMITER ;;
/*!50003 CREATE*/ /*!50017 DEFINER=`sfikas`@`localhost`*/ /*!50003 TRIGGER salesub_score_update BEFORE INSERT ON sales
FOR EACH ROW 
    BEGIN
        DECLARE avgp_prevday FLOAT(4,2);
        DECLARE avgp_lweek FLOAT(4,2);

        SELECT avgprice_yesterday, avgprice_lastweek
        INTO avgp_prevday, avgp_lweek
        FROM products
        USE INDEX (yesterdayavg, lastweekavg)
        WHERE id = NEW.product_id;

        IF (NEW.price < 20*avgp_prevday/100) THEN 
            UPDATE users
            SET monthly_score = monthly_score + 50,
                sum_score = sum_score + 50
            WHERE id = NEW.user_suggested;
            SET NEW.criteria_ok =1;
        ELSEIF (NEW.price < 20*avgp_lweek/100) THEN
            UPDATE users
            SET monthly_score = monthly_score + 20,
                sum_score = sum_score + 20
            WHERE id = NEW.user_suggested;
            SET NEW.criteria_ok =1;
        END IF;

    END */;;
DELIMITER ;
/*!50003 SET sql_mode              = @saved_sql_mode */ ;
/*!50003 SET character_set_client  = @saved_cs_client */ ;
/*!50003 SET character_set_results = @saved_cs_results */ ;
/*!50003 SET collation_connection  = @saved_col_connection */ ;
/*!50003 SET @saved_cs_client      = @@character_set_client */ ;
/*!50003 SET @saved_cs_results     = @@character_set_results */ ;
/*!50003 SET @saved_col_connection = @@collation_connection */ ;
/*!50003 SET character_set_client  = utf8mb3 */ ;
/*!50003 SET character_set_results = utf8mb3 */ ;
/*!50003 SET collation_connection  = utf8mb3_general_ci */ ;
/*!50003 SET @saved_sql_mode       = @@sql_mode */ ;
/*!50003 SET sql_mode              = 'IGNORE_SPACE,STRICT_TRANS_TABLES,ERROR_FOR_DIVISION_BY_ZERO,NO_AUTO_CREATE_USER,NO_ENGINE_SUBSTITUTION' */ ;
DELIMITER ;;
/*!50003 CREATE*/ /*!50017 DEFINER=`sfikas`@`localhost`*/ /*!50003 TRIGGER update_storeSales AFTER INSERT ON sales
FOR EACH ROW
	BEGIN
		UPDATE stores
		SET sale_exists = sale_exists +1
		WHERE id = NEW.store_id; 
	END */;;
DELIMITER ;
/*!50003 SET sql_mode              = @saved_sql_mode */ ;
/*!50003 SET character_set_client  = @saved_cs_client */ ;
/*!50003 SET character_set_results = @saved_cs_results */ ;
/*!50003 SET collation_connection  = @saved_col_connection */ ;

--
-- Table structure for table `stores`
--

DROP TABLE IF EXISTS `stores`;
/*!40101 SET @saved_cs_client     = @@character_set_client */;
/*!40101 SET character_set_client = utf8 */;
CREATE TABLE `stores` (
  `id` smallint(5) unsigned NOT NULL AUTO_INCREMENT,
  `sale_exists` smallint(5) unsigned DEFAULT 0,
  `lat` float(9,7) DEFAULT NULL,
  `lon` float(9,7) DEFAULT NULL,
  `name` varchar(40) DEFAULT NULL,
  PRIMARY KEY (`id`),
  KEY `store_name` (`name`) USING BTREE,
  KEY `store_has_sales` (`sale_exists`) USING BTREE
) ENGINE=InnoDB AUTO_INCREMENT=90 DEFAULT CHARSET=utf8mb4 COLLATE=utf8mb4_general_ci;
/*!40101 SET character_set_client = @saved_cs_client */;

--
-- Dumping data for table `stores`
--

LOCK TABLES `stores` WRITE;
/*!40000 ALTER TABLE `stores` DISABLE KEYS */;
INSERT INTO `stores` VALUES
(1,13,38.2080307,21.7126541,'Lidl'),
(2,30,38.2893105,21.7806568,'The Mart'),
(3,19,38.2633514,21.7434273,'Lidl'),
(4,21,38.2952080,21.7908020,'Σουπερμάρκετ Ανδρικόπουλος'),
(5,32,38.2104378,21.7642078,'Σκλαβενίτης'),
(6,31,38.2355309,21.7622776,'Papakos'),
(7,22,38.2612915,21.7540245,NULL),
(8,34,38.2312927,21.7400818,'Lidl'),
(9,36,38.3013077,21.7814960,'Κρόνος'),
(10,21,38.2949371,21.7903824,NULL),
(11,28,38.2852364,21.7666721,NULL),
(12,21,38.2911110,21.7714539,NULL),
(13,20,38.2913322,21.7666073,NULL),
(14,25,38.2779121,21.7625465,NULL),
(15,38,38.2751617,21.7574024,NULL),
(16,28,38.2756958,21.7629166,NULL),
(17,30,38.2596474,21.7489662,'Σκλαβενίτης'),
(18,30,38.2945023,21.7883129,NULL),
(19,24,38.2126465,21.7568741,NULL),
(20,41,38.2613792,21.7436123,'Ρουμελιώτης SUPER Market'),
(21,32,38.2585220,21.7415829,'Σκλαβενίτης'),
(22,30,38.2991371,21.7854996,NULL),
(23,35,38.2915421,21.7712803,NULL),
(24,22,38.2323875,21.7473259,'My market'),
(25,30,38.2322388,21.7257290,'ΑΒ Βασιλόπουλος'),
(26,35,38.2644958,21.7603626,'Markoulas'),
(27,30,38.2657852,21.7593250,NULL),
(28,32,38.3067551,21.8051338,'Lidl'),
(29,19,38.2399864,21.7363701,'Ανδρικόπουλος'),
(30,20,38.2377129,21.7399006,NULL),
(31,32,38.2364960,21.7373409,'Σκλαβενίτης'),
(32,23,38.2427063,21.7342358,'My Market'),
(33,24,38.2803802,21.7689400,NULL),
(34,20,38.2767372,21.7646313,NULL),
(35,32,38.2568626,21.7396717,'My market'),
(36,26,38.1951981,21.7323284,'Ανδρικόπουλος'),
(37,25,38.2565575,21.7418499,'ΑΒ ΒΑΣΙΛΟΠΟΥΛΟΣ'),
(38,30,38.2450104,21.7365284,NULL),
(39,28,38.2434845,21.7332859,'Σκλαβενίτης'),
(40,31,38.2438240,21.7339554,NULL),
(41,35,38.2524300,21.7414227,NULL),
(42,20,38.2512741,21.7423916,NULL),
(43,26,38.2427979,21.7302551,'Ανδρικόπουλος'),
(44,25,38.2454109,21.7337189,NULL),
(45,30,38.2725792,21.8365002,'Mini Market'),
(46,25,38.2795372,21.7667141,'Carna'),
(47,32,38.3052406,21.7770004,'Mini Market'),
(48,28,38.2425804,21.7296429,'Kronos'),
(49,32,38.2585640,21.7504673,'Φίλιππας'),
(50,28,38.3015022,21.7940998,NULL),
(51,30,38.2498055,21.7363358,'No supermarket'),
(52,27,38.2490845,21.7351284,'Kiosk'),
(53,30,38.2493172,21.7349110,'Kiosk'),
(54,24,38.2489548,21.7344418,'Kiosk'),
(55,27,38.2569885,21.7413063,'Kiosk'),
(56,33,38.2561417,21.7409534,'Kiosk'),
(57,24,38.2523689,21.7400703,NULL),
(58,27,38.2691956,21.7481499,'Ανδρικόπουλος - Supermarket'),
(59,23,38.2690964,21.7497005,'Σκλαβενίτης'),
(60,32,38.2338257,21.7251663,NULL),
(61,31,38.3277397,21.8764229,'Mini Market'),
(62,22,38.2170944,21.7357788,'ΑΒ Βασιλόπουλος'),
(63,25,38.2160263,21.7321205,'Mini Market'),
(64,36,38.3127403,21.8203449,NULL),
(65,20,38.2451859,21.7312412,NULL),
(66,21,38.2504501,21.7396679,'3A'),
(67,31,38.2486305,21.7389774,'Spar'),
(68,29,38.2481537,21.7383232,'ΑΝΔΡΙΚΟΠΟΥΛΟΣ'),
(69,29,38.2429466,21.7308044,'ΑΝΔΡΙΚΟΠΟΥΛΟΣ'),
(70,26,38.2392845,21.7265282,'MyMarket'),
(71,21,38.2653351,21.7575340,NULL),
(72,31,38.2346611,21.7253475,'Ena Cash And Carry'),
(73,22,38.2358017,21.7294922,'ΚΡΟΝΟΣ - (Σκαγιοπουλείου)'),
(74,37,38.2379189,21.7306404,'Ανδρικόπουλος Super Market'),
(75,28,38.2375069,21.7328987,'3Α Αράπης'),
(76,14,38.2361145,21.7337875,'Γαλαξίας'),
(77,28,38.2360115,21.7283115,'Super Market Θεοδωρόπουλος'),
(78,14,38.2390442,21.7340717,'Super Market ΚΡΟΝΟΣ'),
(79,27,38.2642288,21.7396851,NULL),
(80,21,38.2658234,21.7398815,NULL),
(81,25,38.2601814,21.7428703,'Σκλαβενίτης'),
(82,35,38.2586441,21.7460079,'3A ARAPIS'),
(83,20,38.2454681,21.7355061,'Μασούτης'),
(84,26,38.2495689,21.7380295,'ΑΒ Shop & Go'),
(85,34,38.2398796,21.7455559,'3Α ΑΡΑΠΗΣ'),
(86,33,38.2554436,21.7408752,'Περίπτερο'),
(87,23,38.1494217,21.6232204,NULL),
(88,23,38.1477394,21.6206284,NULL),
(89,10,38.1563072,21.6454792,NULL);
/*!40000 ALTER TABLE `stores` ENABLE KEYS */;
UNLOCK TABLES;

--
-- Table structure for table `subcategories`
--

DROP TABLE IF EXISTS `subcategories`;
/*!40101 SET @saved_cs_client     = @@character_set_client */;
/*!40101 SET character_set_client = utf8 */;
CREATE TABLE `subcategories` (
  `id` tinyint(3) unsigned NOT NULL AUTO_INCREMENT,
  `categories_id` tinyint(3) unsigned DEFAULT NULL,
  `name` varchar(80) DEFAULT NULL,
  PRIMARY KEY (`id`),
  KEY `sub_in_categories` (`categories_id`),
  KEY `subcat_name` (`name`) USING BTREE,
  CONSTRAINT `sub_in_categories` FOREIGN KEY (`categories_id`) REFERENCES `categories` (`id`) ON DELETE SET NULL ON UPDATE CASCADE
) ENGINE=InnoDB AUTO_INCREMENT=109 DEFAULT CHARSET=utf8mb4 COLLATE=utf8mb4_general_ci;
/*!40101 SET character_set_client = @saved_cs_client */;

--
-- Dumping data for table `subcategories`
--

LOCK TABLES `subcategories` WRITE;
/*!40000 ALTER TABLE `subcategories` DISABLE KEYS */;
INSERT INTO `subcategories` VALUES
(1,1,'Απορρυπαντικά'),
(2,1,'Πάνες'),
(3,1,'Γάλα'),
(4,1,'Περιποιήση σώματος'),
(5,1,'Σαμπουάν - Αφρόλουτρα'),
(6,1,'Γιαούρτια'),
(7,1,'Μωρομάντηλα'),
(8,1,'Βρεφικές τροφές'),
(9,2,'Είδη γενικού καθαρισμού'),
(10,2,'Χαρτικά'),
(11,2,'Αποσμητικά Χώρου'),
(12,2,'Εντομoκτόνα - Εντομοαπωθητικά'),
(13,2,'Απορρυπαντικά'),
(14,2,'Είδη κουζίνας - Μπάνιου'),
(15,3,'Μπύρες'),
(16,3,'Εμφιαλωμένα νερά'),
(17,3,'Κρασιά'),
(18,3,'Ποτά'),
(19,3,'Χυμοί'),
(20,3,'Αναψυκτικά - Ενεργειακά Ποτά'),
(21,4,'Αποσμητικά'),
(22,4,'Βαμβάκια'),
(23,4,'Βαφές μαλλιών'),
(24,4,'Κρέμες μαλλιών'),
(25,4,'Λοιπά προϊόντα'),
(26,4,'Υγρομάντηλα'),
(27,4,'Ξυριστικά - Αποτριχωτικά'),
(28,4,'Οδοντόβουρτσες'),
(29,4,'Πάνες ενηλίκων'),
(30,4,'Περιποίηση προσώπου'),
(31,4,'Προϊόντα μαλλιών'),
(32,4,'Σαμπουάν - Αφρόλουτρα'),
(33,4,'Κρέμα ημέρας'),
(34,4,'Κρέμα Σώματος'),
(35,4,'Αντρική περιποίηση'),
(36,4,'Επίδεσμοι'),
(37,4,'Κρέμες ενυδάτωσης'),
(38,4,'Κρεμοσάπουνα - Σαπούνι'),
(39,4,'Προφυλακτικά'),
(40,4,'Σερβιέτες'),
(41,4,'Στοματικά διαλύματα'),
(42,4,'Στοματική υγιεινή'),
(43,5,'Αλεύρι - Σιμιγδάλι'),
(44,5,'Αλλαντικά'),
(45,5,'Αυγά'),
(46,5,'Βούτυρο - Μαργαρίνη'),
(47,5,'Γιαούρτια'),
(48,5,'Είδη Ζαχαροπλαστικής'),
(49,5,'Γλυκά/Σοκολάτες'),
(50,5,'Επιδόρπια'),
(51,5,'Έτοιμα γεύματα/Σούπες'),
(52,5,'Ζυμαρικά'),
(53,5,'Γλυκά/Κέικ'),
(54,5,'Κατεψυγμένα/Πίτσες'),
(55,5,'Κατεψυγμένα/Φύλλα - Βάσεις'),
(56,5,'Καφέδες'),
(57,5,'Κονσέρβες'),
(58,5,'Τυποποιημένα κρεατικά'),
(59,5,'Κρέμες γάλακτος'),
(60,5,'Λάδι'),
(61,5,'Όσπρια'),
(62,5,'Παγωτά'),
(63,5,'Καραμέλες - Τσίχλες'),
(64,5,'Ξύδι'),
(65,5,'Κύβοι'),
(66,5,'Πελτές τομάτας'),
(67,5,'Πουρές'),
(68,5,'Ροφήματα'),
(69,5,'Ρύζι'),
(70,5,'Σνάκς/Αρτοσκευάσματα'),
(71,5,'Σνάκς/Γαριδάκια'),
(72,5,'Σνάκς/Κρουασάν'),
(73,5,'Σνάκς/Πατατάκια'),
(74,5,'Σνάκς/Ποπ κορν'),
(75,5,'Τυριά'),
(76,5,'Φούρνος/Τσουρέκια'),
(77,5,'Φούρνος/Ψωμί'),
(78,5,'Χυμός τομάτας'),
(79,5,'Μπαχαρικά'),
(80,5,'Σνάκς/Μπάρες - Ράβδοι'),
(81,5,'Ειδική διατροφή'),
(82,5,'Γάλα'),
(83,5,'Γλυκά αλλείματα'),
(84,5,'Δημητριακά'),
(85,5,'Έτοιμα γεύματα/Σαλάτες'),
(86,5,'Κατεψυγμένα/Πατάτες'),
(87,5,'Κατεψυγμένα/Ψάρια'),
(88,5,'Κατεψυγμένα/Λαχανικά'),
(89,5,'Κατεψυγμένα/Πίτες'),
(90,5,'Σάλτσες - Dressings'),
(91,5,'Σνάκς/Μπισκότα'),
(92,5,'Ζάχαρη - Υποκατάστατα ζάχαρης'),
(93,5,'Φούρνος/Παξιμάδια'),
(94,5,'Φούρνος/Φρυγανίες'),
(95,5,'Κατεψυγμένα/Κρεατικά'),
(96,5,'Φρέσκα/Αφρόψαρο'),
(97,5,'Φρέσκα/Ψάρι'),
(98,5,'Φρέσκα/Κοτόπουλο'),
(99,5,'Φρέσκα/Αρνί'),
(100,5,'Φρέσκα/Κατσίκι'),
(101,5,'Φρέσκα/Χοιρινό'),
(102,5,'Φρέσκα/Μοσχάρι'),
(103,5,'Φρέσκα/Λαχανικά'),
(104,5,'Φρέσκα/Φρούτα'),
(105,6,'Αντισηπτικά'),
(106,7,'Μάσκες Προσώπου'),
(107,8,'Pet shop/Τροφή γάτας'),
(108,8,'Pet shop/Τροφή σκύλου');
/*!40000 ALTER TABLE `subcategories` ENABLE KEYS */;
UNLOCK TABLES;

--
-- Table structure for table `users`
--

DROP TABLE IF EXISTS `users`;
/*!40101 SET @saved_cs_client     = @@character_set_client */;
/*!40101 SET character_set_client = utf8 */;
CREATE TABLE `users` (
  `id` int(10) unsigned NOT NULL AUTO_INCREMENT,
  `username` varchar(25) NOT NULL,
  `passwd` varchar(250) NOT NULL,
  `email` varchar(40) NOT NULL,
  `sum_score` int(11) NOT NULL DEFAULT 0,
  `sum_tokens` int(11) NOT NULL DEFAULT 0,
  `monthly_score` int(11) NOT NULL DEFAULT 0,
  `monthly_tokens` int(11) NOT NULL DEFAULT 0,
  PRIMARY KEY (`id`),
  UNIQUE KEY `email` (`email`),
  UNIQUE KEY `username` (`username`),
  KEY `us_score` (`sum_score`) USING BTREE
) ENGINE=InnoDB AUTO_INCREMENT=51 DEFAULT CHARSET=utf8mb4 COLLATE=utf8mb4_general_ci;
/*!40101 SET character_set_client = @saved_cs_client */;

--
-- Dumping data for table `users`
--

LOCK TABLES `users` WRITE;
/*!40000 ALTER TABLE `users` DISABLE KEYS */;
INSERT INTO `users` VALUES
(1,'Yen','1','yen.yen@outlook.com',167,0,167,0),
(2,'Uriel','2','uriel.uriel@outlook.com',226,0,226,0),
(3,'Nita','3','nita.nita@outlook.com',310,0,310,0),
(4,'Hedy','YKV51VEC5ED','vel.turpis@outlook.com',178,0,178,0),
(5,'Xander','TIU46EGF3XQ','costis.mauris.id@google.edu',383,0,383,0),
(6,'Noelani','UJK25IVX4XE','lectus.cum@google.edu',199,0,199,0),
(7,'Eagan','FPW23GKF2KE','nulla.tempor@google.com',224,0,224,0),
(8,'Clare','DBW00YZY7UN','sed.malesuada@google.edu',457,0,457,0),
(9,'Jena','VVJ54RTD8HM','eu.metus@yahoo.edu',371,0,371,0),
(10,'Ira','IWU95CQT7BG','semper.et@google.com',557,0,557,0),
(11,'Reuben','KHP38LAY7SC','nunc@yahoo.com',228,0,228,0),
(12,'Amy','VGA29PIS3MI','nec.cursus@google.edu',515,0,515,0),
(13,'Thaddeus','HCS67EEK3KE','vitae.posuere@outlook.com',299,0,299,0),
(14,'Sebastian','ADY41PQK9MH','etiam.imperdiet@google.edu',361,0,361,0),
(15,'Rana','UWN53VWL8GB','nisl@google.com',409,0,409,0),
(16,'Caryn','FTP78IMD5VD','non.vestibulum@outlook.edu',411,0,411,0),
(17,'Imelda','PXN91NWC4SH','fusce@yahoo.com',296,0,296,0),
(18,'Jolene','SBY51XGM3UY','eu.dolor@yahoo.edu',324,0,324,0),
(19,'Tobias','LFA06BQF0MU','lectus.sit@outlook.com',308,0,308,0),
(20,'Cedric','YKE27GSS1PP','et.malesuada@google.com',644,0,644,0),
(21,'Kenneth','TMX22TPN3KH','magna.lorem@google.com',517,0,517,0),
(22,'Nissimy','FYJ37QNE1MH','erat.volutpat.nulla@google.edu',344,0,344,0),
(23,'Nolan','REJ35TVA3DT','dictum.ultricies@yahoo.edu',430,0,430,0),
(24,'Montana','PDT33SSP7XN','fusce.mollis.duis@outlook.com',97,0,97,0),
(25,'Mona','YGV03GII6JR','velit@yahoo.com',194,0,194,0),
(26,'Nissim','CEW59HDR8OL','non.luctus.sit@yahoo.com',307,0,307,0),
(27,'Nicole','SEJ35NAM2EH','facilisi@google.com',440,0,440,0),
(28,'Clementine','BYF68BCB4CU','magna.nec.quam@yahoo.edu',231,0,231,0),
(29,'Beverly','KEF87LCL1YL','erat@yahoo.com',314,0,314,0),
(30,'Erasmus','FXO54YHB2XK','lorem.ipsum.sodales@yahoo.edu',382,0,382,0),
(31,'Anne','SGU43AXG5XP','nunc@google.edu',411,0,411,0),
(32,'Travis','EWZ41EXF1SM','dui.in@yahoo.com',369,0,369,0),
(33,'Branden','RXX24JYL1SM','lorem.tristique.aliquet@outlook.com',499,0,499,0),
(34,'Paul','HWZ62SGO3SU','dolor.vitae.dolor@google.edu',339,0,339,0),
(35,'Kibo','FSD75AQL9JY','rutrum.urna.nec@yahoo.edu',241,0,241,0),
(36,'Alexander','UYY16SNN9CK','proin.nisl@outlook.com',303,0,303,0),
(37,'Jorden','TQW64MFS5FG','in.molestie.tortor@outlook.com',337,0,337,0),
(38,'Christian','RNS31MFI8NC','sed.consequat@outlook.com',505,0,505,0),
(39,'Erich','WBC49IHS0JU','blandit.viverra.donec@yahoo.com',570,0,570,0),
(40,'Neil','GIA12NRQ3CM','magna.praesent.interdum@outlook.com',335,0,335,0),
(41,'Julie','CLW28UWN4YE','urna.justo.faucibus@google.edu',270,0,270,0),
(42,'Carolyn','BUS77IRV5UC','odio.vel@yahoo.com',420,0,420,0),
(43,'Darrel','LLE26VLZ4VE','mattis.semper@google.edu',208,0,208,0),
(44,'Aristotle','BFE03BFO2MS','vestibulum@yahoo.com',248,0,248,0),
(45,'Arthur','JQD23KGM1SE','eros@outlook.com',355,0,355,0),
(46,'Connor','HJL64BMZ3IP','nascetur@google.edu',179,0,179,0),
(47,'Karen','FJF72MZY3XG','est.tempor@outlook.com',495,0,495,0),
(48,'Seby','XPV45MKP6EG','fames@outlook.edu',369,0,369,0),
(49,'Sybil','CIW58YCL1CV','auctor.odio@yahoo.com',185,0,185,0),
(50,'Wallace','XHM15VDE3UW','quam.vel@google.com',163,0,163,0);
/*!40000 ALTER TABLE `users` ENABLE KEYS */;
UNLOCK TABLES;
/*!40103 SET TIME_ZONE=@OLD_TIME_ZONE */;

/*!40101 SET SQL_MODE=@OLD_SQL_MODE */;
/*!40014 SET FOREIGN_KEY_CHECKS=@OLD_FOREIGN_KEY_CHECKS */;
/*!40014 SET UNIQUE_CHECKS=@OLD_UNIQUE_CHECKS */;
/*!40101 SET CHARACTER_SET_CLIENT=@OLD_CHARACTER_SET_CLIENT */;
/*!40101 SET CHARACTER_SET_RESULTS=@OLD_CHARACTER_SET_RESULTS */;
/*!40101 SET COLLATION_CONNECTION=@OLD_COLLATION_CONNECTION */;
/*!40111 SET SQL_NOTES=@OLD_SQL_NOTES */;

-- Dump completed on 2023-07-11 22:39:25
